{"type":"FeatureCollection","attribution":"District boundaries: geoBoundaries (gbOpen LKA ADM2), © OpenStreetMap contributors, ODbL","source":"https://github.com/wmgeolab/geoBoundaries/raw/9469f09/releaseData/gbOpen/LKA/ADM2/geoBoundaries-LKA-ADM2-all.zip","features":[{"type":"Feature","properties":{"slug":"jaffna","name":"Jaffna","district_id":10,"iso":"LK-41"},"geometry":{"type":"MultiPolygon","coordinates":[[[[79.7152,9.52947],[79.7137,9.52935],[79.71345,9.52908],[79.71279,9.52901],[79.71229,9.52891],[79.71114,9.52888],[79.71012,9.52887],[79.70888,9.5289],[79.70817,9.5289],[79.70744,9.52885],[79.7042,9.52876],[79.70219,9.52877],[79.70011,9.52885],[79.69857,9.52906],[79.69781,9.52924],[79.69705,9.52947],[79.69578,9.53001],[79.69476,9.53048],[79.69423,9.53085],[79.69391,9.5311],[79.69394,9.53138],[79.69393,9.53158],[79.69419,9.53198],[79.69415,9.53202],[79.69394,9.53176],[79.69376,9.53145],[79.69363,9.53113],[79.6933,9.53098],[79.69278,9.53107],[79.69224,9.53136],[79.69195,9.53161],[79.69177,9.53181],[79.69163,9.5319],[79.6916,9.53213],[79.69164,9.53246],[79.69162,9.53308],[79.69139,9.53357],[79.69158,9.53373],[79.69127,9.53386],[79.69084,9.53416],[79.69062,9.5345],[79.69038,9.53453],[79.68977,9.5341],[79.68919,9.53424],[79.68853,9.53461],[79.68799,9.53505],[79.68742,9.53538],[79.68717,9.53589],[79.68727,9.53619],[79.68734,9.53645],[79.68754,9.537],[79.68736,9.53725],[79.6872,9.53733],[79.68713,9.53712],[79.6869,9.53654],[79.68666,9.53638],[79.68631,9.53631],[79.68599,9.53632],[79.68563,9.53642],[79.68546,9.5363],[79.68494,9.53642],[79.68471,9.53664],[79.6846,9.53697],[79.6844,9.53729],[79.68408,9.53802],[79.68412,9.53825],[79.68426,9.53846],[79.68413,9.5386],[79.6841,9.53926],[79.68381,9.53943],[79.68367,9.53931],[79.68371,9.53913],[79.68362,9.53897],[79.68325,9.53876],[79.68311,9.53872],[79.68286,9.53867],[79.6827,9.53878],[79.68259,9.53867],[79.68241,9.5387],[79.68226,9.53882],[79.68222,9.53894],[79.68201,9.53898],[79.68199,9.53919],[79.68183,9.53926],[79.6818,9.53943],[79.68187,9.53973],[79.68173,9.53978],[79.68159,9.53964],[79.68137,9.5396],[79.6811,9.53964],[79.6809,9.53956],[79.68066,9.53958],[79.6803,9.53978],[79.68,9.54011],[79.67986,9.54023],[79.67981,9.54046],[79.67995,9.54063],[79.67982,9.54089],[79.68008,9.54141],[79.68019,9.54209],[79.68012,9.54216],[79.67987,9.54204],[79.67954,9.54211],[79.67939,9.54183],[79.67924,9.54177],[79.67871,9.54194],[79.67827,9.5422],[79.67833,9.5426],[79.67824,9.54279],[79.67831,9.54298],[79.67809,9.543],[79.67791,9.54306],[79.67757,9.54323],[79.67713,9.54363],[79.67701,9.54383],[79.67703,9.54413],[79.67702,9.54435],[79.67707,9.54462],[79.67684,9.54497],[79.67621,9.54568],[79.67599,9.54613],[79.67594,9.5463],[79.67576,9.54662],[79.67555,9.54682],[79.67456,9.54791],[79.67436,9.54816],[79.6743,9.54854],[79.67386,9.549],[79.67354,9.54939],[79.67353,9.54973],[79.67337,9.54979],[79.67308,9.55012],[79.67313,9.55034],[79.67266,9.55046],[79.67246,9.55061],[79.67235,9.55074],[79.67214,9.55083],[79.67227,9.5511],[79.67217,9.55126],[79.67223,9.55144],[79.67241,9.55167],[79.67253,9.55225],[79.67232,9.55275],[79.67152,9.55324],[79.67122,9.55359],[79.67089,9.55374],[79.67048,9.55399],[79.67031,9.55395],[79.67013,9.55381],[79.66983,9.55374],[79.66969,9.55361],[79.66942,9.55367],[79.6686,9.55306],[79.66804,9.5529],[79.66775,9.55309],[79.66747,9.55297],[79.66705,9.55302],[79.66656,9.55301],[79.66632,9.55314],[79.66614,9.55335],[79.66563,9.5535],[79.66539,9.55354],[79.66509,9.55377],[79.66505,9.55405],[79.66469,9.55376],[79.66426,9.5537],[79.66389,9.55378],[79.66363,9.55352],[79.66372,9.55312],[79.66381,9.55255],[79.6637,9.55243],[79.66358,9.55253],[79.66351,9.55291],[79.66325,9.55312],[79.66279,9.55351],[79.66264,9.55357],[79.66248,9.55375],[79.66244,9.55391],[79.66214,9.55393],[79.66181,9.5539],[79.66132,9.55415],[79.66123,9.55436],[79.66128,9.55451],[79.66129,9.55478],[79.66114,9.55496],[79.66089,9.5551],[79.66076,9.55546],[79.66052,9.55569],[79.66023,9.55573],[79.65996,9.5559],[79.65963,9.55609],[79.65933,9.5559],[79.65917,9.5556],[79.65891,9.55538],[79.65835,9.55527],[79.65771,9.55501],[79.65734,9.55483],[79.65726,9.55445],[79.65707,9.55425],[79.65682,9.55416],[79.65589,9.55376],[79.65581,9.55365],[79.65609,9.55348],[79.65623,9.5531],[79.65641,9.55252],[79.65651,9.5523],[79.65697,9.55202],[79.6569,9.55176],[79.65657,9.55145],[79.65648,9.55122],[79.6561,9.55078],[79.65584,9.55076],[79.65565,9.55075],[79.65552,9.55063],[79.65549,9.5505],[79.65546,9.55026],[79.65529,9.55004],[79.65491,9.5501],[79.65464,9.5503],[79.65445,9.55067],[79.65427,9.55098],[79.65399,9.55129],[79.6539,9.55115],[79.65375,9.55088],[79.65344,9.55062],[79.65316,9.55028],[79.65267,9.55],[79.65212,9.54964],[79.65184,9.54916],[79.65149,9.54881],[79.65102,9.54726],[79.65085,9.54645],[79.65077,9.54519],[79.65077,9.54421],[79.65074,9.5432],[79.65072,9.54164],[79.65064,9.54131],[79.65071,9.54063],[79.65069,9.53985],[79.6509,9.53883],[79.65122,9.5377],[79.65129,9.53733],[79.65147,9.53663],[79.65147,9.53602],[79.65139,9.53555],[79.6513,9.53526],[79.65144,9.53516],[79.65148,9.53475],[79.6514,9.53417],[79.65173,9.53292],[79.6517,9.53245],[79.6516,9.53224],[79.65162,9.53164],[79.65195,9.53133],[79.65225,9.53057],[79.65237,9.52987],[79.65216,9.52939],[79.65188,9.52932],[79.65175,9.52899],[79.65189,9.52882],[79.65221,9.52839],[79.65225,9.52806],[79.65223,9.52774],[79.65213,9.52751],[79.65214,9.52717],[79.65215,9.52693],[79.65209,9.52667],[79.65221,9.52647],[79.6522,9.5263],[79.65207,9.52618],[79.65206,9.52597],[79.65214,9.5258],[79.65242,9.52545],[79.65247,9.52484],[79.65242,9.52451],[79.65243,9.52401],[79.65254,9.52335],[79.65237,9.5232],[79.65229,9.5228],[79.65248,9.52185],[79.65295,9.5214],[79.65323,9.52147],[79.65358,9.5213],[79.65381,9.52108],[79.65386,9.52061],[79.65375,9.51986],[79.65376,9.51901],[79.65374,9.51838],[79.65365,9.51763],[79.65371,9.51741],[79.6538,9.51728],[79.65361,9.51661],[79.65367,9.51638],[79.65382,9.51631],[79.65394,9.516],[79.65421,9.5157],[79.65443,9.51534],[79.65472,9.51494],[79.65478,9.51456],[79.65474,9.51437],[79.65464,9.51421],[79.6545,9.51427],[79.65443,9.5142],[79.65441,9.51398],[79.65451,9.51386],[79.6549,9.51363],[79.65539,9.51292],[79.65538,9.51276],[79.6556,9.51253],[79.6557,9.51222],[79.65568,9.51188],[79.65555,9.51172],[79.65548,9.51143],[79.65548,9.5107],[79.65565,9.50959],[79.65569,9.50941],[79.65565,9.50919],[79.65558,9.50881],[79.6556,9.50849],[79.65554,9.50813],[79.65562,9.50779],[79.65558,9.50739],[79.65552,9.50685],[79.65534,9.50658],[79.65509,9.50645],[79.65483,9.50628],[79.65466,9.50605],[79.65496,9.5051],[79.6553,9.50491],[79.65546,9.50471],[79.65577,9.50471],[79.65596,9.50459],[79.65681,9.50398],[79.65749,9.50333],[79.65768,9.50251],[79.65815,9.50212],[79.6584,9.50185],[79.65894,9.50182],[79.65923,9.50171],[79.65929,9.50143],[79.65942,9.50154],[79.65959,9.50156],[79.66001,9.50135],[79.66011,9.50113],[79.66049,9.5008],[79.66074,9.50082],[79.66094,9.50073],[79.66108,9.50066],[79.66123,9.50055],[79.66127,9.50024],[79.6614,9.50008],[79.66136,9.49998],[79.66147,9.49991],[79.66149,9.49977],[79.66183,9.49974],[79.66213,9.49979],[79.66241,9.49977],[79.66259,9.4997],[79.66268,9.49957],[79.66292,9.49958],[79.66311,9.49953],[79.66324,9.49947],[79.66334,9.49929],[79.66371,9.49925],[79.66404,9.49907],[79.6641,9.49888],[79.66445,9.49874],[79.66482,9.4985],[79.665,9.49832],[79.66527,9.49829],[79.66568,9.49809],[79.66603,9.49791],[79.66631,9.49767],[79.66662,9.4974],[79.66675,9.49722],[79.66782,9.49663],[79.66918,9.49618],[79.67049,9.49555],[79.67098,9.49525],[79.67189,9.49457],[79.67277,9.49384],[79.67307,9.49373],[79.67352,9.49356],[79.67383,9.49339],[79.67435,9.49315],[79.67455,9.49303],[79.67465,9.49288],[79.67548,9.49211],[79.67618,9.49176],[79.67665,9.49164],[79.67704,9.49144],[79.67814,9.49098],[79.67945,9.49025],[79.6807,9.48941],[79.68118,9.48905],[79.68148,9.48884],[79.68158,9.48871],[79.68187,9.48845],[79.68219,9.48825],[79.68235,9.48818],[79.68247,9.48795],[79.68304,9.48747],[79.68382,9.48706],[79.68398,9.48709],[79.68417,9.48701],[79.68434,9.48699],[79.68425,9.48675],[79.68439,9.48661],[79.6845,9.48665],[79.68465,9.48658],[79.68521,9.48635],[79.68531,9.48622],[79.68533,9.48601],[79.68562,9.48586],[79.68588,9.4857],[79.68612,9.48562],[79.68637,9.48549],[79.68648,9.48523],[79.68662,9.48512],[79.68724,9.48504],[79.68823,9.48463],[79.68923,9.4842],[79.68985,9.48388],[79.69001,9.48356],[79.69042,9.48333],[79.69141,9.48291],[79.69158,9.48293],[79.69169,9.48286],[79.6918,9.48276],[79.69179,9.48256],[79.69202,9.48239],[79.69278,9.48218],[79.69434,9.48156],[79.69441,9.48153],[79.69461,9.48159],[79.69477,9.48151],[79.6948,9.48126],[79.69552,9.48087],[79.69563,9.48092],[79.69589,9.48077],[79.69582,9.48066],[79.696,9.48051],[79.69679,9.48032],[79.69833,9.47967],[79.69867,9.47972],[79.69911,9.47959],[79.70007,9.47917],[79.7007,9.47887],[79.70104,9.47881],[79.70195,9.47852],[79.70286,9.47814],[79.70315,9.47793],[79.70324,9.4776],[79.70337,9.47745],[79.70357,9.47772],[79.70372,9.47782],[79.70384,9.4773],[79.7044,9.47708],[79.70455,9.47687],[79.70452,9.47665],[79.70446,9.47627],[79.7045,9.4759],[79.70458,9.47582],[79.70523,9.47623],[79.70571,9.4764],[79.70625,9.47638],[79.70736,9.47606],[79.70851,9.47584],[79.70889,9.47564],[79.70907,9.47548],[79.70917,9.47513],[79.70927,9.475],[79.70933,9.47509],[79.70944,9.4754],[79.70959,9.47573],[79.71,9.47592],[79.7103,9.47595],[79.71028,9.47609],[79.71034,9.47618],[79.71046,9.47623],[79.71058,9.47623],[79.71076,9.4763],[79.71101,9.47621],[79.71112,9.47635],[79.71127,9.47637],[79.71135,9.47632],[79.71204,9.47617],[79.7124,9.4761],[79.71258,9.47603],[79.71278,9.47583],[79.71377,9.47575],[79.71436,9.47563],[79.71466,9.47552],[79.71513,9.47541],[79.71596,9.47525],[79.71716,9.47524],[79.71757,9.47526],[79.71812,9.47522],[79.71828,9.47524],[79.71844,9.47519],[79.71885,9.4751],[79.71928,9.4749],[79.71961,9.47485],[79.72003,9.47473],[79.72006,9.47441],[79.7201,9.47441],[79.72011,9.47473],[79.72068,9.47498],[79.72175,9.47537],[79.72307,9.47621],[79.72353,9.47653],[79.72421,9.47726],[79.72524,9.47845],[79.72602,9.47939],[79.72762,9.48078],[79.72857,9.48208],[79.72918,9.48262],[79.72927,9.48284],[79.72936,9.48303],[79.72946,9.4832],[79.72963,9.48353],[79.7298,9.48403],[79.72987,9.48444],[79.72988,9.48459],[79.72992,9.4848],[79.72998,9.48513],[79.73027,9.48606],[79.73041,9.48661],[79.73073,9.4873],[79.73077,9.4877],[79.73089,9.48808],[79.73107,9.48861],[79.73107,9.48872],[79.73112,9.48885],[79.73114,9.48899],[79.73119,9.48911],[79.73125,9.48935],[79.73128,9.48983],[79.73128,9.49002],[79.73132,9.49016],[79.73136,9.49048],[79.7314,9.49115],[79.73152,9.49168],[79.73161,9.49216],[79.73158,9.49227],[79.73145,9.4927],[79.7313,9.49309],[79.73107,9.49351],[79.73098,9.49405],[79.73077,9.49443],[79.73055,9.49483],[79.73047,9.49513],[79.73035,9.4954],[79.73019,9.49562],[79.73006,9.49586],[79.72999,9.49617],[79.73,9.49632],[79.72997,9.49646],[79.72977,9.49681],[79.7296,9.49729],[79.72954,9.49757],[79.72954,9.4978],[79.72944,9.49837],[79.72946,9.49893],[79.72946,9.49942],[79.72951,9.49989],[79.72948,9.50042],[79.72949,9.50095],[79.72941,9.5014],[79.72944,9.50183],[79.72933,9.50249],[79.72916,9.50348],[79.72912,9.50395],[79.72909,9.50445],[79.72902,9.50465],[79.72896,9.50489],[79.72882,9.50538],[79.72851,9.50641],[79.72837,9.5066],[79.72829,9.50673],[79.72823,9.50681],[79.72817,9.50685],[79.72803,9.50701],[79.72791,9.50719],[79.72778,9.50755],[79.72768,9.50795],[79.72767,9.50805],[79.72765,9.50814],[79.72761,9.50822],[79.72756,9.50826],[79.72742,9.50844],[79.7273,9.50869],[79.72711,9.509],[79.72692,9.50929],[79.72672,9.5096],[79.72657,9.50991],[79.72647,9.51026],[79.72644,9.51054],[79.72642,9.51084],[79.72633,9.51097],[79.72627,9.51113],[79.72622,9.5113],[79.7262,9.5115],[79.72622,9.51178],[79.72625,9.51196],[79.72624,9.51221],[79.72627,9.51239],[79.72631,9.51261],[79.72633,9.5128],[79.72632,9.51296],[79.72633,9.51313],[79.72624,9.51336],[79.7262,9.5135],[79.72621,9.5136],[79.72618,9.51373],[79.72618,9.51386],[79.72624,9.51405],[79.72633,9.51414],[79.72634,9.51422],[79.72638,9.51428],[79.72641,9.51432],[79.72636,9.5145],[79.72635,9.51474],[79.72644,9.51517],[79.7264,9.51539],[79.72632,9.51552],[79.72627,9.51578],[79.72624,9.51598],[79.72611,9.51631],[79.726,9.51664],[79.72601,9.51675],[79.72604,9.51686],[79.72602,9.51702],[79.72605,9.51721],[79.72607,9.51726],[79.72606,9.5174],[79.726,9.51752],[79.72591,9.51775],[79.72596,9.51792],[79.72604,9.51807],[79.72612,9.51838],[79.72608,9.51859],[79.72602,9.51878],[79.72595,9.51912],[79.72587,9.51934],[79.72584,9.51947],[79.72583,9.5197],[79.7258,9.51992],[79.72578,9.52001],[79.72583,9.52016],[79.72583,9.52027],[79.72584,9.52032],[79.72589,9.52038],[79.72591,9.52059],[79.72583,9.52074],[79.72572,9.52105],[79.72569,9.52134],[79.7257,9.52162],[79.72576,9.52221],[79.72573,9.52233],[79.72568,9.52263],[79.72568,9.52278],[79.72568,9.52318],[79.72555,9.52346],[79.72539,9.52394],[79.72524,9.52426],[79.72507,9.52456],[79.72494,9.5249],[79.72478,9.52522],[79.72466,9.52548],[79.72453,9.52578],[79.72441,9.52603],[79.72419,9.52632],[79.72399,9.52646],[79.72383,9.52667],[79.72384,9.52687],[79.72374,9.52704],[79.72344,9.52725],[79.72313,9.52709],[79.72277,9.52714],[79.72237,9.52709],[79.72204,9.52703],[79.72192,9.52708],[79.72153,9.52718],[79.72138,9.52734],[79.72126,9.52753],[79.72105,9.52778],[79.72093,9.528],[79.72083,9.52817],[79.72081,9.52834],[79.72074,9.52845],[79.72053,9.52863],[79.72012,9.52871],[79.71983,9.52883],[79.71925,9.5289],[79.719,9.52894],[79.71876,9.52891],[79.71855,9.52891],[79.71852,9.52901],[79.71845,9.52911],[79.71833,9.5291],[79.71832,9.52919],[79.71828,9.52919],[79.71824,9.529],[79.71834,9.5289],[79.71825,9.52874],[79.71811,9.52859],[79.71794,9.52852],[79.71781,9.52835],[79.71767,9.52821],[79.71763,9.528],[79.71754,9.52794],[79.71738,9.52792],[79.71722,9.52796],[79.71694,9.52811],[79.71686,9.52824],[79.7168,9.52828],[79.71649,9.52797],[79.71639,9.528],[79.71605,9.5281],[79.71565,9.52825],[79.71534,9.5285],[79.71528,9.52867],[79.71525,9.52884],[79.71528,9.52907],[79.71551,9.52911],[79.71574,9.52919],[79.71604,9.52924],[79.71691,9.52909],[79.71745,9.52897],[79.71754,9.52902],[79.71764,9.52912],[79.7152,9.52947]]],[[[79.78272,9.68729],[79.78232,9.68716],[79.78195,9.68691],[79.78068,9.68611],[79.78017,9.68561],[79.77907,9.68497],[79.77806,9.68407],[79.77778,9.6836],[79.77765,9.6832],[79.77729,9.68256],[79.77653,9.68175],[79.77653,9.6811],[79.77631,9.68076],[79.7763,9.68034],[79.77618,9.68001],[79.77554,9.67956],[79.775,9.67906],[79.77424,9.67835],[79.77346,9.67792],[79.77231,9.67681],[79.77107,9.67511],[79.77075,9.67457],[79.77015,9.67351],[79.77015,9.67313],[79.76997,9.67294],[79.76965,9.67242],[79.76965,9.67219],[79.76962,9.67202],[79.76951,9.67187],[79.76927,9.67167],[79.76914,9.67136],[79.76891,9.67109],[79.76885,9.6709],[79.76889,9.6708],[79.76886,9.67064],[79.76877,9.67052],[79.76868,9.67044],[79.76861,9.67032],[79.7685,9.67027],[79.7685,9.66992],[79.76847,9.66981],[79.76836,9.66975],[79.76804,9.66918],[79.76798,9.66894],[79.76796,9.66863],[79.76777,9.66809],[79.76744,9.66746],[79.76732,9.66711],[79.7671,9.66675],[79.76692,9.66639],[79.76668,9.66615],[79.76658,9.66554],[79.76619,9.66502],[79.76564,9.6637],[79.76537,9.66295],[79.765,9.66242],[79.7641,9.6605],[79.76407,9.65944],[79.76373,9.65876],[79.76356,9.65776],[79.76357,9.65722],[79.76389,9.65534],[79.7642,9.65459],[79.76463,9.65385],[79.76489,9.65348],[79.76522,9.65311],[79.76548,9.65306],[79.7656,9.65292],[79.76572,9.65291],[79.76582,9.65284],[79.76608,9.65269],[79.76632,9.65264],[79.76645,9.65254],[79.76659,9.6525],[79.76674,9.65242],[79.76709,9.65246],[79.76734,9.65244],[79.76766,9.65244],[79.76799,9.65241],[79.76836,9.65195],[79.76885,9.65147],[79.76932,9.65122],[79.76979,9.65106],[79.77047,9.65113],[79.77082,9.65105],[79.77111,9.65084],[79.77125,9.6509],[79.7715,9.65091],[79.77198,9.65122],[79.77238,9.65161],[79.77257,9.65161],[79.77272,9.65174],[79.7728,9.65208],[79.77328,9.65236],[79.77348,9.65222],[79.77355,9.65227],[79.77341,9.65268],[79.77361,9.65306],[79.77412,9.65372],[79.7747,9.65434],[79.77511,9.65463],[79.77568,9.65488],[79.77634,9.65542],[79.77711,9.65547],[79.77786,9.65561],[79.7785,9.65577],[79.77914,9.65595],[79.77994,9.65544],[79.78001,9.65549],[79.77918,9.65611],[79.77922,9.65625],[79.77929,9.65654],[79.77935,9.65668],[79.77936,9.65679],[79.77907,9.65749],[79.77916,9.65791],[79.77929,9.65808],[79.7794,9.65829],[79.7796,9.65857],[79.77967,9.65876],[79.77984,9.65885],[79.77999,9.65913],[79.78023,9.65936],[79.78043,9.65951],[79.78075,9.65975],[79.78079,9.65993],[79.78087,9.66004],[79.78116,9.66042],[79.78117,9.66059],[79.78121,9.66072],[79.78131,9.66082],[79.78148,9.66093],[79.78151,9.66114],[79.78157,9.66131],[79.78186,9.66162],[79.78195,9.66183],[79.78213,9.66204],[79.7823,9.66224],[79.78254,9.66242],[79.78272,9.66254],[79.78288,9.6626],[79.783,9.66269],[79.78311,9.66297],[79.78329,9.6632],[79.78367,9.66364],[79.78426,9.66408],[79.78499,9.66447],[79.78508,9.6646],[79.78521,9.66471],[79.78529,9.66477],[79.7854,9.66491],[79.78557,9.66501],[79.78561,9.66512],[79.7857,9.6652],[79.78582,9.66542],[79.78595,9.66574],[79.78607,9.66584],[79.78655,9.66584],[79.7866,9.66579],[79.78699,9.66576],[79.78699,9.66588],[79.78695,9.6659],[79.7866,9.66592],[79.78651,9.66591],[79.78615,9.66593],[79.78602,9.66601],[79.78579,9.66629],[79.78565,9.66686],[79.78536,9.66744],[79.78502,9.66814],[79.78483,9.66855],[79.78433,9.66906],[79.78428,9.66941],[79.78404,9.66965],[79.78363,9.66955],[79.78346,9.66978],[79.78338,9.66999],[79.78354,9.67027],[79.78361,9.67053],[79.78381,9.67096],[79.78414,9.67139],[79.78444,9.67203],[79.78452,9.6724],[79.78449,9.67258],[79.78432,9.67328],[79.784,9.67383],[79.7838,9.67436],[79.78369,9.6746],[79.78366,9.67485],[79.78364,9.67509],[79.78372,9.67525],[79.78363,9.67555],[79.78367,9.67585],[79.78371,9.67603],[79.78366,9.6762],[79.78346,9.67637],[79.78329,9.67657],[79.7833,9.67674],[79.78327,9.67697],[79.78337,9.67733],[79.78331,9.67771],[79.7834,9.67787],[79.78337,9.6781],[79.78345,9.67829],[79.78345,9.67855],[79.78318,9.67894],[79.78309,9.67928],[79.78308,9.67975],[79.7831,9.67989],[79.78319,9.67994],[79.78333,9.68013],[79.78334,9.68032],[79.7834,9.6804],[79.78342,9.68065],[79.78358,9.68089],[79.78374,9.68112],[79.78351,9.68181],[79.7834,9.68206],[79.78342,9.68267],[79.7836,9.68342],[79.78405,9.68461],[79.78394,9.68501],[79.78376,9.68521],[79.78374,9.6854],[79.78379,9.68586],[79.78391,9.68605],[79.78388,9.68648],[79.78377,9.68682],[79.78336,9.68686],[79.78307,9.68713],[79.78272,9.68729]]],[[[79.81293,9.69003],[79.81298,9.69136],[79.81396,9.69256],[79.81396,9.69461],[79.81248,9.69689],[79.81226,9.69965],[79.81182,9.70024],[79.81182,9.70246],[79.81228,9.70368],[79.81263,9.7046],[79.8127,9.70537],[79.81307,9.70608],[79.81309,9.70649],[79.8134,9.70763],[79.81374,9.7084],[79.81381,9.70955],[79.814,9.71007],[79.81465,9.71049],[79.81482,9.71101],[79.81456,9.71266],[79.81468,9.71422],[79.81457,9.7158],[79.814,9.7159],[79.81361,9.71538],[79.8128,9.71494],[79.81243,9.71419],[79.81145,9.71282],[79.81071,9.7112],[79.81021,9.70993],[79.80963,9.70842],[79.80957,9.70505],[79.8093,9.7036],[79.80847,9.69938],[79.80726,9.6951],[79.80837,9.6894],[79.80935,9.68698],[79.81185,9.68535],[79.81314,9.68566],[79.81287,9.68841],[79.81297,9.68874],[79.8131,9.68901],[79.81322,9.68916],[79.81336,9.68926],[79.81344,9.68926],[79.81353,9.6893],[79.81331,9.68953],[79.81305,9.68985],[79.81293,9.69003]]],[[[79.85531,9.74574],[79.85655,9.74271],[79.86045,9.73719],[79.8613,9.73283],[79.8613,9.72847],[79.86126,9.72658],[79.85942,9.72421],[79.85435,9.71915],[79.85158,9.71694],[79.8502,9.71311],[79.85213,9.71326],[79.85695,9.71076],[79.86067,9.70969],[79.8634,9.70895],[79.8653,9.70708],[79.86624,9.70664],[79.86769,9.70658],[79.86962,9.70618],[79.8741,9.7038],[79.88025,9.7037],[79.88394,9.70831],[79.8917,9.71171],[79.89265,9.71367],[79.89222,9.71673],[79.88998,9.7186],[79.8897,9.71999],[79.88922,9.72276],[79.88905,9.72417],[79.88878,9.72708],[79.88833,9.72758],[79.88878,9.72887],[79.88935,9.73006],[79.89025,9.73253],[79.89136,9.73488],[79.89246,9.73763],[79.89359,9.74026],[79.89449,9.74263],[79.89448,9.74516],[79.89511,9.74947],[79.89645,9.75109],[79.89718,9.75221],[79.89726,9.75395],[79.89716,9.7548],[79.89714,9.75542],[79.89703,9.7573],[79.8949,9.75993],[79.8934,9.76264],[79.8919,9.76366],[79.89388,9.76463],[79.89615,9.76503],[79.89822,9.76281],[79.89988,9.76288],[79.90132,9.76494],[79.90189,9.76683],[79.89553,9.76673],[79.89103,9.76457],[79.88723,9.76312],[79.8835,9.76192],[79.87994,9.76136],[79.87499,9.76144],[79.86935,9.76197],[79.86535,9.76288],[79.86323,9.76199],[79.86086,9.75992],[79.85776,9.75488],[79.85539,9.75152],[79.85465,9.7494],[79.85531,9.74574]]],[[[80.62159,9.45951],[80.62065,9.46043],[80.61739,9.46213],[80.60692,9.46907],[80.59542,9.47872],[80.59405,9.48041],[80.59096,9.48177],[80.581,9.48786],[80.56503,9.50039],[80.54976,9.51207],[80.53242,9.5263],[80.52281,9.53459],[80.50907,9.54644],[80.49564,9.55754],[80.48573,9.56574],[80.43606,9.60464],[80.42153,9.6155],[80.39332,9.63815],[80.36144,9.66458],[80.33329,9.69572],[80.32231,9.71094],[80.31458,9.72262],[80.30428,9.74005],[80.28815,9.75984],[80.28317,9.76728],[80.26703,9.79317],[80.26012,9.80613],[80.25639,9.8142],[80.2552,9.81784],[80.25479,9.82155],[80.25377,9.82354],[80.25205,9.82547],[80.25027,9.82675],[80.24867,9.82768],[80.24678,9.82859],[80.24501,9.82855],[80.24314,9.82831],[80.24153,9.82827],[80.23841,9.82876],[80.23612,9.82821],[80.23554,9.82814],[80.23557,9.82858],[80.23542,9.82857],[80.23536,9.82812],[80.23386,9.82925],[80.2248,9.83156],[80.21515,9.83533],[80.21477,9.8353],[80.21455,9.83542],[80.21437,9.83549],[80.21394,9.83548],[80.21379,9.83558],[80.21365,9.83557],[80.2135,9.83564],[80.21345,9.83557],[80.21328,9.83556],[80.2131,9.83556],[80.2129,9.83559],[80.21275,9.8357],[80.21258,9.83578],[80.21227,9.83578],[80.21209,9.83579],[80.21192,9.83576],[80.2119,9.83557],[80.21177,9.83537],[80.21142,9.83522],[80.21103,9.83515],[80.21011,9.8353],[80.20915,9.8353],[80.20851,9.83504],[80.20802,9.83498],[80.20381,9.83321],[80.20104,9.83193],[80.19482,9.82941],[80.18837,9.82782],[80.18167,9.82746],[80.17811,9.82651],[80.17502,9.82611],[80.17075,9.82554],[80.16914,9.82489],[80.16712,9.82547],[80.15615,9.82629],[80.15579,9.82632],[80.14699,9.8263],[80.14265,9.8251],[80.13966,9.82534],[80.13534,9.82167],[80.13278,9.82041],[80.12991,9.82117],[80.12599,9.81937],[80.1173,9.8149],[80.11169,9.81082],[80.1056,9.80975],[80.10114,9.80889],[80.09445,9.8098],[80.08863,9.80961],[80.08335,9.81008],[80.07408,9.81127],[80.07099,9.81144],[80.06825,9.81245],[80.05709,9.81482],[80.05057,9.81583],[80.04816,9.81566],[80.04439,9.81617],[80.04027,9.81786],[80.03661,9.81811],[80.03631,9.81828],[80.03099,9.82314],[80.0303,9.82344],[80.03012,9.82339],[80.02668,9.82298],[80.02665,9.82288],[80.02675,9.82278],[80.03029,9.8232],[80.0309,9.82305],[80.03123,9.82273],[80.03188,9.82215],[80.03189,9.82203],[80.03124,9.82184],[80.03124,9.82171],[80.03197,9.82188],[80.03223,9.82185],[80.03464,9.81963],[80.03458,9.81955],[80.03522,9.8189],[80.03521,9.81878],[80.03605,9.81824],[80.03629,9.81805],[80.03636,9.81778],[80.03614,9.81755],[80.03568,9.81733],[80.03506,9.81714],[80.03461,9.81702],[80.03452,9.81704],[80.03357,9.8168],[80.03264,9.81644],[80.03254,9.81648],[80.03219,9.81742],[80.03205,9.81737],[80.03209,9.81707],[80.03133,9.81672],[80.0312,9.81702],[80.03105,9.81698],[80.03117,9.81667],[80.03103,9.81658],[80.03099,9.81643],[80.03095,9.81628],[80.03088,9.81622],[80.03044,9.81598],[80.03027,9.816],[80.0301,9.81604],[80.02985,9.81618],[80.03007,9.81643],[80.03001,9.81647],[80.02978,9.81625],[80.02969,9.8163],[80.02956,9.81647],[80.02945,9.81659],[80.02932,9.81655],[80.02905,9.81644],[80.02881,9.81647],[80.02854,9.81649],[80.0281,9.81661],[80.02765,9.81672],[80.02733,9.81677],[80.02719,9.81666],[80.02703,9.81645],[80.02675,9.81638],[80.02621,9.81632],[80.02534,9.81638],[80.02446,9.81648],[80.02387,9.81653],[80.02366,9.8166],[80.02332,9.81665],[80.02309,9.81679],[80.02268,9.81688],[80.02251,9.81693],[80.02236,9.81689],[80.02195,9.81694],[80.02164,9.817],[80.02152,9.81709],[80.02146,9.81705],[80.02133,9.81708],[80.02127,9.81715],[80.02121,9.81709],[80.02096,9.81708],[80.02086,9.81701],[80.02068,9.817],[80.02055,9.8169],[80.02038,9.81694],[80.02008,9.81691],[80.0198,9.81689],[80.01959,9.8169],[80.01945,9.81697],[80.01937,9.81688],[80.0191,9.81685],[80.01882,9.81681],[80.01856,9.81675],[80.01841,9.81664],[80.01818,9.81648],[80.01796,9.81634],[80.01779,9.81631],[80.01764,9.81624],[80.01749,9.81614],[80.01732,9.81612],[80.01679,9.81611],[80.01631,9.81607],[80.01567,9.81604],[80.01509,9.81597],[80.01493,9.81596],[80.01478,9.81592],[80.01462,9.81591],[80.01439,9.8159],[80.01415,9.8158],[80.01388,9.81581],[80.01359,9.81578],[80.01321,9.81563],[80.01292,9.81566],[80.01271,9.81551],[80.01218,9.8154],[80.01171,9.8152],[80.01136,9.81509],[80.01115,9.81505],[80.01092,9.81493],[80.01056,9.81453],[80.01033,9.81417],[80.0099,9.81402],[80.00911,9.81382],[80.00892,9.81368],[80.00813,9.81338],[80.00785,9.81328],[80.0075,9.81328],[80.00677,9.81339],[80.0059,9.81353],[80.0052,9.81345],[80.0046,9.81335],[80.00304,9.81305],[80.00178,9.81274],[80.00062,9.81247],[79.99954,9.81185],[79.99898,9.81145],[79.99858,9.81126],[79.99814,9.81113],[79.99785,9.81116],[79.99753,9.81126],[79.99659,9.81159],[79.9962,9.81181],[79.99532,9.81207],[79.99454,9.81217],[79.99356,9.81213],[79.99314,9.81202],[79.99254,9.81194],[79.99201,9.81193],[79.9913,9.81179],[79.99016,9.81118],[79.98995,9.81098],[79.98965,9.8108],[79.98909,9.8105],[79.98849,9.81029],[79.98775,9.81047],[79.98703,9.81055],[79.98655,9.81058],[79.98569,9.81042],[79.98468,9.81012],[79.98425,9.80999],[79.98353,9.80989],[79.98291,9.80962],[79.98238,9.80925],[79.98211,9.80907],[79.98131,9.80876],[79.98024,9.8085],[79.97958,9.80833],[79.97894,9.80818],[79.97856,9.80802],[79.97813,9.80767],[79.97738,9.80717],[79.97697,9.80686],[79.97672,9.80656],[79.97621,9.80621],[79.97564,9.806],[79.97496,9.80576],[79.97443,9.80561],[79.97371,9.80554],[79.97302,9.80573],[79.97227,9.80562],[79.97172,9.80566],[79.97145,9.80554],[79.97113,9.80553],[79.97057,9.80538],[79.97015,9.80513],[79.96978,9.80467],[79.96943,9.80423],[79.96912,9.8038],[79.9686,9.80358],[79.96803,9.80345],[79.96778,9.80331],[79.96717,9.80324],[79.96646,9.8027],[79.96566,9.80201],[79.96513,9.80153],[79.96483,9.80123],[79.96062,9.80051],[79.95675,9.79888],[79.95431,9.79832],[79.94808,9.79486],[79.94328,9.79012],[79.94362,9.7864],[79.93558,9.78088],[79.92562,9.77547],[79.92165,9.77456],[79.9174,9.77616],[79.91448,9.77633],[79.91105,9.77447],[79.90984,9.77176],[79.90813,9.77126],[79.9071,9.7694],[79.90881,9.76703],[79.90658,9.76483],[79.90521,9.76128],[79.90811,9.75398],[79.91395,9.75161],[79.92219,9.7418],[79.92558,9.73855],[79.92378,9.73716],[79.92323,9.73539],[79.92632,9.73319],[79.92743,9.73093],[79.92873,9.72828],[79.9319,9.72412],[79.93266,9.7221],[79.93129,9.72041],[79.93044,9.71813],[79.93044,9.7139],[79.93184,9.71043],[79.93699,9.70433],[79.93822,9.69901],[79.93954,9.69614],[79.94452,9.69444],[79.94521,9.69258],[79.94212,9.69208],[79.94555,9.68954],[79.94967,9.69021],[79.95087,9.69157],[79.95276,9.69106],[79.95465,9.68852],[79.95534,9.69072],[79.95499,9.69241],[79.95705,9.69428],[79.95842,9.69597],[79.95997,9.69715],[79.96019,9.69905],[79.96384,9.70142],[79.96551,9.70438],[79.96723,9.70726],[79.96676,9.70916],[79.96762,9.7103],[79.96714,9.712],[79.96676,9.71432],[79.96732,9.71644],[79.97054,9.71995],[79.97302,9.72084],[79.97367,9.72461],[79.97338,9.7257],[79.97303,9.72643],[79.97264,9.72693],[79.97177,9.72788],[79.97172,9.72918],[79.9726,9.7326],[79.97339,9.73236],[79.97322,9.73076],[79.97234,9.73009],[79.97229,9.72943],[79.97233,9.72848],[79.97254,9.72776],[79.97358,9.72619],[79.97368,9.72604],[79.97398,9.72595],[79.97398,9.72511],[79.97425,9.72073],[79.97339,9.719],[79.97,9.71773],[79.96824,9.71553],[79.96747,9.71333],[79.96792,9.71132],[79.96807,9.70982],[79.96831,9.7076],[79.96789,9.70567],[79.96678,9.70326],[79.96689,9.70252],[79.96768,9.70216],[79.96747,9.70115],[79.96583,9.70043],[79.96681,9.6982],[79.96978,9.69464],[79.97421,9.6911],[79.97987,9.68667],[79.97985,9.6856],[79.98038,9.68479],[79.98611,9.68574],[79.98655,9.68856],[79.98668,9.69055],[79.98883,9.69186],[79.99125,9.69134],[79.995,9.68958],[79.99788,9.68808],[79.99905,9.68611],[79.99992,9.68136],[80.00014,9.67852],[79.99876,9.67676],[79.99756,9.67197],[79.99949,9.66892],[80.00212,9.66581],[80.00368,9.66346],[80.00791,9.65969],[80.01163,9.65814],[80.01287,9.65688],[80.01306,9.654],[80.01608,9.65199],[80.01934,9.6499],[80.02413,9.648],[80.02488,9.64898],[80.0273,9.64794],[80.03014,9.64725],[80.0334,9.64709],[80.03619,9.64587],[80.03983,9.64575],[80.04125,9.64695],[80.04201,9.64758],[80.0424,9.64878],[80.04298,9.64993],[80.04419,9.6505],[80.04676,9.64984],[80.05084,9.64833],[80.0604,9.64373],[80.06648,9.64058],[80.07124,9.63814],[80.07687,9.6334],[80.08201,9.62836],[80.08813,9.62477],[80.0961,9.61891],[80.10777,9.61434],[80.11825,9.6106],[80.124,9.60822],[80.13156,9.60639],[80.13312,9.60751],[80.13425,9.60831],[80.13557,9.60991],[80.13449,9.61058],[80.13433,9.60958],[80.13269,9.60918],[80.12511,9.61146],[80.11826,9.61374],[80.11372,9.61851],[80.112,9.62107],[80.11217,9.62335],[80.10647,9.62625],[80.10074,9.62963],[80.09795,9.63498],[80.09022,9.63831],[80.08249,9.6405],[80.07812,9.64445],[80.07712,9.65262],[80.07658,9.65717],[80.07673,9.65827],[80.07689,9.65872],[80.0772,9.65909],[80.07707,9.65946],[80.07745,9.65957],[80.07766,9.65942],[80.07803,9.65913],[80.07824,9.65853],[80.08031,9.65585],[80.09114,9.64862],[80.11483,9.63608],[80.13721,9.62638],[80.14886,9.61872],[80.15365,9.61433],[80.15536,9.60993],[80.15615,9.60928],[80.16787,9.5997],[80.17852,9.59259],[80.19975,9.58076],[80.20183,9.58254],[80.20341,9.58192],[80.20891,9.58371],[80.20893,9.585],[80.20838,9.58616],[80.20787,9.58654],[80.20651,9.58683],[80.20516,9.58647],[80.20207,9.58733],[80.19776,9.59001],[80.18603,9.59418],[80.18429,9.59552],[80.18497,9.60023],[80.18042,9.61369],[80.17664,9.62114],[80.17254,9.62994],[80.17271,9.63375],[80.17273,9.63624],[80.16938,9.63829],[80.16532,9.63693],[80.16248,9.63609],[80.16012,9.64079],[80.16118,9.64214],[80.15795,9.64432],[80.1566,9.64538],[80.16152,9.65249],[80.16974,9.6565],[80.17409,9.65516],[80.17806,9.65341],[80.18146,9.65169],[80.18775,9.64845],[80.19331,9.64478],[80.19683,9.64423],[80.20333,9.64163],[80.20666,9.64105],[80.22685,9.63161],[80.23979,9.62428],[80.24903,9.61838],[80.25498,9.6146],[80.25702,9.61695],[80.26383,9.62868],[80.26895,9.63839],[80.27595,9.65253],[80.28199,9.66282],[80.2887,9.67535],[80.29546,9.69132],[80.30778,9.67475],[80.33211,9.64946],[80.35793,9.63356],[80.4006,9.61102],[80.41134,9.60256],[80.43098,9.58549],[80.44697,9.57483],[80.45034,9.5705],[80.45286,9.5652],[80.45578,9.55533],[80.45483,9.53991],[80.47252,9.5212],[80.55349,9.48104],[80.6011,9.45921],[80.61353,9.45658],[80.62159,9.45951]]],[[[79.83927,9.61165],[79.83916,9.61063],[79.84107,9.60896],[79.84167,9.60655],[79.84221,9.60633],[79.84842,9.6059],[79.85387,9.6051],[79.8542,9.60408],[79.84744,9.60375],[79.84521,9.60386],[79.84347,9.60494],[79.84276,9.60563],[79.84194,9.60563],[79.84232,9.60456],[79.84172,9.60349],[79.84118,9.60155],[79.8421,9.60102],[79.84887,9.59672],[79.8501,9.59585],[79.84964,9.59542],[79.8485,9.59444],[79.84761,9.59532],[79.84614,9.59484],[79.84221,9.59656],[79.83965,9.59726],[79.83682,9.59892],[79.83508,9.59833],[79.83486,9.5971],[79.83519,9.59248],[79.8347,9.59156],[79.83219,9.59323],[79.8305,9.59361],[79.82767,9.59548],[79.82664,9.59527],[79.82528,9.59613],[79.8238,9.59951],[79.82206,9.60118],[79.8201,9.60155],[79.81983,9.60359],[79.82103,9.60461],[79.82103,9.61525],[79.81934,9.61761],[79.81909,9.61796],[79.81901,9.61815],[79.81906,9.61833],[79.81914,9.6186],[79.81913,9.61891],[79.81938,9.61933],[79.81969,9.61968],[79.81983,9.61992],[79.82026,9.62067],[79.82089,9.62106],[79.82117,9.6216],[79.8211,9.62192],[79.82113,9.6223],[79.82094,9.62271],[79.82097,9.62397],[79.82068,9.62455],[79.8207,9.62529],[79.82041,9.62593],[79.81997,9.62633],[79.81964,9.62572],[79.81919,9.62533],[79.81857,9.62535],[79.81828,9.62475],[79.81775,9.62419],[79.81794,9.62312],[79.81792,9.6218],[79.81827,9.62133],[79.81829,9.62124],[79.81834,9.62107],[79.8185,9.62089],[79.81838,9.62073],[79.81819,9.62068],[79.81786,9.62091],[79.81742,9.62105],[79.81686,9.621],[79.81671,9.62131],[79.81602,9.62153],[79.81531,9.62164],[79.81427,9.62384],[79.81416,9.62615],[79.81351,9.62685],[79.81275,9.62701],[79.81041,9.62489],[79.80903,9.61975],[79.80849,9.61828],[79.80913,9.61629],[79.80828,9.61199],[79.8069,9.61094],[79.80871,9.60779],[79.8086,9.6058],[79.80679,9.60276],[79.8052,9.60276],[79.80509,9.60139],[79.81062,9.59867],[79.80998,9.59741],[79.80935,9.59542],[79.80913,9.59426],[79.80764,9.59363],[79.80786,9.5907],[79.80881,9.58965],[79.80803,9.58945],[79.80669,9.58912],[79.80381,9.58996],[79.80305,9.59001],[79.80393,9.58775],[79.80354,9.58705],[79.80311,9.58254],[79.80202,9.58141],[79.80191,9.58007],[79.80338,9.57953],[79.80289,9.57819],[79.80316,9.57755],[79.8097,9.57497],[79.82304,9.57164],[79.82854,9.57132],[79.83236,9.57051],[79.84304,9.56755],[79.85191,9.56715],[79.85704,9.568],[79.86139,9.5711],[79.86002,9.57293],[79.85926,9.57728],[79.85955,9.58083],[79.86059,9.58351],[79.86213,9.58531],[79.8611,9.58662],[79.85857,9.59279],[79.85897,9.59574],[79.8628,9.60161],[79.8642,9.60308],[79.86318,9.60488],[79.86237,9.60687],[79.85784,9.6095],[79.85185,9.61364],[79.84744,9.61793],[79.84363,9.61944],[79.84363,9.61761],[79.84259,9.61589],[79.84259,9.61466],[79.84281,9.61272],[79.84085,9.611],[79.83927,9.61165]]],[[[79.77472,9.59601],[79.77442,9.59625],[79.77403,9.59673],[79.77369,9.59714],[79.77365,9.5973],[79.77359,9.59742],[79.77342,9.59746],[79.7732,9.59782],[79.77314,9.59804],[79.77307,9.59812],[79.77303,9.59842],[79.77304,9.59869],[79.77305,9.59879],[79.77315,9.59912],[79.77322,9.59935],[79.77318,9.59935],[79.77327,9.59985],[79.77337,9.60001],[79.77333,9.60009],[79.77337,9.6002],[79.77335,9.60023],[79.77339,9.60034],[79.77336,9.60041],[79.77332,9.60047],[79.77341,9.60068],[79.77338,9.60073],[79.77333,9.60085],[79.77334,9.60095],[79.77337,9.60118],[79.77331,9.60126],[79.7733,9.60202],[79.77331,9.60251],[79.77335,9.6028],[79.77337,9.60282],[79.77338,9.60324],[79.77337,9.60342],[79.77336,9.60353],[79.77337,9.60383],[79.7734,9.60416],[79.77345,9.60445],[79.77345,9.60475],[79.77343,9.6049],[79.77347,9.60517],[79.77351,9.60525],[79.77349,9.60529],[79.77363,9.60608],[79.77375,9.60664],[79.77378,9.60669],[79.77387,9.60718],[79.77395,9.60731],[79.77396,9.60742],[79.77393,9.60753],[79.77401,9.60787],[79.774,9.60795],[79.77407,9.60821],[79.77411,9.60833],[79.77415,9.60856],[79.77413,9.60871],[79.77417,9.60886],[79.77417,9.60896],[79.77424,9.60916],[79.77426,9.60932],[79.77427,9.60953],[79.77426,9.60978],[79.77427,9.61009],[79.77439,9.61087],[79.77446,9.611],[79.77446,9.61112],[79.77452,9.61143],[79.77451,9.61167],[79.77453,9.6118],[79.77454,9.6119],[79.77462,9.61209],[79.77472,9.61226],[79.77469,9.61228],[79.77472,9.6124],[79.77479,9.61254],[79.77484,9.61262],[79.77487,9.61265],[79.77501,9.61263],[79.77501,9.61268],[79.77501,9.6127],[79.77491,9.6128],[79.77484,9.61293],[79.77481,9.61304],[79.77481,9.61347],[79.77486,9.61377],[79.77489,9.61388],[79.77486,9.61397],[79.77486,9.61414],[79.77481,9.61421],[79.77481,9.61432],[79.77479,9.61437],[79.77481,9.61467],[79.77485,9.61479],[79.77489,9.61491],[79.77486,9.61497],[79.77483,9.61505],[79.77482,9.61535],[79.77473,9.61557],[79.77476,9.61569],[79.77475,9.61577],[79.7748,9.61603],[79.77479,9.61616],[79.77483,9.61627],[79.77486,9.6165],[79.77484,9.61656],[79.7749,9.61698],[79.77491,9.61734],[79.77487,9.61761],[79.77483,9.61808],[79.77486,9.61832],[79.77496,9.61853],[79.77508,9.61868],[79.77527,9.61884],[79.7754,9.61882],[79.77546,9.61888],[79.77531,9.61898],[79.77516,9.61916],[79.77516,9.61926],[79.77519,9.6194],[79.77523,9.61943],[79.77534,9.61942],[79.77536,9.61954],[79.77525,9.61956],[79.77513,9.61962],[79.7751,9.6196],[79.77499,9.61968],[79.7749,9.61977],[79.77478,9.61998],[79.77474,9.62014],[79.77474,9.62039],[79.77478,9.62063],[79.77483,9.62075],[79.7748,9.62085],[79.77476,9.62091],[79.77463,9.62094],[79.77446,9.62091],[79.77412,9.62094],[79.77377,9.62097],[79.7737,9.62103],[79.77346,9.62108],[79.77332,9.62118],[79.77312,9.62122],[79.77299,9.62132],[79.77281,9.6214],[79.7724,9.62154],[79.77229,9.62162],[79.77228,9.62171],[79.77223,9.62171],[79.77216,9.62167],[79.77205,9.62172],[79.77193,9.62169],[79.77178,9.62174],[79.77153,9.62177],[79.77143,9.62181],[79.7713,9.62197],[79.77123,9.62197],[79.77111,9.62195],[79.77102,9.62199],[79.77089,9.62208],[79.77082,9.62206],[79.77059,9.62205],[79.77043,9.62197],[79.77023,9.62192],[79.77002,9.62178],[79.76972,9.62158],[79.7695,9.62136],[79.76942,9.62117],[79.76934,9.62116],[79.76933,9.62104],[79.76921,9.62093],[79.7692,9.6208],[79.76912,9.62076],[79.76891,9.62041],[79.7688,9.62022],[79.76866,9.6201],[79.76815,9.61971],[79.76798,9.61965],[79.76782,9.61947],[79.76773,9.61943],[79.76759,9.61947],[79.76731,9.6193],[79.76715,9.61912],[79.76706,9.61912],[79.76692,9.61892],[79.76676,9.61885],[79.7666,9.61866],[79.76658,9.61859],[79.7666,9.6185],[79.76654,9.61842],[79.76644,9.61831],[79.7664,9.61816],[79.7664,9.61806],[79.76635,9.61799],[79.76616,9.61782],[79.76591,9.61748],[79.7658,9.61746],[79.76557,9.6172],[79.76523,9.61672],[79.76451,9.61599],[79.7642,9.61579],[79.76409,9.61565],[79.76402,9.61542],[79.76392,9.61517],[79.76379,9.61504],[79.76357,9.61479],[79.76341,9.6147],[79.76338,9.61453],[79.76338,9.61425],[79.76325,9.61412],[79.76295,9.61355],[79.76289,9.61347],[79.7628,9.61344],[79.76276,9.61335],[79.76278,9.61333],[79.76287,9.61329],[79.76289,9.61316],[79.76291,9.61299],[79.76293,9.61282],[79.76283,9.61264],[79.76282,9.61231],[79.76277,9.61203],[79.76269,9.61162],[79.76269,9.61127],[79.76255,9.61073],[79.76254,9.61052],[79.76251,9.61007],[79.7623,9.6092],[79.76219,9.60877],[79.76205,9.60859],[79.76208,9.60824],[79.76201,9.60792],[79.76196,9.60784],[79.76196,9.60751],[79.76188,9.60742],[79.76184,9.60716],[79.76165,9.60682],[79.76169,9.60674],[79.76176,9.60673],[79.7618,9.60658],[79.76173,9.60629],[79.76178,9.6062],[79.76193,9.60598],[79.76186,9.60591],[79.76181,9.60592],[79.76179,9.60585],[79.76188,9.60571],[79.76193,9.60565],[79.76187,9.60554],[79.76196,9.60536],[79.76199,9.60523],[79.762,9.60513],[79.76194,9.60502],[79.76209,9.60445],[79.76205,9.6042],[79.76206,9.60403],[79.76209,9.60398],[79.76209,9.60384],[79.76221,9.60379],[79.76235,9.60381],[79.7624,9.60379],[79.76246,9.60356],[79.76243,9.60315],[79.76231,9.60284],[79.76246,9.60278],[79.76248,9.6026],[79.76252,9.60241],[79.76243,9.6023],[79.76256,9.60193],[79.76261,9.60185],[79.7626,9.6017],[79.76251,9.60166],[79.76254,9.6016],[79.7626,9.60154],[79.76249,9.6013],[79.76259,9.6013],[79.76254,9.60101],[79.76258,9.60097],[79.76257,9.60089],[79.76273,9.60075],[79.76284,9.60082],[79.76288,9.60088],[79.76306,9.60091],[79.76315,9.60089],[79.76323,9.60072],[79.76315,9.60055],[79.76297,9.60041],[79.76277,9.60036],[79.76276,9.60031],[79.76284,9.60025],[79.76287,9.6001],[79.76297,9.60011],[79.76302,9.60007],[79.76304,9.59996],[79.76297,9.59991],[79.76295,9.59984],[79.76307,9.59948],[79.76297,9.59921],[79.76291,9.5992],[79.7629,9.59903],[79.76294,9.59886],[79.76321,9.5985],[79.76352,9.59797],[79.76353,9.59779],[79.76349,9.5977],[79.7634,9.59764],[79.76329,9.59714],[79.76341,9.59705],[79.76342,9.59665],[79.76354,9.59611],[79.76349,9.59485],[79.76343,9.59336],[79.76342,9.59244],[79.76331,9.59107],[79.76326,9.59043],[79.7633,9.5901],[79.76346,9.58982],[79.76348,9.58971],[79.76367,9.58972],[79.76399,9.58952],[79.76415,9.58917],[79.76431,9.5888],[79.76471,9.58844],[79.76488,9.58833],[79.76509,9.58802],[79.76524,9.58783],[79.76574,9.58763],[79.76651,9.58747],[79.76748,9.58715],[79.76781,9.58699],[79.76786,9.58688],[79.76832,9.58671],[79.76869,9.58663],[79.76908,9.58649],[79.76936,9.58635],[79.76978,9.58603],[79.7701,9.58569],[79.77031,9.58548],[79.77044,9.58537],[79.77116,9.5854],[79.77202,9.5854],[79.77222,9.58538],[79.77242,9.58525],[79.77273,9.58484],[79.77285,9.58476],[79.77325,9.58467],[79.77326,9.58458],[79.77387,9.58461],[79.77397,9.5847],[79.77407,9.58481],[79.77414,9.58485],[79.7742,9.58484],[79.77426,9.58485],[79.77427,9.58492],[79.77423,9.58505],[79.77424,9.58517],[79.77435,9.58531],[79.77433,9.58537],[79.77437,9.58547],[79.77446,9.58576],[79.77456,9.58584],[79.77466,9.58603],[79.77481,9.58659],[79.77483,9.58683],[79.77486,9.58707],[79.77482,9.58713],[79.77485,9.58729],[79.77483,9.58734],[79.77489,9.58746],[79.77483,9.58762],[79.77485,9.5879],[79.77486,9.58803],[79.77494,9.58824],[79.77541,9.58887],[79.77557,9.58926],[79.7756,9.58947],[79.77556,9.58971],[79.77564,9.58996],[79.77572,9.59024],[79.77573,9.59038],[79.77571,9.59053],[79.77597,9.5912],[79.77594,9.59128],[79.77586,9.59137],[79.77582,9.59154],[79.77585,9.59206],[79.7759,9.59252],[79.77592,9.59259],[79.77587,9.59269],[79.77592,9.59309],[79.77584,9.59318],[79.77578,9.5933],[79.77578,9.59345],[79.77579,9.59364],[79.77567,9.59377],[79.77554,9.59394],[79.77551,9.59415],[79.77536,9.59463],[79.77523,9.59485],[79.77521,9.59493],[79.77521,9.59524],[79.77513,9.5956],[79.77514,9.59595],[79.77513,9.59599],[79.77491,9.59592],[79.77472,9.59601]]],[[[79.85808,9.62919],[79.85796,9.63071],[79.85786,9.63194],[79.8575,9.63257],[79.85638,9.63374],[79.8559,9.63437],[79.85542,9.63491],[79.85452,9.63464],[79.85415,9.63447],[79.85367,9.63419],[79.85334,9.63413],[79.85263,9.63412],[79.8521,9.63377],[79.85188,9.63323],[79.85179,9.63229],[79.85205,9.63158],[79.8524,9.63074],[79.8526,9.62984],[79.85308,9.62834],[79.85363,9.62699],[79.85395,9.62617],[79.85391,9.62586],[79.85368,9.62538],[79.85364,9.62491],[79.85412,9.62343],[79.85459,9.62302],[79.85524,9.62253],[79.85603,9.62154],[79.85641,9.62099],[79.85725,9.61984],[79.85774,9.61938],[79.85834,9.61906],[79.85867,9.6188],[79.85912,9.61811],[79.85934,9.61771],[79.85965,9.61739],[79.86029,9.61691],[79.86071,9.61676],[79.86109,9.61682],[79.8614,9.61705],[79.86179,9.61742],[79.86195,9.61772],[79.86203,9.61809],[79.86196,9.61841],[79.86173,9.6185],[79.86175,9.61823],[79.86177,9.6179],[79.86164,9.61782],[79.8614,9.61797],[79.86101,9.61782],[79.8608,9.61769],[79.86033,9.61758],[79.85984,9.61765],[79.85965,9.61774],[79.85945,9.61796],[79.85951,9.61813],[79.8606,9.61811],[79.86104,9.61831],[79.86132,9.61883],[79.86138,9.61899],[79.86148,9.61948],[79.86161,9.61992],[79.86185,9.62037],[79.86195,9.62057],[79.86224,9.62089],[79.86234,9.62098],[79.86253,9.62161],[79.86282,9.62204],[79.86297,9.62229],[79.8628,9.62229],[79.86267,9.62204],[79.86229,9.62169],[79.86204,9.62201],[79.86197,9.62244],[79.86119,9.62292],[79.86111,9.62312],[79.86104,9.62338],[79.86103,9.62398],[79.86117,9.62434],[79.86132,9.62474],[79.86161,9.62517],[79.86197,9.62577],[79.86203,9.62612],[79.86201,9.62647],[79.86179,9.62682],[79.86129,9.62714],[79.85975,9.62787],[79.85901,9.62817],[79.85885,9.62829],[79.85874,9.62859],[79.85845,9.62894],[79.85808,9.62919]]],[[[79.98238,9.62215],[79.98396,9.62449],[79.98441,9.62733],[79.98517,9.63065],[79.98515,9.63171],[79.98442,9.6322],[79.98399,9.63252],[79.98405,9.63314],[79.98438,9.63403],[79.98465,9.6346],[79.98451,9.6351],[79.98397,9.63497],[79.98365,9.63531],[79.98375,9.63576],[79.98338,9.63575],[79.9823,9.63562],[79.98166,9.63577],[79.98098,9.63548],[79.98014,9.63548],[79.98013,9.63488],[79.98015,9.63456],[79.98054,9.63445],[79.98148,9.634],[79.98166,9.63347],[79.98116,9.6332],[79.98098,9.63294],[79.9807,9.63271],[79.98128,9.6324],[79.98087,9.63194],[79.98055,9.63221],[79.98018,9.63252],[79.97973,9.63264],[79.97933,9.63314],[79.97877,9.63326],[79.9784,9.63307],[79.97793,9.63317],[79.97739,9.63251],[79.97705,9.63192],[79.97605,9.63169],[79.9749,9.63177],[79.97408,9.63154],[79.97255,9.63167],[79.96935,9.63235],[79.96748,9.63288],[79.9632,9.63434],[79.95632,9.63817],[79.95264,9.64084],[79.94639,9.64491],[79.94485,9.64709],[79.94351,9.64776],[79.93955,9.65097],[79.93639,9.65259],[79.9351,9.65467],[79.93362,9.65589],[79.93084,9.65763],[79.92731,9.65952],[79.92439,9.65985],[79.92317,9.66106],[79.92465,9.6644],[79.92639,9.66556],[79.92763,9.66569],[79.92936,9.66552],[79.93197,9.6655],[79.93227,9.66624],[79.93157,9.66736],[79.93027,9.66873],[79.92968,9.66836],[79.92856,9.6679],[79.92791,9.66896],[79.92841,9.67007],[79.92931,9.67033],[79.93005,9.67045],[79.93071,9.67087],[79.93118,9.67241],[79.93076,9.67376],[79.93081,9.67469],[79.93094,9.6754],[79.93116,9.67615],[79.93113,9.67673],[79.93118,9.67756],[79.93217,9.67704],[79.93249,9.67634],[79.93202,9.67514],[79.93207,9.67407],[79.93253,9.67389],[79.93312,9.67387],[79.93334,9.6744],[79.9337,9.67527],[79.9342,9.67571],[79.93502,9.67666],[79.93108,9.67875],[79.92983,9.67945],[79.92922,9.67998],[79.92876,9.67947],[79.92606,9.67962],[79.92469,9.68],[79.92286,9.68015],[79.92097,9.68041],[79.91994,9.68013],[79.91876,9.68024],[79.9182,9.6799],[79.91784,9.67942],[79.92054,9.678],[79.92256,9.6771],[79.92308,9.67675],[79.92259,9.67643],[79.92115,9.67607],[79.91938,9.67592],[79.91764,9.67559],[79.91217,9.67346],[79.90639,9.67176],[79.90542,9.66803],[79.91078,9.66623],[79.91473,9.66025],[79.9085,9.66418],[79.90611,9.66418],[79.90641,9.66247],[79.91007,9.66109],[79.91077,9.65881],[79.91174,9.65655],[79.91486,9.65293],[79.91452,9.65157],[79.91251,9.65273],[79.90953,9.65614],[79.90745,9.65901],[79.90392,9.66188],[79.90045,9.66803],[79.89643,9.6741],[79.89609,9.67595],[79.89742,9.67817],[79.89976,9.68011],[79.89937,9.68398],[79.89711,9.68606],[79.89563,9.68672],[79.89339,9.68795],[79.89256,9.68932],[79.89198,9.69111],[79.89144,9.69265],[79.89149,9.69405],[79.89129,9.69522],[79.89016,9.69639],[79.88975,9.69644],[79.88864,9.69737],[79.88712,9.69805],[79.88683,9.69861],[79.88664,9.6991],[79.88562,9.69962],[79.88458,9.6997],[79.88353,9.69945],[79.88229,9.69838],[79.88184,9.69737],[79.88146,9.6962],[79.88058,9.69542],[79.87942,9.6948],[79.87793,9.69389],[79.87579,9.69388],[79.87445,9.69317],[79.87361,9.69307],[79.87245,9.69312],[79.87007,9.69403],[79.86777,9.69615],[79.86478,9.70172],[79.86372,9.70305],[79.86241,9.70354],[79.86015,9.7038],[79.85455,9.70168],[79.8501,9.70069],[79.84421,9.70168],[79.84133,9.70338],[79.84019,9.70111],[79.8409,9.69785],[79.84378,9.69559],[79.84837,9.69233],[79.84952,9.69106],[79.84938,9.68922],[79.84636,9.68851],[79.84507,9.68752],[79.84392,9.68539],[79.84435,9.68299],[79.84679,9.67619],[79.84952,9.67307],[79.8534,9.66656],[79.85714,9.66132],[79.86192,9.65799],[79.86389,9.65806],[79.86619,9.65891],[79.8682,9.65863],[79.87021,9.6616],[79.8715,9.66458],[79.87179,9.66826],[79.8728,9.66967],[79.87366,9.66812],[79.87798,9.66642],[79.87778,9.66482],[79.87639,9.66199],[79.87436,9.65959],[79.87328,9.65745],[79.87077,9.65732],[79.86631,9.65659],[79.86528,9.65587],[79.86509,9.65506],[79.86447,9.65365],[79.86444,9.65298],[79.86424,9.65211],[79.86472,9.65054],[79.86521,9.64941],[79.86573,9.64843],[79.86635,9.6477],[79.86682,9.64687],[79.86747,9.64665],[79.86772,9.64638],[79.8676,9.64601],[79.8676,9.6451],[79.86802,9.64507],[79.86864,9.64473],[79.86884,9.64427],[79.86853,9.64381],[79.86826,9.64327],[79.86886,9.64156],[79.86867,9.64106],[79.86864,9.64002],[79.8688,9.63912],[79.86942,9.63852],[79.87017,9.63724],[79.8715,9.63646],[79.87164,9.63579],[79.87222,9.63489],[79.87292,9.63482],[79.87326,9.63557],[79.87342,9.63607],[79.87429,9.63613],[79.87602,9.63554],[79.87807,9.63453],[79.87995,9.63349],[79.88172,9.6313],[79.88464,9.62887],[79.88648,9.62775],[79.8894,9.62635],[79.8909,9.62532],[79.89228,9.62414],[79.89214,9.62353],[79.89514,9.62006],[79.90032,9.61628],[79.90159,9.61603],[79.90292,9.61591],[79.90447,9.61588],[79.90517,9.61598],[79.90766,9.61708],[79.90813,9.61752],[79.90997,9.62039],[79.91115,9.62204],[79.9118,9.62261],[79.91204,9.62476],[79.91246,9.6263],[79.91296,9.62838],[79.91329,9.62924],[79.91469,9.6312],[79.91618,9.63241],[79.91802,9.6329],[79.92112,9.63311],[79.92382,9.63301],[79.92737,9.63236],[79.93252,9.63121],[79.93542,9.63071],[79.94043,9.62844],[79.94889,9.62488],[79.95124,9.62339],[79.955,9.62085],[79.95819,9.61783],[79.96051,9.61566],[79.96221,9.61425],[79.96306,9.61403],[79.96427,9.61392],[79.96617,9.61341],[79.96796,9.61302],[79.9706,9.61245],[79.97482,9.61227],[79.97469,9.61401],[79.97477,9.61542],[79.97485,9.61588],[79.97609,9.61644],[79.98061,9.62073],[79.98135,9.62177],[79.98355,9.62083],[79.98391,9.61868],[79.98398,9.61834],[79.98425,9.61675],[79.98481,9.61536],[79.98557,9.61356],[79.98544,9.61288],[79.98515,9.61224],[79.98389,9.61196],[79.98311,9.61203],[79.98263,9.61243],[79.98201,9.61275],[79.98173,9.61265],[79.98067,9.61054],[79.98059,9.61014],[79.9805,9.60975],[79.98028,9.60937],[79.98011,9.6091],[79.97997,9.60901],[79.97981,9.60913],[79.97969,9.60941],[79.97957,9.60935],[79.97956,9.60911],[79.97966,9.60881],[79.97969,9.60824],[79.9791,9.60747],[79.97877,9.60726],[79.97844,9.60678],[79.97828,9.60605],[79.97821,9.60586],[79.97797,9.60542],[79.97727,9.60504],[79.97686,9.60495],[79.97594,9.6051],[79.97561,9.60533],[79.97466,9.60522],[79.97375,9.60538],[79.97268,9.6053],[79.97186,9.60558],[79.97135,9.60575],[79.97081,9.60579],[79.97064,9.6057],[79.97004,9.60562],[79.9694,9.60546],[79.96849,9.60551],[79.96799,9.60567],[79.96752,9.60599],[79.96674,9.60667],[79.96644,9.60713],[79.96604,9.60771],[79.96554,9.60859],[79.96554,9.60889],[79.96579,9.60912],[79.96617,9.60935],[79.96687,9.60943],[79.96718,9.60989],[79.96683,9.6104],[79.96563,9.6109],[79.9646,9.6104],[79.96497,9.60791],[79.96537,9.60716],[79.96591,9.60643],[79.96642,9.60577],[79.96748,9.6049],[79.96811,9.60434],[79.96924,9.60374],[79.97027,9.60336],[79.97169,9.60249],[79.97407,9.60071],[79.97545,9.59997],[79.9773,9.5999],[79.9793,9.59923],[79.98037,9.59867],[79.98199,9.59771],[79.98328,9.59743],[79.98479,9.59731],[79.98657,9.597],[79.98783,9.59714],[79.98842,9.59754],[79.98848,9.59804],[79.98871,9.5983],[79.98968,9.59884],[79.99028,9.59909],[79.99078,9.5995],[79.99181,9.59993],[79.99234,9.5999],[79.99281,9.60043],[79.9931,9.60076],[79.99364,9.60097],[79.99428,9.60125],[79.99518,9.60195],[79.997,9.60256],[79.99808,9.60291],[79.99922,9.60321],[80.00069,9.60364],[80.00057,9.60404],[80.00023,9.60444],[80.00048,9.6049],[80.00138,9.60562],[80.00118,9.60625],[80.00169,9.60666],[80.00209,9.60706],[80.00255,9.60784],[80.00281,9.60831],[80.00311,9.60904],[80.00353,9.60998],[80.00414,9.6112],[80.00583,9.61329],[80.0058,9.6143],[80.00605,9.61488],[80.0066,9.61518],[80.00633,9.61568],[80.00574,9.61579],[80.00533,9.61517],[80.00525,9.6145],[80.00522,9.61413],[80.00493,9.61385],[80.0048,9.61354],[80.00452,9.61326],[80.00422,9.6131],[80.00391,9.61316],[80.00373,9.6135],[80.00369,9.61367],[80.00369,9.6138],[80.00406,9.61417],[80.00386,9.61499],[80.00391,9.61535],[80.00394,9.6161],[80.00425,9.61628],[80.00406,9.61661],[80.00361,9.61688],[80.00294,9.61691],[80.00303,9.61651],[80.00324,9.61637],[80.0034,9.61624],[80.00358,9.6161],[80.00372,9.61595],[80.00377,9.61576],[80.0037,9.61534],[80.0035,9.61525],[80.00339,9.6149],[80.00326,9.61461],[80.00287,9.61453],[80.00265,9.61465],[80.00245,9.61491],[80.00242,9.61523],[80.00244,9.61555],[80.00241,9.61587],[80.00222,9.61635],[80.00223,9.61664],[80.0023,9.61697],[80.00239,9.61722],[80.00264,9.61725],[80.00284,9.61737],[80.00279,9.61837],[80.00303,9.61968],[80.00322,9.62019],[80.00345,9.6208],[80.00358,9.62096],[80.00385,9.62123],[80.00462,9.62159],[80.00508,9.62182],[80.00545,9.62213],[80.00582,9.62363],[80.00624,9.62631],[80.00837,9.62868],[80.00734,9.63138],[80.00528,9.63731],[80.00528,9.63951],[80.00391,9.64255],[80.00048,9.64509],[79.99756,9.64695],[79.99472,9.6508],[79.99395,9.64526],[79.99241,9.64425],[79.99104,9.64475],[79.99155,9.64255],[79.99121,9.64103],[79.98915,9.64154],[79.98777,9.64205],[79.98554,9.64289],[79.98571,9.64171],[79.98862,9.6398],[79.9888,9.63968],[79.98863,9.63798],[79.98863,9.63578],[79.98898,9.63257],[79.99001,9.62969],[79.98898,9.62681],[79.98777,9.62495],[79.98468,9.62258],[79.98333,9.62203],[79.98333,9.62116],[79.9815,9.622],[79.98117,9.62213],[79.98106,9.62212],[79.98103,9.62236],[79.9812,9.62245],[79.98161,9.62246],[79.98195,9.62232],[79.98238,9.62215]]]]}},{"type":"Feature","properties":{"slug":"kilinochchi","name":"Kilinochchi","district_id":11,"iso":"LK-42"},"geometry":{"type":"MultiPolygon","coordinates":[[[[80.01015,9.4724],[80.0102,9.47234],[80.01031,9.47217],[80.01036,9.47193],[80.01027,9.47169],[80.01024,9.47143],[80.01009,9.47103],[80.00998,9.47069],[80.0098,9.47045],[80.00965,9.47013],[80.00961,9.46995],[80.00969,9.46981],[80.00976,9.46965],[80.00977,9.46953],[80.00973,9.46942],[80.00977,9.46923],[80.00981,9.46918],[80.00983,9.46896],[80.00989,9.46876],[80.00991,9.46855],[80.00988,9.46847],[80.0098,9.46843],[80.0097,9.46826],[80.00965,9.46813],[80.00963,9.46785],[80.00949,9.46756],[80.00949,9.46746],[80.00956,9.46722],[80.00964,9.46707],[80.00964,9.46695],[80.00967,9.46692],[80.00982,9.46688],[80.01,9.46681],[80.01027,9.46662],[80.01056,9.46636],[80.01076,9.46629],[80.01103,9.46614],[80.0113,9.46605],[80.01153,9.46595],[80.01164,9.46586],[80.01173,9.4658],[80.01181,9.4658],[80.01196,9.46584],[80.01212,9.46587],[80.01219,9.46594],[80.01224,9.46605],[80.01228,9.46614],[80.01244,9.46628],[80.01273,9.46644],[80.01296,9.46651],[80.01322,9.46655],[80.0133,9.46658],[80.01337,9.46664],[80.01342,9.46676],[80.01349,9.46686],[80.0136,9.46692],[80.01381,9.46693],[80.01391,9.46696],[80.01401,9.46705],[80.01423,9.46716],[80.01443,9.46716],[80.01464,9.46712],[80.01476,9.46704],[80.01484,9.46699],[80.01492,9.46702],[80.01501,9.46711],[80.01504,9.46716],[80.01504,9.46722],[80.015,9.46724],[80.01487,9.46726],[80.01477,9.46733],[80.01465,9.46745],[80.01453,9.46761],[80.01445,9.46781],[80.01442,9.46802],[80.01439,9.46836],[80.01426,9.46885],[80.01412,9.46928],[80.01409,9.46942],[80.01413,9.46979],[80.01411,9.47001],[80.01417,9.4702],[80.01427,9.47058],[80.0144,9.47093],[80.01461,9.4712],[80.01468,9.47136],[80.01475,9.47146],[80.01481,9.47165],[80.01487,9.47173],[80.01521,9.47203],[80.01544,9.47223],[80.01554,9.47239],[80.01578,9.47258],[80.01594,9.47279],[80.01613,9.47299],[80.01629,9.47316],[80.01641,9.47339],[80.01664,9.47373],[80.01686,9.47403],[80.01704,9.47423],[80.01734,9.47461],[80.01741,9.47474],[80.01751,9.47494],[80.01757,9.47514],[80.01756,9.47555],[80.01762,9.47577],[80.01776,9.47607],[80.01781,9.47621],[80.01794,9.47661],[80.01794,9.47678],[80.01803,9.47703],[80.01804,9.47739],[80.01804,9.47775],[80.01801,9.47841],[80.01823,9.47882],[80.01822,9.47927],[80.01799,9.47925],[80.01775,9.48017],[80.01764,9.48074],[80.01781,9.48122],[80.01756,9.48165],[80.01719,9.48167],[80.01691,9.48203],[80.01646,9.48254],[80.01619,9.48294],[80.01593,9.48312],[80.01572,9.48325],[80.01565,9.48336],[80.01548,9.48346],[80.01542,9.48356],[80.0153,9.48366],[80.01521,9.48377],[80.01511,9.48388],[80.01499,9.48399],[80.0148,9.48424],[80.01429,9.48462],[80.01351,9.48479],[80.01295,9.48495],[80.01273,9.485],[80.01238,9.48503],[80.0122,9.48509],[80.01198,9.4851],[80.01169,9.48513],[80.01134,9.48509],[80.01093,9.48512],[80.01033,9.4851],[80.00994,9.48508],[80.00959,9.48509],[80.00956,9.48528],[80.00893,9.48526],[80.0084,9.48516],[80.00779,9.48487],[80.00684,9.48484],[80.0061,9.48471],[80.00588,9.4847],[80.00582,9.48474],[80.00578,9.48479],[80.00573,9.48478],[80.00565,9.48472],[80.00557,9.48471],[80.00542,9.48467],[80.00529,9.48458],[80.00513,9.48438],[80.00497,9.48406],[80.00468,9.48313],[80.00451,9.48262],[80.00431,9.48216],[80.00426,9.48192],[80.00415,9.48152],[80.00399,9.4809],[80.00392,9.48066],[80.00392,9.48042],[80.00399,9.48017],[80.00412,9.47993],[80.00441,9.47951],[80.00462,9.47922],[80.00493,9.47888],[80.0057,9.47805],[80.00615,9.47755],[80.00686,9.47683],[80.007,9.4766],[80.00705,9.47646],[80.00703,9.47635],[80.00709,9.47627],[80.00741,9.47596],[80.00756,9.47572],[80.00782,9.47534],[80.00795,9.47518],[80.008,9.47502],[80.00841,9.47455],[80.00845,9.47442],[80.0085,9.47428],[80.00869,9.47405],[80.00906,9.47368],[80.00964,9.47304],[80.01015,9.4724]]],[[[79.98405,9.30668],[79.98033,9.3],[79.97823,9.29787],[79.97424,9.29627],[79.97289,9.29714],[79.97174,9.29573],[79.97086,9.29327],[79.97086,9.29026],[79.97181,9.28593],[79.97411,9.28219],[79.97762,9.28012],[79.97877,9.28099],[79.97972,9.28092],[79.98222,9.28266],[79.98411,9.28459],[79.9875,9.28519],[79.99121,9.28412],[79.99527,9.28206],[79.99622,9.28079],[79.99615,9.27959],[79.99683,9.27592],[79.9998,9.27065],[80.00212,9.27142],[80.00338,9.27365],[80.00487,9.27365],[80.00501,9.27572],[80.00676,9.27725],[80.00656,9.27932],[80.00528,9.28679],[80.00203,9.28713],[80.00129,9.28726],[80.00122,9.28813],[79.9996,9.28973],[79.99804,9.29],[79.99622,9.28579],[79.99189,9.28833],[79.99155,9.29146],[79.99319,9.29107],[79.99491,9.29277],[79.99268,9.29378],[79.99067,9.29667],[79.99033,9.2982],[79.98864,9.29974],[79.98831,9.30127],[79.9875,9.30214],[79.98817,9.30488],[79.98722,9.30588],[79.98628,9.30681],[79.98405,9.30668]]],[[[80.05537,9.33092],[80.05745,9.32971],[80.05879,9.32963],[80.05922,9.32975],[80.05975,9.33083],[80.06066,9.33144],[80.06051,9.33218],[80.05996,9.33225],[80.05953,9.33294],[80.05805,9.33248],[80.05779,9.33305],[80.05788,9.33374],[80.05778,9.3349],[80.05819,9.33568],[80.05877,9.33784],[80.05851,9.33878],[80.05895,9.33967],[80.05944,9.34074],[80.05744,9.34211],[80.05672,9.34406],[80.05684,9.34524],[80.05671,9.34618],[80.05737,9.34697],[80.05725,9.34749],[80.05702,9.34796],[80.05661,9.34824],[80.05619,9.3482],[80.05558,9.34767],[80.055,9.34688],[80.05452,9.34607],[80.05419,9.34556],[80.05384,9.34537],[80.0536,9.34467],[80.05343,9.34299],[80.05238,9.34017],[80.05198,9.3386],[80.05192,9.33816],[80.05204,9.3378],[80.05236,9.33705],[80.05257,9.33596],[80.0526,9.33544],[80.05254,9.33466],[80.05318,9.33233],[80.05385,9.33179],[80.05537,9.33092]]],[[[80.25498,9.6146],[80.25897,9.61206],[80.2673,9.60819],[80.27931,9.60108],[80.28567,9.59719],[80.29269,9.59372],[80.3077,9.58454],[80.31717,9.57806],[80.32775,9.57068],[80.3421,9.56097],[80.35347,9.55132],[80.35261,9.54912],[80.35772,9.54472],[80.37199,9.53142],[80.3792,9.52059],[80.38296,9.51476],[80.38467,9.51323],[80.38639,9.51408],[80.38813,9.51416],[80.38793,9.51696],[80.39017,9.5195],[80.39291,9.52017],[80.39431,9.51991],[80.39823,9.52034],[80.39961,9.51797],[80.40132,9.5178],[80.40495,9.51957],[80.40582,9.5182],[80.40576,9.51575],[80.40429,9.51508],[80.4027,9.51289],[80.40167,9.51323],[80.39926,9.51256],[80.39858,9.51357],[80.39669,9.51357],[80.39446,9.51374],[80.39343,9.51391],[80.39068,9.51526],[80.39309,9.51138],[80.3924,9.51019],[80.39394,9.50917],[80.39549,9.50697],[80.39703,9.50392],[80.39634,9.50206],[80.39446,9.50104],[80.39274,9.49884],[80.39274,9.49681],[80.39188,9.49427],[80.3924,9.49156],[80.3895,9.48402],[80.38296,9.48293],[80.38261,9.48411],[80.38107,9.48343],[80.38124,9.48157],[80.37866,9.48039],[80.37729,9.48123],[80.37592,9.48005],[80.37557,9.48106],[80.37351,9.48005],[80.37334,9.47903],[80.37231,9.477],[80.37369,9.47683],[80.36802,9.47243],[80.36424,9.47091],[80.35824,9.4687],[80.35412,9.46837],[80.35206,9.46718],[80.34862,9.46752],[80.34693,9.46878],[80.34433,9.47226],[80.34203,9.4735],[80.34004,9.47345],[80.33815,9.47057],[80.33792,9.46655],[80.33626,9.4643],[80.33867,9.46075],[80.33489,9.45736],[80.33249,9.45533],[80.3294,9.45516],[80.32631,9.45617],[80.32186,9.45792],[80.31878,9.46031],[80.31669,9.46176],[80.31463,9.46142],[80.3119,9.46181],[80.31018,9.45995],[80.30813,9.45896],[80.30589,9.45792],[80.30572,9.45589],[80.30744,9.45284],[80.31053,9.45233],[80.31344,9.44776],[80.31121,9.44793],[80.30778,9.45132],[80.30589,9.44996],[80.30881,9.44776],[80.30795,9.44624],[80.30932,9.44285],[80.30709,9.442],[80.30606,9.44319],[80.30726,9.44471],[80.30469,9.44624],[80.30641,9.44844],[80.30366,9.45216],[80.304,9.45419],[80.30211,9.45555],[80.29835,9.45651],[80.29788,9.45733],[80.29679,9.45783],[80.29596,9.45766],[80.29554,9.45782],[80.2947,9.4571],[80.29393,9.45693],[80.29405,9.45764],[80.29345,9.45815],[80.29281,9.45871],[80.2922,9.45868],[80.29244,9.45811],[80.29249,9.45742],[80.292,9.4569],[80.28987,9.4552],[80.29269,9.45267],[80.29251,9.45159],[80.29004,9.45249],[80.28873,9.45013],[80.28632,9.45047],[80.28632,9.45165],[80.28907,9.45165],[80.28976,9.45335],[80.28821,9.45606],[80.28684,9.45538],[80.28598,9.45403],[80.28306,9.45538],[80.28049,9.45487],[80.26708,9.45939],[80.26353,9.46066],[80.26176,9.46295],[80.25792,9.46435],[80.2538,9.4674],[80.25037,9.46825],[80.24874,9.46675],[80.24428,9.46743],[80.23927,9.47158],[80.23584,9.47429],[80.2391,9.47514],[80.24531,9.47691],[80.24683,9.47582],[80.25252,9.47434],[80.25732,9.47115],[80.26092,9.47426],[80.26451,9.47439],[80.2639,9.47567],[80.26529,9.47677],[80.26667,9.47651],[80.27071,9.47657],[80.27279,9.47575],[80.27421,9.47645],[80.27774,9.47502],[80.276,9.47772],[80.27243,9.47928],[80.26282,9.483],[80.25526,9.48842],[80.25149,9.49316],[80.24748,9.49769],[80.24849,9.50609],[80.25447,9.50212],[80.25758,9.49984],[80.26076,9.49722],[80.26419,9.49926],[80.27174,9.49722],[80.27432,9.4976],[80.27684,9.49726],[80.28177,9.49507],[80.27967,9.49715],[80.26837,9.503],[80.25957,9.50882],[80.25528,9.51153],[80.24977,9.51483],[80.24057,9.5203],[80.2326,9.52634],[80.22689,9.531],[80.2238,9.53461],[80.222,9.53548],[80.22136,9.53505],[80.22136,9.5344],[80.22296,9.53315],[80.2217,9.53009],[80.22179,9.52904],[80.22061,9.52754],[80.21441,9.52939],[80.20617,9.53312],[80.19752,9.5383],[80.19454,9.54185],[80.19598,9.5454],[80.19278,9.546],[80.18705,9.54498],[80.17961,9.54092],[80.17057,9.5437],[80.15635,9.55169],[80.143,9.55919],[80.13446,9.56842],[80.12618,9.57784],[80.12289,9.57777],[80.11991,9.5778],[80.11922,9.57702],[80.12112,9.57599],[80.12067,9.57363],[80.11911,9.57363],[80.11736,9.57402],[80.1134,9.57513],[80.11358,9.5774],[80.11076,9.57941],[80.10738,9.58287],[80.10763,9.58559],[80.10302,9.58819],[80.09771,9.58817],[80.09656,9.59004],[80.09226,9.59345],[80.08826,9.59358],[80.08139,9.596],[80.07318,9.59871],[80.06986,9.59895],[80.0656,9.59991],[80.06175,9.60347],[80.06219,9.60566],[80.0638,9.60663],[80.06476,9.60821],[80.06296,9.6101],[80.06162,9.61099],[80.06164,9.61146],[80.06096,9.6116],[80.06025,9.61108],[80.05958,9.6091],[80.05926,9.60572],[80.05829,9.60447],[80.0569,9.60437],[80.05596,9.60375],[80.05549,9.60251],[80.05348,9.60079],[80.05197,9.5992],[80.05608,9.59664],[80.0588,9.59531],[80.06952,9.5905],[80.07708,9.58627],[80.08993,9.57887],[80.10351,9.569],[80.11535,9.56107],[80.13235,9.54768],[80.14702,9.53534],[80.15615,9.52633],[80.16313,9.51944],[80.17535,9.50393],[80.18219,9.49405],[80.18442,9.48998],[80.18596,9.48558],[80.18476,9.48067],[80.18305,9.47729],[80.18047,9.47136],[80.17566,9.47017],[80.17,9.46679],[80.15615,9.44714],[80.15484,9.44527],[80.14514,9.43637],[80.12763,9.42689],[80.12574,9.4274],[80.12165,9.42548],[80.12231,9.42452],[80.11493,9.4191],[80.11098,9.41673],[80.10858,9.41571],[80.0883,9.40832],[80.08643,9.4064],[80.08297,9.40464],[80.08108,9.40568],[80.07261,9.4026],[80.07026,9.40058],[80.06789,9.39894],[80.06412,9.39793],[80.05773,9.39431],[80.0555,9.39143],[80.05361,9.38957],[80.05313,9.37964],[80.05467,9.37811],[80.05467,9.37625],[80.05622,9.37439],[80.0545,9.37235],[80.05414,9.3683],[80.0545,9.36524],[80.06137,9.3588],[80.06223,9.35626],[80.0612,9.35338],[80.06051,9.35103],[80.05879,9.34951],[80.06029,9.34823],[80.06,9.34593],[80.06343,9.34254],[80.0612,9.33695],[80.06343,9.33086],[80.07287,9.32561],[80.08334,9.32476],[80.08918,9.32561],[80.11424,9.30816],[80.11922,9.30325],[80.12279,9.29739],[80.12097,9.29432],[80.12111,9.29122],[80.11991,9.28901],[80.11714,9.28784],[80.11407,9.28512],[80.1127,9.28241],[80.10998,9.27571],[80.10978,9.27309],[80.11115,9.26987],[80.11497,9.26688],[80.11685,9.26485],[80.11857,9.26214],[80.11991,9.25937],[80.12076,9.25378],[80.1163,9.24293],[80.11716,9.23582],[80.11922,9.22972],[80.12042,9.22582],[80.11973,9.22209],[80.11699,9.21684],[80.1173,9.21491],[80.12005,9.21237],[80.11747,9.21186],[80.11555,9.20946],[80.11535,9.20907],[80.11708,9.20948],[80.11716,9.20938],[80.11772,9.20864],[80.11814,9.20901],[80.11833,9.20927],[80.11858,9.20993],[80.11877,9.21021],[80.11917,9.2105],[80.11981,9.21085],[80.12002,9.21129],[80.12005,9.21173],[80.12091,9.21172],[80.12226,9.21152],[80.12432,9.21153],[80.1277,9.21136],[80.12833,9.21125],[80.12971,9.21132],[80.13104,9.21124],[80.1332,9.21085],[80.13556,9.21071],[80.13717,9.21055],[80.13791,9.21053],[80.14046,9.21065],[80.142,9.21059],[80.14428,9.21037],[80.14494,9.2104],[80.14752,9.21075],[80.14813,9.21086],[80.14899,9.21109],[80.14964,9.21134],[80.15154,9.21247],[80.15392,9.21403],[80.15556,9.21537],[80.15622,9.21567],[80.15768,9.21606],[80.15923,9.21664],[80.15979,9.21688],[80.16167,9.21782],[80.16369,9.21907],[80.16487,9.21971],[80.16624,9.2204],[80.16759,9.2212],[80.16868,9.2219],[80.16962,9.22274],[80.1702,9.22319],[80.17081,9.22341],[80.17276,9.22422],[80.17335,9.22448],[80.17398,9.22485],[80.17611,9.22632],[80.17719,9.22713],[80.17917,9.22833],[80.18085,9.22971],[80.18141,9.23008],[80.1821,9.23043],[80.18315,9.23119],[80.18428,9.23186],[80.1849,9.23229],[80.18654,9.2336],[80.18713,9.23401],[80.18903,9.23508],[80.19013,9.23589],[80.19133,9.23652],[80.19175,9.23725],[80.19221,9.23732],[80.19263,9.23725],[80.19301,9.23699],[80.1933,9.2367],[80.19373,9.2364],[80.19513,9.23582],[80.19556,9.23572],[80.19771,9.23543],[80.19819,9.23544],[80.19967,9.2357],[80.20137,9.23623],[80.20184,9.23644],[80.20271,9.23653],[80.20388,9.23648],[80.20437,9.23653],[80.20532,9.23649],[80.20631,9.23642],[80.20731,9.23624],[80.2079,9.23618],[80.2084,9.23619],[80.2095,9.23609],[80.21058,9.23579],[80.21115,9.23576],[80.21216,9.23586],[80.21317,9.23574],[80.21408,9.23534],[80.21467,9.23515],[80.21581,9.23507],[80.21627,9.23495],[80.21725,9.23462],[80.21767,9.23441],[80.21813,9.23407],[80.21805,9.23491],[80.22022,9.2386],[80.21993,9.23906],[80.21945,9.24007],[80.21825,9.2434],[80.21781,9.24491],[80.21736,9.24596],[80.21678,9.2479],[80.21642,9.24974],[80.21611,9.25256],[80.21606,9.25358],[80.21594,9.25458],[80.21591,9.25765],[80.21577,9.25972],[80.21532,9.2627],[80.21514,9.26573],[80.21478,9.26808],[80.21467,9.26986],[80.21469,9.27092],[80.21459,9.27136],[80.21401,9.2725],[80.21388,9.27289],[80.2138,9.27468],[80.21357,9.27674],[80.21653,9.28011],[80.22617,9.28879],[80.23373,9.29507],[80.24065,9.29742],[80.25155,9.30036],[80.26418,9.3029],[80.26947,9.30093],[80.27937,9.29778],[80.29142,9.3006],[80.29837,9.30276],[80.30082,9.30353],[80.31051,9.30669],[80.32134,9.30848],[80.32808,9.30708],[80.33799,9.3066],[80.34576,9.30469],[80.35446,9.30426],[80.36356,9.30263],[80.37647,9.30176],[80.38741,9.30014],[80.39502,9.30102],[80.40652,9.30802],[80.4066,9.30844],[80.40673,9.30974],[80.40673,9.3107],[80.40692,9.31319],[80.40691,9.31544],[80.40697,9.31652],[80.40708,9.3175],[80.40731,9.31851],[80.40742,9.31954],[80.40739,9.32068],[80.40751,9.32239],[80.40751,9.32407],[80.4076,9.32503],[80.40758,9.32594],[80.40767,9.32658],[80.40778,9.32702],[80.40779,9.32745],[80.40765,9.32853],[80.40753,9.33056],[80.40765,9.33459],[80.40765,9.3359],[80.40756,9.33738],[80.4075,9.33792],[80.4074,9.33838],[80.40743,9.33931],[80.40784,9.33953],[80.40874,9.33966],[80.40917,9.33963],[80.41028,9.33974],[80.41138,9.33979],[80.41227,9.33997],[80.41421,9.3402],[80.41575,9.33997],[80.41655,9.33979],[80.41725,9.33981],[80.41799,9.33991],[80.41981,9.34036],[80.42335,9.34109],[80.42504,9.34158],[80.42546,9.34165],[80.42693,9.34151],[80.42771,9.34149],[80.43213,9.34147],[80.43405,9.34155],[80.43768,9.342],[80.43909,9.34234],[80.44025,9.34251],[80.44077,9.34254],[80.44434,9.34237],[80.44614,9.3424],[80.4475,9.34233],[80.4518,9.34262],[80.45376,9.34266],[80.45623,9.34284],[80.45872,9.34283],[80.45945,9.34286],[80.46293,9.34312],[80.46587,9.34345],[80.46699,9.34349],[80.46839,9.34364],[80.46933,9.3437],[80.47156,9.34361],[80.47488,9.34365],[80.47603,9.3437],[80.4798,9.34361],[80.48185,9.34363],[80.48519,9.34374],[80.4884,9.34404],[80.49068,9.34416],[80.49216,9.34417],[80.49377,9.34443],[80.49555,9.34452],[80.49781,9.34446],[80.49891,9.34449],[80.50296,9.34475],[80.50433,9.34473],[80.50605,9.34461],[80.50765,9.3447],[80.50813,9.3447],[80.51019,9.34491],[80.51213,9.34526],[80.51342,9.34505],[80.51358,9.34418],[80.51445,9.34426],[80.51525,9.34438],[80.51586,9.34448],[80.51643,9.34459],[80.51755,9.34499],[80.51828,9.34515],[80.51874,9.34506],[80.51851,9.34632],[80.51851,9.34705],[80.51828,9.34776],[80.51817,9.34836],[80.51856,9.34906],[80.51866,9.3496],[80.51894,9.35008],[80.51893,9.35059],[80.51923,9.35118],[80.51889,9.35166],[80.51878,9.35188],[80.51871,9.35206],[80.51858,9.3523],[80.51832,9.35264],[80.51815,9.35288],[80.51804,9.35308],[80.51819,9.35402],[80.51797,9.35529],[80.51803,9.35573],[80.51804,9.35622],[80.51814,9.35658],[80.51849,9.35708],[80.51884,9.35773],[80.5189,9.35797],[80.51888,9.35823],[80.51852,9.35864],[80.51853,9.35908],[80.51866,9.3595],[80.51907,9.36048],[80.5199,9.36111],[80.52002,9.36158],[80.52003,9.36214],[80.52046,9.363],[80.52124,9.36434],[80.52153,9.36521],[80.52208,9.36615],[80.5225,9.36713],[80.52276,9.36786],[80.52308,9.36814],[80.52323,9.36857],[80.52328,9.36879],[80.52335,9.36891],[80.52345,9.36901],[80.52355,9.36911],[80.52371,9.36927],[80.52366,9.36965],[80.52378,9.36989],[80.5242,9.37015],[80.52437,9.37039],[80.52445,9.37059],[80.52451,9.37067],[80.52461,9.37069],[80.5248,9.37074],[80.52484,9.37089],[80.52491,9.37118],[80.52531,9.37141],[80.52541,9.37163],[80.52542,9.37185],[80.52547,9.37194],[80.52555,9.372],[80.52569,9.37203],[80.52579,9.37218],[80.52588,9.37239],[80.52607,9.37254],[80.52628,9.37265],[80.52627,9.37281],[80.52628,9.37289],[80.52632,9.37296],[80.52633,9.373],[80.52637,9.37305],[80.52634,9.37321],[80.52631,9.37335],[80.52633,9.37354],[80.52647,9.37388],[80.52657,9.37406],[80.5267,9.37412],[80.52678,9.37422],[80.52689,9.3744],[80.52694,9.37452],[80.527,9.37457],[80.52717,9.37472],[80.5272,9.3748],[80.52716,9.37492],[80.52721,9.37505],[80.52739,9.37513],[80.52738,9.37531],[80.52736,9.3755],[80.52753,9.37567],[80.52745,9.37599],[80.52737,9.37619],[80.52748,9.37624],[80.52776,9.37645],[80.52771,9.37656],[80.52781,9.37671],[80.52799,9.37669],[80.52817,9.3767],[80.5282,9.37702],[80.52833,9.37734],[80.52823,9.37773],[80.52844,9.37779],[80.52857,9.37794],[80.52848,9.37816],[80.52852,9.37836],[80.52867,9.37852],[80.52865,9.37877],[80.52877,9.37893],[80.52883,9.37918],[80.52897,9.37928],[80.5291,9.37949],[80.52904,9.37972],[80.52893,9.38016],[80.52887,9.38038],[80.52891,9.38062],[80.52894,9.38104],[80.52892,9.38131],[80.5288,9.3815],[80.52885,9.38167],[80.52896,9.38184],[80.52898,9.38216],[80.52892,9.38252],[80.52876,9.38289],[80.52896,9.38313],[80.52902,9.38359],[80.52896,9.38387],[80.52896,9.38413],[80.52891,9.38456],[80.52887,9.38503],[80.52882,9.38549],[80.52873,9.38576],[80.52879,9.38601],[80.52865,9.38652],[80.52868,9.38681],[80.52852,9.38732],[80.52837,9.38783],[80.52826,9.38797],[80.52822,9.38821],[80.52821,9.38831],[80.52815,9.38867],[80.52801,9.38901],[80.52775,9.38931],[80.52759,9.38955],[80.52771,9.38989],[80.52786,9.39009],[80.52814,9.39031],[80.52846,9.39052],[80.52881,9.39061],[80.52925,9.39062],[80.52931,9.39083],[80.5292,9.39123],[80.52893,9.39163],[80.52902,9.39196],[80.52936,9.39238],[80.52943,9.39254],[80.52957,9.39273],[80.52972,9.39295],[80.52972,9.39318],[80.52975,9.39344],[80.52987,9.39363],[80.53012,9.39398],[80.52999,9.39439],[80.53012,9.39461],[80.53023,9.39487],[80.53019,9.39511],[80.5301,9.39551],[80.52985,9.39591],[80.52973,9.39613],[80.52964,9.39635],[80.52972,9.3966],[80.52988,9.39689],[80.53001,9.39726],[80.53014,9.39751],[80.53081,9.39771],[80.53106,9.39808],[80.53118,9.39852],[80.53125,9.39897],[80.53104,9.39945],[80.53072,9.39984],[80.53075,9.40033],[80.53055,9.40053],[80.53046,9.40081],[80.53054,9.40101],[80.53049,9.40125],[80.53035,9.40141],[80.53027,9.40165],[80.53031,9.40185],[80.53049,9.40204],[80.53048,9.40222],[80.5305,9.40231],[80.53056,9.4024],[80.53058,9.40259],[80.53053,9.40273],[80.53057,9.40293],[80.53053,9.40304],[80.53055,9.40312],[80.53056,9.40321],[80.53064,9.40341],[80.53058,9.40357],[80.53054,9.40369],[80.53055,9.4038],[80.53061,9.40387],[80.53089,9.404],[80.53122,9.40423],[80.53143,9.40457],[80.53181,9.40491],[80.53198,9.40516],[80.53209,9.40512],[80.53235,9.405],[80.53248,9.40495],[80.53295,9.40474],[80.5333,9.40454],[80.53368,9.40421],[80.53411,9.40379],[80.53456,9.40336],[80.53492,9.40293],[80.53532,9.40232],[80.53553,9.40197],[80.53576,9.40161],[80.53683,9.40003],[80.53748,9.39912],[80.53792,9.3985],[80.53838,9.39785],[80.53893,9.39713],[80.5397,9.396],[80.54033,9.39505],[80.54068,9.39455],[80.54109,9.39392],[80.54197,9.39274],[80.54247,9.39214],[80.54287,9.39161],[80.54366,9.39076],[80.54425,9.39012],[80.54482,9.38946],[80.54526,9.38899],[80.54572,9.38849],[80.54598,9.38826],[80.54625,9.3881],[80.54666,9.38788],[80.54693,9.38771],[80.5474,9.38745],[80.54807,9.38712],[80.54867,9.38686],[80.54906,9.38667],[80.54943,9.38649],[80.5497,9.38636],[80.54998,9.38619],[80.5502,9.38603],[80.55041,9.38585],[80.55063,9.38563],[80.55091,9.38536],[80.55146,9.38487],[80.55202,9.38433],[80.55234,9.38405],[80.55275,9.38367],[80.55331,9.38305],[80.55365,9.38267],[80.55381,9.38249],[80.55395,9.38234],[80.55414,9.38216],[80.55431,9.38202],[80.55469,9.38168],[80.55487,9.38151],[80.55508,9.38133],[80.55549,9.38097],[80.55645,9.37998],[80.55708,9.37915],[80.55721,9.37894],[80.55735,9.37873],[80.55758,9.37836],[80.55772,9.3781],[80.55788,9.37774],[80.55805,9.37737],[80.5582,9.37698],[80.55839,9.37663],[80.55855,9.37647],[80.55884,9.37632],[80.55924,9.37609],[80.55965,9.37588],[80.5602,9.3756],[80.56118,9.37508],[80.56212,9.3746],[80.56312,9.37405],[80.56397,9.37361],[80.56479,9.37313],[80.56568,9.37264],[80.56618,9.37231],[80.56689,9.37188],[80.56784,9.37133],[80.5682,9.37113],[80.56948,9.37042],[80.57052,9.36981],[80.57153,9.36924],[80.57261,9.36863],[80.57459,9.36767],[80.57677,9.36665],[80.57889,9.36565],[80.58075,9.36469],[80.58237,9.36394],[80.58367,9.36338],[80.58515,9.36276],[80.58528,9.36273],[80.58536,9.36271],[80.5854,9.36276],[80.58542,9.36312],[80.58539,9.36342],[80.58535,9.36395],[80.58534,9.36432],[80.58534,9.36446],[80.58533,9.36454],[80.58533,9.3647],[80.58532,9.36491],[80.58533,9.36519],[80.58536,9.36546],[80.58544,9.36625],[80.58549,9.36703],[80.58555,9.36759],[80.58563,9.36823],[80.58573,9.36882],[80.58592,9.36994],[80.5861,9.3708],[80.58632,9.37196],[80.58647,9.37277],[80.58655,9.37316],[80.5866,9.37349],[80.58671,9.37411],[80.58677,9.37446],[80.58686,9.37489],[80.58694,9.37526],[80.58702,9.3757],[80.58709,9.37615],[80.58683,9.37655],[80.58631,9.37693],[80.58583,9.37773],[80.58512,9.38016],[80.58491,9.38057],[80.58434,9.38142],[80.5842,9.3819],[80.58422,9.38235],[80.58435,9.38285],[80.58507,9.38434],[80.58521,9.3848],[80.58528,9.38531],[80.58531,9.38642],[80.58517,9.38748],[80.58537,9.38793],[80.58537,9.38839],[80.58547,9.38941],[80.58598,9.39089],[80.58609,9.39137],[80.58611,9.39184],[80.58599,9.39239],[80.58573,9.39294],[80.58543,9.39341],[80.58443,9.39468],[80.58416,9.39512],[80.58403,9.39569],[80.58411,9.39619],[80.58448,9.39723],[80.58532,9.399],[80.5862,9.40041],[80.58639,9.40096],[80.58646,9.4015],[80.58643,9.40196],[80.58626,9.40292],[80.58625,9.40343],[80.58646,9.40395],[80.58676,9.40444],[80.58685,9.40489],[80.58683,9.40535],[80.58672,9.40589],[80.58628,9.40733],[80.58631,9.40782],[80.58642,9.40829],[80.58665,9.40879],[80.58719,9.40968],[80.58849,9.41139],[80.58911,9.41236],[80.58943,9.41268],[80.59075,9.41337],[80.59144,9.41405],[80.59227,9.41469],[80.59323,9.41514],[80.5936,9.41549],[80.5941,9.41631],[80.59467,9.41709],[80.59509,9.41746],[80.59554,9.41747],[80.596,9.41723],[80.59625,9.41684],[80.59667,9.41585],[80.59693,9.41539],[80.59725,9.41494],[80.59768,9.41461],[80.59817,9.4144],[80.59865,9.41436],[80.59915,9.41446],[80.59965,9.41471],[80.60053,9.41544],[80.6009,9.41581],[80.60201,9.41713],[80.60276,9.41785],[80.60319,9.41812],[80.60423,9.41853],[80.60528,9.41922],[80.60565,9.41964],[80.6062,9.42063],[80.60649,9.42162],[80.60658,9.42269],[80.60671,9.42313],[80.60696,9.4236],[80.60726,9.42394],[80.60783,9.42437],[80.60928,9.42534],[80.60955,9.4257],[80.60978,9.42618],[80.61036,9.42778],[80.61109,9.42908],[80.61133,9.42959],[80.61145,9.43004],[80.61151,9.4305],[80.61148,9.432],[80.61164,9.43193],[80.61268,9.43502],[80.61323,9.43948],[80.61399,9.44234],[80.61423,9.44343],[80.61301,9.44394],[80.61176,9.4444],[80.61031,9.44512],[80.60998,9.44536],[80.60908,9.44609],[80.6074,9.44757],[80.60756,9.44796],[80.60762,9.44838],[80.6076,9.44858],[80.60753,9.4487],[80.60739,9.4488],[80.6081,9.44951],[80.60832,9.44934],[80.60888,9.44909],[80.60921,9.44887],[80.60983,9.44833],[80.6104,9.44764],[80.61083,9.44691],[80.61093,9.44659],[80.61129,9.4459],[80.61153,9.44563],[80.61218,9.44522],[80.61247,9.44515],[80.61298,9.44535],[80.61336,9.44566],[80.61362,9.446],[80.61412,9.44679],[80.61426,9.44714],[80.61449,9.44742],[80.61491,9.44753],[80.61555,9.44778],[80.6162,9.44901],[80.61603,9.4493],[80.61564,9.45071],[80.61545,9.45172],[80.61534,9.45314],[80.61522,9.45359],[80.61499,9.45422],[80.61353,9.45658],[80.6011,9.45921],[80.55349,9.48104],[80.47252,9.5212],[80.45483,9.53991],[80.45578,9.55533],[80.45286,9.5652],[80.45034,9.5705],[80.44697,9.57483],[80.43098,9.58549],[80.41134,9.60256],[80.4006,9.61102],[80.35793,9.63356],[80.33211,9.64946],[80.30778,9.67475],[80.29546,9.69132],[80.2887,9.67535],[80.28199,9.66282],[80.27595,9.65253],[80.26895,9.63839],[80.26383,9.62868],[80.25702,9.61695],[80.25498,9.6146]]]]}},{"type":"Feature","properties":{"slug":"mannar","name":"Mannar","district_id":12,"iso":"LK-43"},"geometry":{"type":"MultiPolygon","coordinates":[[[[80.11535,9.20907],[80.11441,9.20718],[80.11188,9.20128],[80.11029,9.19735],[80.10858,9.19854],[80.10823,9.19955],[80.10926,9.20091],[80.10739,9.20083],[80.10562,9.19694],[80.10458,9.19365],[80.10552,9.18753],[80.10632,9.18401],[80.10669,9.18176],[80.10549,9.18108],[80.10411,9.17905],[80.1036,9.17769],[80.10394,9.17532],[80.10274,9.17346],[80.1012,9.17193],[80.09996,9.15984],[80.09492,9.15364],[80.09377,9.15223],[80.08618,9.14289],[80.08456,9.14022],[80.08331,9.13814],[80.084,9.13628],[80.08159,9.13306],[80.08108,9.13001],[80.07953,9.12815],[80.07816,9.12848],[80.07627,9.12696],[80.07541,9.12459],[80.07885,9.12137],[80.07593,9.11696],[80.0761,9.11187],[80.07473,9.10459],[80.07524,9.10289],[80.07713,9.10139],[80.0737,9.09747],[80.07387,9.09509],[80.07421,9.09357],[80.07267,9.09238],[80.06923,9.08831],[80.07061,9.08475],[80.07199,9.07827],[80.06155,9.05724],[80.05982,9.05581],[80.05975,9.05492],[80.05767,9.05307],[80.05726,9.05102],[80.05566,9.04903],[80.05137,9.04103],[80.05102,9.03931],[80.05158,9.03884],[80.05102,9.03726],[80.05095,9.03535],[80.04971,9.03466],[80.04943,9.03336],[80.04853,9.0298],[80.04652,9.02741],[80.04555,9.02748],[80.04472,9.02665],[80.0452,9.02542],[80.04375,9.02371],[80.03959,9.02091],[80.03862,9.0192],[80.04153,9.01625],[80.03876,9.01598],[80.03869,9.01475],[80.03758,9.0155],[80.03779,9.01434],[80.03017,9.01659],[80.02518,9.01468],[80.02019,9.01399],[80.01929,9.01379],[80.0188,9.01276],[80.01721,9.01208],[80.01582,9.01256],[80.01381,9.0116],[80.01617,9.01091],[80.01665,9.0103],[80.01548,9.00859],[80.01451,9.00701],[80.01021,9.00763],[80.00591,9.00215],[80.00051,8.99914],[80.00037,8.9999],[79.99725,8.99757],[79.99205,8.99504],[79.99059,8.99572],[79.99107,8.99368],[79.99157,8.99011],[79.99011,8.98552],[79.98866,8.97991],[79.98707,8.97628],[79.98367,8.97355],[79.97847,8.97273],[79.97792,8.97204],[79.97653,8.97149],[79.97376,8.97286],[79.97106,8.97026],[79.96801,8.96937],[79.96586,8.96677],[79.9624,8.9639],[79.95526,8.9578],[79.95547,8.95527],[79.95311,8.95329],[79.94951,8.94897],[79.9475,8.94726],[79.93614,8.94562],[79.93212,8.94316],[79.93168,8.94292],[79.93081,8.94328],[79.92595,8.9448],[79.92441,8.94549],[79.92263,8.94562],[79.92059,8.94556],[79.91964,8.94496],[79.91708,8.94213],[79.91403,8.94049],[79.9132,8.93987],[79.91119,8.93884],[79.91316,8.93783],[79.91458,8.9384],[79.91565,8.93529],[79.91729,8.93354],[79.91573,8.93201],[79.91649,8.93025],[79.91848,8.93201],[79.9199,8.92837],[79.91782,8.9271],[79.91999,8.92504],[79.92265,8.9225],[79.92599,8.92047],[79.92824,8.91808],[79.93214,8.91637],[79.92904,8.91505],[79.92943,8.91284],[79.92719,8.91148],[79.92874,8.90741],[79.93325,8.90839],[79.93272,8.90419],[79.9356,8.90121],[79.93157,8.9023],[79.93081,8.90362],[79.92775,8.90226],[79.92913,8.89963],[79.93148,8.89849],[79.92922,8.89757],[79.92855,8.89578],[79.92993,8.88996],[79.93011,8.8818],[79.92943,8.87349],[79.92788,8.87111],[79.92738,8.86798],[79.92651,8.86365],[79.9241,8.85687],[79.92403,8.85642],[79.92308,8.85042],[79.92102,8.84415],[79.91999,8.83533],[79.9181,8.83244],[79.91775,8.82973],[79.91667,8.82874],[79.91552,8.82634],[79.91594,8.81962],[79.91435,8.81586],[79.91501,8.8126],[79.91753,8.80832],[79.91658,8.80675],[79.91741,8.8036],[79.91842,8.80228],[79.91999,8.80021],[79.92565,8.79427],[79.93469,8.78052],[79.93898,8.76906],[79.93898,8.76513],[79.94979,8.74519],[79.95948,8.72665],[79.9598,8.72414],[79.95821,8.72022],[79.95313,8.71629],[79.95027,8.71173],[79.94979,8.70734],[79.95138,8.69304],[79.94979,8.68959],[79.95027,8.6866],[79.95233,8.67985],[79.9509,8.67623],[79.94947,8.67215],[79.94947,8.66587],[79.94407,8.66068],[79.94327,8.65738],[79.94296,8.6555],[79.94248,8.65141],[79.94299,8.64886],[79.94248,8.64686],[79.94645,8.63728],[79.94677,8.63366],[79.94762,8.63223],[79.94679,8.63076],[79.94659,8.62951],[79.94486,8.62738],[79.94432,8.62574],[79.94419,8.62374],[79.94264,8.62069],[79.94089,8.61607],[79.93787,8.61528],[79.93208,8.61042],[79.93183,8.6079],[79.92659,8.60287],[79.9247,8.60006],[79.9223,8.59737],[79.92039,8.59391],[79.92023,8.59014],[79.91903,8.58903],[79.91972,8.58275],[79.92007,8.57726],[79.91983,8.56734],[79.92754,8.56448],[79.93181,8.56059],[79.93494,8.55709],[79.93632,8.55636],[79.93761,8.55602],[79.93848,8.5563],[79.93959,8.5566],[79.94286,8.55652],[79.94423,8.55702],[79.94615,8.55836],[79.94795,8.55928],[79.94901,8.55929],[79.95117,8.55855],[79.95222,8.55684],[79.95424,8.55415],[79.95661,8.55256],[79.95867,8.55173],[79.96088,8.55181],[79.96508,8.55014],[79.96702,8.54999],[79.97043,8.5506],[79.97363,8.55196],[79.97562,8.55294],[79.9776,8.55294],[79.97997,8.55158],[79.98356,8.54879],[79.99028,8.54259],[79.99188,8.54188],[79.99593,8.54433],[80.00089,8.54455],[80.00356,8.54297],[80.00612,8.54017],[80.00804,8.53573],[80.01126,8.53433],[80.01296,8.53379],[80.01701,8.53308],[80.02277,8.53256],[80.02636,8.5297],[80.03237,8.52721],[80.03311,8.52563],[80.03363,8.52435],[80.03459,8.52409],[80.03513,8.52395],[80.03631,8.52375],[80.03866,8.5238],[80.03918,8.52372],[80.03971,8.52358],[80.04017,8.52335],[80.04106,8.52274],[80.04161,8.52248],[80.04212,8.52234],[80.04332,8.52219],[80.04384,8.52223],[80.04523,8.52255],[80.0469,8.52304],[80.0474,8.52315],[80.04796,8.52319],[80.04848,8.52314],[80.04897,8.52302],[80.05037,8.52195],[80.05039,8.52471],[80.05025,8.52517],[80.05018,8.52623],[80.05035,8.52838],[80.05034,8.52953],[80.05029,8.53006],[80.05054,8.53382],[80.0507,8.5355],[80.05067,8.53642],[80.0505,8.53786],[80.05049,8.54028],[80.05056,8.54184],[80.05049,8.54324],[80.05051,8.54457],[80.05043,8.54599],[80.05052,8.54728],[80.05042,8.54941],[80.05052,8.55056],[80.05061,8.55109],[80.0508,8.55164],[80.05108,8.55357],[80.05143,8.55684],[80.05147,8.5583],[80.0516,8.56042],[80.05162,8.56405],[80.05167,8.56494],[80.05213,8.56885],[80.05219,8.56988],[80.05218,8.57213],[80.05226,8.57418],[80.05225,8.57642],[80.05217,8.57759],[80.05188,8.57911],[80.05177,8.58014],[80.05179,8.58294],[80.0519,8.58375],[80.05166,8.58625],[80.05149,8.58714],[80.05145,8.58774],[80.05168,8.5918],[80.05164,8.59265],[80.05168,8.59392],[80.0517,8.59428],[80.05199,8.59585],[80.05208,8.5966],[80.052,8.59837],[80.05212,8.59961],[80.05236,8.6014],[80.05253,8.60226],[80.05264,8.60324],[80.05271,8.60485],[80.05268,8.60567],[80.05394,8.61019],[80.05396,8.61246],[80.05409,8.61426],[80.05493,8.62381],[80.05508,8.62762],[80.05512,8.63133],[80.05531,8.63699],[80.05507,8.63881],[80.05377,8.64239],[80.05306,8.64404],[80.05239,8.64575],[80.05186,8.64766],[80.0515,8.64959],[80.05045,8.65314],[80.04998,8.65491],[80.0487,8.65845],[80.04691,8.66421],[80.04504,8.66962],[80.04456,8.67145],[80.04443,8.67323],[80.04632,8.67277],[80.04762,8.67145],[80.04877,8.67008],[80.05031,8.66915],[80.05213,8.66903],[80.05396,8.66861],[80.05546,8.66754],[80.05729,8.66706],[80.05895,8.66595],[80.06048,8.66505],[80.06203,8.66405],[80.06236,8.66227],[80.06359,8.66078],[80.06535,8.66041],[80.06689,8.65947],[80.06874,8.65964],[80.07064,8.6597],[80.07252,8.65899],[80.07416,8.65799],[80.07564,8.65692],[80.07713,8.65592],[80.07858,8.65461],[80.08011,8.65364],[80.08193,8.65412],[80.0837,8.65406],[80.08527,8.65505],[80.08657,8.65625],[80.09014,8.655],[80.09161,8.65396],[80.09512,8.65239],[80.09691,8.65276],[80.10048,8.65373],[80.10209,8.65286],[80.10352,8.6518],[80.10486,8.65059],[80.10673,8.65024],[80.10861,8.65052],[80.11038,8.65092],[80.11207,8.65007],[80.11382,8.64944],[80.11572,8.64963],[80.11759,8.65017],[80.11944,8.65049],[80.1252,8.65178],[80.12701,8.65223],[80.13249,8.65375],[80.13448,8.65414],[80.13633,8.65461],[80.13987,8.65561],[80.14163,8.65604],[80.14349,8.65662],[80.14718,8.65753],[80.14901,8.65805],[80.15262,8.65898],[80.15632,8.65976],[80.16178,8.66081],[80.16541,8.66175],[80.1688,8.66288],[80.17259,8.66389],[80.17454,8.66433],[80.17858,8.66504],[80.18204,8.66638],[80.18774,8.66779],[80.19498,8.66978],[80.19671,8.6702],[80.19861,8.6706],[80.20039,8.67091],[80.20226,8.67155],[80.204,8.67209],[80.20587,8.67252],[80.2076,8.67311],[80.20937,8.67364],[80.21668,8.67537],[80.2185,8.67595],[80.22223,8.6768],[80.22604,8.67777],[80.22963,8.6785],[80.23146,8.67901],[80.23328,8.67962],[80.23498,8.68006],[80.23541,8.68041],[80.23489,8.68217],[80.23399,8.68373],[80.23292,8.68514],[80.23158,8.68646],[80.22981,8.68726],[80.2281,8.68773],[80.22661,8.68873],[80.22549,8.6903],[80.22371,8.69359],[80.22275,8.69527],[80.22266,8.69726],[80.22216,8.69906],[80.22115,8.7007],[80.21747,8.70161],[80.21581,8.70225],[80.21474,8.70377],[80.21398,8.70549],[80.21362,8.70732],[80.21307,8.70907],[80.21163,8.7104],[80.20997,8.71119],[80.20847,8.71227],[80.20735,8.71379],[80.20596,8.71507],[80.20431,8.71583],[80.20297,8.71704],[80.20186,8.71858],[80.2012,8.72025],[80.20075,8.72202],[80.20016,8.72383],[80.19948,8.72547],[80.19868,8.72723],[80.19642,8.7304],[80.19534,8.73181],[80.19423,8.73349],[80.19281,8.73478],[80.18905,8.73549],[80.18747,8.73645],[80.18648,8.73798],[80.18601,8.73973],[80.18538,8.74153],[80.18374,8.74221],[80.1819,8.74251],[80.18035,8.74341],[80.179,8.74474],[80.17742,8.7457],[80.17564,8.74638],[80.17384,8.74671],[80.17223,8.74746],[80.1709,8.7488],[80.17004,8.75036],[80.16996,8.7522],[80.17289,8.75686],[80.17474,8.76003],[80.17603,8.7634],[80.17716,8.76695],[80.17764,8.7688],[80.17823,8.77048],[80.1787,8.77226],[80.17783,8.77457],[80.17939,8.77369],[80.17971,8.7733],[80.18102,8.77262],[80.18266,8.77189],[80.18444,8.7709],[80.18614,8.77003],[80.18794,8.76936],[80.18964,8.76882],[80.19481,8.76668],[80.19633,8.76565],[80.19802,8.7647],[80.19925,8.76599],[80.19976,8.76769],[80.2001,8.76955],[80.20061,8.77139],[80.20123,8.77309],[80.20271,8.77663],[80.20382,8.78025],[80.20505,8.78386],[80.20726,8.78906],[80.21073,8.79571],[80.21171,8.79732],[80.21354,8.80073],[80.21544,8.80411],[80.21598,8.80583],[80.21853,8.81065],[80.22154,8.81541],[80.22335,8.81854],[80.22533,8.82178],[80.22739,8.82488],[80.22967,8.8279],[80.23145,8.82794],[80.23335,8.82771],[80.23529,8.82768],[80.23899,8.82706],[80.24283,8.82655],[80.24473,8.82635],[80.24663,8.82606],[80.25041,8.82567],[80.25273,8.82554],[80.25469,8.82529],[80.25661,8.82489],[80.25849,8.82463],[80.26029,8.82443],[80.2622,8.82434],[80.26396,8.82402],[80.26759,8.82371],[80.26951,8.82364],[80.27145,8.82311],[80.27338,8.82314],[80.27505,8.82329],[80.27889,8.82243],[80.28086,8.82224],[80.28268,8.822],[80.28452,8.8218],[80.28635,8.82174],[80.28814,8.82156],[80.28995,8.82107],[80.29186,8.82074],[80.29566,8.82064],[80.29743,8.82027],[80.29923,8.82085],[80.30091,8.82182],[80.3026,8.82261],[80.30447,8.82357],[80.30768,8.82547],[80.31264,8.82803],[80.31581,8.8298],[80.31752,8.83062],[80.32256,8.83002],[80.32549,8.83096],[80.32677,8.83121],[80.32938,8.83152],[80.33179,8.83174],[80.33462,8.83159],[80.33586,8.83171],[80.33982,8.83246],[80.34114,8.83263],[80.3438,8.83353],[80.34874,8.83557],[80.35234,8.83742],[80.3535,8.83793],[80.35721,8.83924],[80.35849,8.83949],[80.3598,8.83946],[80.36101,8.83914],[80.36224,8.83875],[80.3636,8.83851],[80.36486,8.8385],[80.36628,8.83859],[80.36753,8.83878],[80.36876,8.83914],[80.37003,8.8396],[80.37131,8.83996],[80.37253,8.84047],[80.37387,8.84111],[80.37646,8.84202],[80.37795,8.84255],[80.38293,8.84477],[80.38407,8.84523],[80.38631,8.84605],[80.38872,8.84708],[80.38971,8.84747],[80.39387,8.84911],[80.39491,8.84982],[80.39578,8.85071],[80.39672,8.85149],[80.39774,8.85224],[80.39879,8.85316],[80.40076,8.85508],[80.40247,8.85694],[80.40185,8.86364],[80.40199,8.86423],[80.40209,8.86486],[80.40216,8.8661],[80.40217,8.86684],[80.40202,8.86828],[80.4019,8.87034],[80.40177,8.87114],[80.40053,8.87575],[80.40032,8.87644],[80.39847,8.8805],[80.39795,8.88179],[80.39583,8.88582],[80.39471,8.88858],[80.39432,8.88923],[80.39266,8.89227],[80.39173,8.89432],[80.39125,8.89568],[80.39036,8.89748],[80.38991,8.8989],[80.38962,8.89957],[80.38902,8.90088],[80.38832,8.902],[80.38705,8.90445],[80.38608,8.90705],[80.38569,8.90839],[80.38541,8.90966],[80.38457,8.91249],[80.38442,8.91316],[80.38425,8.91511],[80.38387,8.91792],[80.38372,8.91852],[80.38268,8.92185],[80.38255,8.92257],[80.38237,8.92455],[80.38236,8.92516],[80.38218,8.92674],[80.38194,8.92807],[80.38171,8.93144],[80.38111,8.9342],[80.38106,8.93482],[80.38067,8.93535],[80.38025,8.9364],[80.37926,8.93661],[80.37827,8.9375],[80.37772,8.93783],[80.37708,8.938],[80.37643,8.93807],[80.37589,8.93838],[80.37591,8.939],[80.37598,8.9396],[80.376,8.94089],[80.37577,8.94211],[80.37543,8.94269],[80.37496,8.94323],[80.37444,8.94364],[80.37386,8.94403],[80.37206,8.94509],[80.37151,8.94552],[80.36993,8.94664],[80.36772,8.94797],[80.366,8.94861],[80.36533,8.94862],[80.36478,8.94836],[80.36408,8.9482],[80.36347,8.94817],[80.36287,8.94803],[80.3622,8.94802],[80.3616,8.94832],[80.36096,8.94856],[80.36047,8.94894],[80.36006,8.94944],[80.35913,8.95037],[80.35832,8.95128],[80.35773,8.95156],[80.35567,8.95182],[80.35435,8.95188],[80.35371,8.95196],[80.35306,8.95216],[80.3526,8.95266],[80.35223,8.95316],[80.35198,8.95371],[80.35124,8.95486],[80.35044,8.95582],[80.35014,8.95634],[80.34968,8.95673],[80.34831,8.95682],[80.34774,8.95706],[80.34663,8.95774],[80.34598,8.95791],[80.34528,8.95788],[80.34469,8.95771],[80.34409,8.95749],[80.34347,8.9574],[80.34275,8.95743],[80.34208,8.95755],[80.34148,8.95778],[80.34092,8.95812],[80.34042,8.95851],[80.34011,8.95902],[80.33982,8.95961],[80.33856,8.95967],[80.33786,8.95958],[80.33452,8.9596],[80.33391,8.95968],[80.33323,8.95967],[80.33191,8.95952],[80.33118,8.95952],[80.33053,8.95963],[80.32845,8.95959],[80.32514,8.95905],[80.32315,8.95878],[80.32263,8.95866],[80.31969,8.95768],[80.31764,8.95762],[80.31398,8.95711],[80.31217,8.95693],[80.31034,8.9568],[80.3065,8.95667],[80.30464,8.95655],[80.29871,8.9559],[80.29682,8.95574],[80.29309,8.95547],[80.28931,8.95528],[80.28742,8.95512],[80.28182,8.95449],[80.28046,8.95471],[80.27988,8.95435],[80.27583,8.95381],[80.27351,8.9536],[80.26384,8.95317],[80.26189,8.95299],[80.2578,8.95232],[80.25562,8.95208],[80.24951,8.95162],[80.17503,8.95029],[80.17617,8.9518],[80.17723,8.95331],[80.17804,8.95503],[80.17813,8.95692],[80.17786,8.95875],[80.17712,8.9623],[80.17682,8.96408],[80.17679,8.96584],[80.17695,8.9676],[80.1771,8.9713],[80.17802,8.97282],[80.17956,8.97374],[80.18093,8.97499],[80.18248,8.97591],[80.18413,8.97655],[80.18773,8.97687],[80.18941,8.97771],[80.19006,8.97942],[80.18997,8.98129],[80.18973,8.9831],[80.18902,8.98498],[80.18767,8.98623],[80.18617,8.98725],[80.18446,8.9881],[80.18301,8.98919],[80.18231,8.9909],[80.18137,8.99262],[80.17983,8.99369],[80.17812,8.99432],[80.17634,8.99488],[80.17616,8.99664],[80.17983,9.00545],[80.18057,9.00712],[80.18202,9.01073],[80.18317,9.0143],[80.1844,9.01781],[80.18509,9.01951],[80.18574,9.02124],[80.18648,9.02295],[80.18836,9.02848],[80.1891,9.03026],[80.18977,9.03204],[80.1905,9.03366],[80.19114,9.03549],[80.19314,9.04057],[80.19373,9.04233],[80.19423,9.04414],[80.19487,9.04586],[80.19623,9.04703],[80.198,9.04746],[80.19965,9.04844],[80.2013,9.04915],[80.20291,9.05002],[80.20436,9.05104],[80.20605,9.05189],[80.208,9.05176],[80.20975,9.05214],[80.21152,9.0527],[80.21512,9.05265],[80.21683,9.05332],[80.21864,9.05369],[80.22002,9.05483],[80.21965,9.05656],[80.21937,9.05835],[80.21913,9.06018],[80.21897,9.06195],[80.21823,9.06764],[80.21781,9.07142],[80.2166,9.0786],[80.21653,9.08039],[80.21662,9.08234],[80.21671,9.08791],[80.21666,9.08992],[80.21656,9.09168],[80.21636,9.0936],[80.21608,9.09726],[80.21642,9.09899],[80.21953,9.10393],[80.22065,9.10537],[80.22177,9.10695],[80.22424,9.10983],[80.22524,9.11142],[80.22575,9.11317],[80.22544,9.115],[80.22485,9.11673],[80.2241,9.11834],[80.22202,9.12169],[80.22141,9.12307],[80.22109,9.12416],[80.2208,9.12586],[80.22054,9.12701],[80.22,9.12989],[80.21924,9.13276],[80.21913,9.13331],[80.21893,9.13515],[80.21881,9.13575],[80.21838,9.13687],[80.21824,9.13742],[80.21765,9.14088],[80.21745,9.14145],[80.21708,9.14316],[80.2166,9.14391],[80.21618,9.14438],[80.21497,9.14674],[80.21464,9.14731],[80.21356,9.14893],[80.21239,9.15058],[80.21199,9.15122],[80.21036,9.1536],[80.20899,9.15605],[80.20856,9.15673],[80.20528,9.16104],[80.20484,9.16172],[80.20422,9.16282],[80.20346,9.16389],[80.2027,9.16506],[80.20182,9.16659],[80.20134,9.1673],[80.20042,9.16841],[80.19859,9.17117],[80.1973,9.17278],[80.19688,9.17338],[80.19645,9.17408],[80.19546,9.17603],[80.19535,9.17727],[80.19524,9.17796],[80.19522,9.17858],[80.19499,9.18116],[80.19485,9.1865],[80.19465,9.19014],[80.19442,9.1923],[80.19451,9.19566],[80.19438,9.19833],[80.19425,9.19973],[80.19342,9.20564],[80.19328,9.20857],[80.19324,9.20998],[80.19327,9.21064],[80.19315,9.21329],[80.19299,9.21546],[80.193,9.21623],[80.19289,9.21905],[80.19272,9.22198],[80.19273,9.22398],[80.19263,9.22592],[80.19255,9.22658],[80.19251,9.22736],[80.1922,9.22888],[80.19214,9.22967],[80.19195,9.23094],[80.1918,9.23236],[80.19173,9.23368],[80.19159,9.23499],[80.19178,9.2362],[80.19175,9.23725],[80.19133,9.23652],[80.19013,9.23589],[80.18903,9.23508],[80.18713,9.23401],[80.18654,9.2336],[80.1849,9.23229],[80.18428,9.23186],[80.18315,9.23119],[80.1821,9.23043],[80.18141,9.23008],[80.18085,9.22971],[80.17917,9.22833],[80.17719,9.22713],[80.17611,9.22632],[80.17398,9.22485],[80.17335,9.22448],[80.17276,9.22422],[80.17081,9.22341],[80.1702,9.22319],[80.16962,9.22274],[80.16868,9.2219],[80.16759,9.2212],[80.16624,9.2204],[80.16487,9.21971],[80.16369,9.21907],[80.16167,9.21782],[80.15979,9.21688],[80.15923,9.21664],[80.15768,9.21606],[80.15622,9.21567],[80.15556,9.21537],[80.15392,9.21403],[80.15154,9.21247],[80.14964,9.21134],[80.14899,9.21109],[80.14813,9.21086],[80.14752,9.21075],[80.14494,9.2104],[80.14428,9.21037],[80.142,9.21059],[80.14046,9.21065],[80.13791,9.21053],[80.13717,9.21055],[80.13556,9.21071],[80.1332,9.21085],[80.13104,9.21124],[80.12971,9.21132],[80.12833,9.21125],[80.1277,9.21136],[80.12432,9.21153],[80.12226,9.21152],[80.12091,9.21172],[80.12005,9.21173],[80.12002,9.21129],[80.11981,9.21085],[80.11917,9.2105],[80.11877,9.21021],[80.11858,9.20993],[80.11833,9.20927],[80.11814,9.20901],[80.11772,9.20864],[80.11716,9.20938],[80.11708,9.20948],[80.11535,9.20907]]],[[[79.91381,8.94183],[79.91379,8.94417],[79.91739,8.95105],[79.91835,8.95484],[79.91595,8.95627],[79.91307,8.95686],[79.91078,8.95567],[79.90994,8.95378],[79.90586,8.94773],[79.90286,8.94239],[79.90478,8.94026],[79.90622,8.93895],[79.91054,8.94014],[79.91381,8.94183]]],[[[79.90226,8.94678],[79.90514,8.95093],[79.9073,8.95449],[79.90917,8.95557],[79.9079,8.95864],[79.90274,8.96172],[79.89806,8.96077],[79.8959,8.96018],[79.89386,8.95698],[79.89133,8.95567],[79.89217,8.95224],[79.89313,8.95295],[79.89542,8.9514],[79.90094,8.94678],[79.90226,8.94678]]],[[[79.89066,8.95559],[79.891,8.95678],[79.88997,8.9583],[79.88639,8.96501],[79.88719,8.96536],[79.89249,8.963],[79.89343,8.96291],[79.89426,8.96258],[79.89452,8.96222],[79.89478,8.96261],[79.89543,8.96389],[79.89703,8.9652],[79.89612,8.96574],[79.8963,8.96795],[79.90162,8.96964],[79.90702,8.97113],[79.90983,8.97248],[79.91203,8.97473],[79.91263,8.97548],[79.91376,8.9756],[79.91508,8.97559],[79.91526,8.97535],[79.91569,8.97536],[79.91574,8.97567],[79.91596,8.9757],[79.91656,8.97538],[79.91709,8.9754],[79.91757,8.97544],[79.91755,8.9759],[79.91858,8.97609],[79.91907,8.97637],[79.92009,8.97637],[79.92115,8.9758],[79.92255,8.97534],[79.92401,8.97567],[79.9265,8.9755],[79.92788,8.97795],[79.92651,8.98253],[79.92385,8.98409],[79.91928,8.9866],[79.91707,8.98788],[79.90145,8.99592],[79.88267,9.01307],[79.8798,9.01624],[79.87902,9.01716],[79.87868,9.01779],[79.87858,9.0182],[79.87681,9.02008],[79.87625,9.0211],[79.87628,9.02136],[79.87451,9.02485],[79.87464,9.02513],[79.87426,9.02548],[79.87383,9.02657],[79.87301,9.02732],[79.87169,9.0295],[79.87104,9.03358],[79.86863,9.03595],[79.86874,9.04026],[79.86788,9.04263],[79.86565,9.04246],[79.86307,9.04433],[79.86119,9.04704],[79.86119,9.04924],[79.85998,9.05314],[79.85741,9.0567],[79.85312,9.06111],[79.85998,9.05738],[79.85981,9.05518],[79.86084,9.05484],[79.86239,9.05263],[79.8617,9.05043],[79.86273,9.0484],[79.86239,9.04704],[79.86359,9.04551],[79.86582,9.04467],[79.86977,9.04314],[79.8708,9.04128],[79.87104,9.03939],[79.8705,9.03736],[79.8813,9.03128],[79.89681,9.02559],[79.90557,9.02136],[79.91346,9.01695],[79.91827,9.01034],[79.92616,9.00915],[79.92754,9.00966],[79.92618,9.01226],[79.92163,9.01421],[79.90969,9.0239],[79.90998,9.02538],[79.90323,9.03324],[79.90256,9.03599],[79.89179,9.04504],[79.89166,9.04777],[79.86214,9.07255],[79.85578,9.07645],[79.85126,9.07865],[79.84492,9.08095],[79.84118,9.08224],[79.83081,9.08516],[79.8181,9.08915],[79.8109,9.09154],[79.79811,9.09628],[79.78074,9.10107],[79.77905,9.10154],[79.76732,9.10349],[79.75366,9.10571],[79.74991,9.10639],[79.742,9.10712],[79.73683,9.10732],[79.73135,9.10779],[79.73095,9.10767],[79.72884,9.10749],[79.72855,9.10742],[79.72824,9.10727],[79.70989,9.10483],[79.69871,9.10001],[79.69803,9.09747],[79.69425,9.09662],[79.69288,9.09476],[79.69442,9.09544],[79.69683,9.09578],[79.69523,9.09345],[79.69306,9.0925],[79.68978,9.09148],[79.69034,9.08863],[79.69099,9.08713],[79.69219,9.08832],[79.69374,9.08933],[79.69449,9.08663],[79.69579,9.08532],[79.69734,9.08493],[79.69809,9.08286],[79.69695,9.08102],[79.69538,9.08053],[79.69125,9.08003],[79.68918,9.08084],[79.68769,9.08125],[79.68681,9.07958],[79.68541,9.07893],[79.68406,9.07843],[79.68499,9.07724],[79.6862,9.07596],[79.68754,9.07574],[79.68795,9.07566],[79.68819,9.07596],[79.68793,9.07658],[79.68791,9.07709],[79.68825,9.07721],[79.68919,9.07786],[79.69035,9.07811],[79.69382,9.07842],[79.69692,9.07802],[79.69978,9.07792],[79.70364,9.07762],[79.70551,9.07776],[79.71349,9.0769],[79.71656,9.07636],[79.72475,9.07494],[79.72932,9.07381],[79.73539,9.07183],[79.74684,9.06815],[79.77385,9.05697],[79.79424,9.04629],[79.81167,9.03511],[79.82753,9.02375],[79.84182,9.01222],[79.85175,9.00309],[79.86116,8.99449],[79.87092,8.98364],[79.87612,8.97726],[79.88166,8.96898],[79.88585,8.96342],[79.88928,8.9578],[79.89066,8.95559]]]]}},{"type":"Feature","properties":{"slug":"mullaitivu","name":"Mullaitivu","district_id":14,"iso":"LK-45"},"geometry":{"type":"Polygon","coordinates":[[[80.61353,9.45658],[80.61499,9.45422],[80.61522,9.45359],[80.61534,9.45314],[80.61545,9.45172],[80.61564,9.45071],[80.61603,9.4493],[80.6162,9.44901],[80.61555,9.44778],[80.61491,9.44753],[80.61449,9.44742],[80.61426,9.44714],[80.61412,9.44679],[80.61362,9.446],[80.61336,9.44566],[80.61298,9.44535],[80.61247,9.44515],[80.61218,9.44522],[80.61153,9.44563],[80.61129,9.4459],[80.61093,9.44659],[80.61083,9.44691],[80.6104,9.44764],[80.60983,9.44833],[80.60921,9.44887],[80.60888,9.44909],[80.60832,9.44934],[80.6081,9.44951],[80.60739,9.4488],[80.60753,9.4487],[80.6076,9.44858],[80.60762,9.44838],[80.60756,9.44796],[80.6074,9.44757],[80.60908,9.44609],[80.60998,9.44536],[80.61031,9.44512],[80.61176,9.4444],[80.61301,9.44394],[80.61423,9.44343],[80.61399,9.44234],[80.61323,9.43948],[80.61268,9.43502],[80.61164,9.43193],[80.61148,9.432],[80.61151,9.4305],[80.61145,9.43004],[80.61133,9.42959],[80.61109,9.42908],[80.61036,9.42778],[80.60978,9.42618],[80.60955,9.4257],[80.60928,9.42534],[80.60783,9.42437],[80.60726,9.42394],[80.60696,9.4236],[80.60671,9.42313],[80.60658,9.42269],[80.60649,9.42162],[80.6062,9.42063],[80.60565,9.41964],[80.60528,9.41922],[80.60423,9.41853],[80.60319,9.41812],[80.60276,9.41785],[80.60201,9.41713],[80.6009,9.41581],[80.60053,9.41544],[80.59965,9.41471],[80.59915,9.41446],[80.59865,9.41436],[80.59817,9.4144],[80.59768,9.41461],[80.59725,9.41494],[80.59693,9.41539],[80.59667,9.41585],[80.59625,9.41684],[80.596,9.41723],[80.59554,9.41747],[80.59509,9.41746],[80.59467,9.41709],[80.5941,9.41631],[80.5936,9.41549],[80.59323,9.41514],[80.59227,9.41469],[80.59144,9.41405],[80.59075,9.41337],[80.58943,9.41268],[80.58911,9.41236],[80.58849,9.41139],[80.58719,9.40968],[80.58665,9.40879],[80.58642,9.40829],[80.58631,9.40782],[80.58628,9.40733],[80.58672,9.40589],[80.58683,9.40535],[80.58685,9.40489],[80.58676,9.40444],[80.58646,9.40395],[80.58625,9.40343],[80.58626,9.40292],[80.58643,9.40196],[80.58646,9.4015],[80.58639,9.40096],[80.5862,9.40041],[80.58532,9.399],[80.58448,9.39723],[80.58411,9.39619],[80.58403,9.39569],[80.58416,9.39512],[80.58443,9.39468],[80.58543,9.39341],[80.58573,9.39294],[80.58599,9.39239],[80.58611,9.39184],[80.58609,9.39137],[80.58598,9.39089],[80.58547,9.38941],[80.58537,9.38839],[80.58537,9.38793],[80.58517,9.38748],[80.58531,9.38642],[80.58528,9.38531],[80.58521,9.3848],[80.58507,9.38434],[80.58435,9.38285],[80.58422,9.38235],[80.5842,9.3819],[80.58434,9.38142],[80.58491,9.38057],[80.58512,9.38016],[80.58583,9.37773],[80.58631,9.37693],[80.58683,9.37655],[80.58709,9.37615],[80.58702,9.3757],[80.58694,9.37526],[80.58686,9.37489],[80.58677,9.37446],[80.58671,9.37411],[80.5866,9.37349],[80.58655,9.37316],[80.58647,9.37277],[80.58632,9.37196],[80.5861,9.3708],[80.58592,9.36994],[80.58573,9.36882],[80.58563,9.36823],[80.58555,9.36759],[80.58549,9.36703],[80.58544,9.36625],[80.58536,9.36546],[80.58533,9.36519],[80.58532,9.36491],[80.58533,9.3647],[80.58533,9.36454],[80.58534,9.36446],[80.58534,9.36432],[80.58535,9.36395],[80.58539,9.36342],[80.58542,9.36312],[80.5854,9.36276],[80.58536,9.36271],[80.58528,9.36273],[80.58515,9.36276],[80.58367,9.36338],[80.58237,9.36394],[80.58075,9.36469],[80.57889,9.36565],[80.57677,9.36665],[80.57459,9.36767],[80.57261,9.36863],[80.57153,9.36924],[80.57052,9.36981],[80.56948,9.37042],[80.5682,9.37113],[80.56784,9.37133],[80.56689,9.37188],[80.56618,9.37231],[80.56568,9.37264],[80.56479,9.37313],[80.56397,9.37361],[80.56312,9.37405],[80.56212,9.3746],[80.56118,9.37508],[80.5602,9.3756],[80.55965,9.37588],[80.55924,9.37609],[80.55884,9.37632],[80.55855,9.37647],[80.55839,9.37663],[80.5582,9.37698],[80.55805,9.37737],[80.55788,9.37774],[80.55772,9.3781],[80.55758,9.37836],[80.55735,9.37873],[80.55721,9.37894],[80.55708,9.37915],[80.55645,9.37998],[80.55549,9.38097],[80.55508,9.38133],[80.55487,9.38151],[80.55469,9.38168],[80.55431,9.38202],[80.55414,9.38216],[80.55395,9.38234],[80.55381,9.38249],[80.55365,9.38267],[80.55331,9.38305],[80.55275,9.38367],[80.55234,9.38405],[80.55202,9.38433],[80.55146,9.38487],[80.55091,9.38536],[80.55063,9.38563],[80.55041,9.38585],[80.5502,9.38603],[80.54998,9.38619],[80.5497,9.38636],[80.54943,9.38649],[80.54906,9.38667],[80.54867,9.38686],[80.54807,9.38712],[80.5474,9.38745],[80.54693,9.38771],[80.54666,9.38788],[80.54625,9.3881],[80.54598,9.38826],[80.54572,9.38849],[80.54526,9.38899],[80.54482,9.38946],[80.54425,9.39012],[80.54366,9.39076],[80.54287,9.39161],[80.54247,9.39214],[80.54197,9.39274],[80.54109,9.39392],[80.54068,9.39455],[80.54033,9.39505],[80.5397,9.396],[80.53893,9.39713],[80.53838,9.39785],[80.53792,9.3985],[80.53748,9.39912],[80.53683,9.40003],[80.53576,9.40161],[80.53553,9.40197],[80.53532,9.40232],[80.53492,9.40293],[80.53456,9.40336],[80.53411,9.40379],[80.53368,9.40421],[80.5333,9.40454],[80.53295,9.40474],[80.53248,9.40495],[80.53235,9.405],[80.53209,9.40512],[80.53198,9.40516],[80.53181,9.40491],[80.53143,9.40457],[80.53122,9.40423],[80.53089,9.404],[80.53061,9.40387],[80.53055,9.4038],[80.53054,9.40369],[80.53058,9.40357],[80.53064,9.40341],[80.53056,9.40321],[80.53055,9.40312],[80.53053,9.40304],[80.53057,9.40293],[80.53053,9.40273],[80.53058,9.40259],[80.53056,9.4024],[80.5305,9.40231],[80.53048,9.40222],[80.53049,9.40204],[80.53031,9.40185],[80.53027,9.40165],[80.53035,9.40141],[80.53049,9.40125],[80.53054,9.40101],[80.53046,9.40081],[80.53055,9.40053],[80.53075,9.40033],[80.53072,9.39984],[80.53104,9.39945],[80.53125,9.39897],[80.53118,9.39852],[80.53106,9.39808],[80.53081,9.39771],[80.53014,9.39751],[80.53001,9.39726],[80.52988,9.39689],[80.52972,9.3966],[80.52964,9.39635],[80.52973,9.39613],[80.52985,9.39591],[80.5301,9.39551],[80.53019,9.39511],[80.53023,9.39487],[80.53012,9.39461],[80.52999,9.39439],[80.53012,9.39398],[80.52987,9.39363],[80.52975,9.39344],[80.52972,9.39318],[80.52972,9.39295],[80.52957,9.39273],[80.52943,9.39254],[80.52936,9.39238],[80.52902,9.39196],[80.52893,9.39163],[80.5292,9.39123],[80.52931,9.39083],[80.52925,9.39062],[80.52881,9.39061],[80.52846,9.39052],[80.52814,9.39031],[80.52786,9.39009],[80.52771,9.38989],[80.52759,9.38955],[80.52775,9.38931],[80.52801,9.38901],[80.52815,9.38867],[80.52821,9.38831],[80.52822,9.38821],[80.52826,9.38797],[80.52837,9.38783],[80.52852,9.38732],[80.52868,9.38681],[80.52865,9.38652],[80.52879,9.38601],[80.52873,9.38576],[80.52882,9.38549],[80.52887,9.38503],[80.52891,9.38456],[80.52896,9.38413],[80.52896,9.38387],[80.52902,9.38359],[80.52896,9.38313],[80.52876,9.38289],[80.52892,9.38252],[80.52898,9.38216],[80.52896,9.38184],[80.52885,9.38167],[80.5288,9.3815],[80.52892,9.38131],[80.52894,9.38104],[80.52891,9.38062],[80.52887,9.38038],[80.52893,9.38016],[80.52904,9.37972],[80.5291,9.37949],[80.52897,9.37928],[80.52883,9.37918],[80.52877,9.37893],[80.52865,9.37877],[80.52867,9.37852],[80.52852,9.37836],[80.52848,9.37816],[80.52857,9.37794],[80.52844,9.37779],[80.52823,9.37773],[80.52833,9.37734],[80.5282,9.37702],[80.52817,9.3767],[80.52799,9.37669],[80.52781,9.37671],[80.52771,9.37656],[80.52776,9.37645],[80.52748,9.37624],[80.52737,9.37619],[80.52745,9.37599],[80.52753,9.37567],[80.52736,9.3755],[80.52738,9.37531],[80.52739,9.37513],[80.52721,9.37505],[80.52716,9.37492],[80.5272,9.3748],[80.52717,9.37472],[80.527,9.37457],[80.52694,9.37452],[80.52689,9.3744],[80.52678,9.37422],[80.5267,9.37412],[80.52657,9.37406],[80.52647,9.37388],[80.52633,9.37354],[80.52631,9.37335],[80.52634,9.37321],[80.52637,9.37305],[80.52633,9.373],[80.52632,9.37296],[80.52628,9.37289],[80.52627,9.37281],[80.52628,9.37265],[80.52607,9.37254],[80.52588,9.37239],[80.52579,9.37218],[80.52569,9.37203],[80.52555,9.372],[80.52547,9.37194],[80.52542,9.37185],[80.52541,9.37163],[80.52531,9.37141],[80.52491,9.37118],[80.52484,9.37089],[80.5248,9.37074],[80.52461,9.37069],[80.52451,9.37067],[80.52445,9.37059],[80.52437,9.37039],[80.5242,9.37015],[80.52378,9.36989],[80.52366,9.36965],[80.52371,9.36927],[80.52355,9.36911],[80.52345,9.36901],[80.52335,9.36891],[80.52328,9.36879],[80.52323,9.36857],[80.52308,9.36814],[80.52276,9.36786],[80.5225,9.36713],[80.52208,9.36615],[80.52153,9.36521],[80.52124,9.36434],[80.52046,9.363],[80.52003,9.36214],[80.52002,9.36158],[80.5199,9.36111],[80.51907,9.36048],[80.51866,9.3595],[80.51853,9.35908],[80.51852,9.35864],[80.51888,9.35823],[80.5189,9.35797],[80.51884,9.35773],[80.51849,9.35708],[80.51814,9.35658],[80.51804,9.35622],[80.51803,9.35573],[80.51797,9.35529],[80.51819,9.35402],[80.51804,9.35308],[80.51815,9.35288],[80.51832,9.35264],[80.51858,9.3523],[80.51871,9.35206],[80.51878,9.35188],[80.51889,9.35166],[80.51923,9.35118],[80.51893,9.35059],[80.51894,9.35008],[80.51866,9.3496],[80.51856,9.34906],[80.51817,9.34836],[80.51828,9.34776],[80.51851,9.34705],[80.51851,9.34632],[80.51874,9.34506],[80.51828,9.34515],[80.51755,9.34499],[80.51643,9.34459],[80.51586,9.34448],[80.51525,9.34438],[80.51445,9.34426],[80.51358,9.34418],[80.51342,9.34505],[80.51213,9.34526],[80.51019,9.34491],[80.50813,9.3447],[80.50765,9.3447],[80.50605,9.34461],[80.50433,9.34473],[80.50296,9.34475],[80.49891,9.34449],[80.49781,9.34446],[80.49555,9.34452],[80.49377,9.34443],[80.49216,9.34417],[80.49068,9.34416],[80.4884,9.34404],[80.48519,9.34374],[80.48185,9.34363],[80.4798,9.34361],[80.47603,9.3437],[80.47488,9.34365],[80.47156,9.34361],[80.46933,9.3437],[80.46839,9.34364],[80.46699,9.34349],[80.46587,9.34345],[80.46293,9.34312],[80.45945,9.34286],[80.45872,9.34283],[80.45623,9.34284],[80.45376,9.34266],[80.4518,9.34262],[80.4475,9.34233],[80.44614,9.3424],[80.44434,9.34237],[80.44077,9.34254],[80.44025,9.34251],[80.43909,9.34234],[80.43768,9.342],[80.43405,9.34155],[80.43213,9.34147],[80.42771,9.34149],[80.42693,9.34151],[80.42546,9.34165],[80.42504,9.34158],[80.42335,9.34109],[80.41981,9.34036],[80.41799,9.33991],[80.41725,9.33981],[80.41655,9.33979],[80.41575,9.33997],[80.41421,9.3402],[80.41227,9.33997],[80.41138,9.33979],[80.41028,9.33974],[80.40917,9.33963],[80.40874,9.33966],[80.40784,9.33953],[80.40743,9.33931],[80.4074,9.33838],[80.4075,9.33792],[80.40756,9.33738],[80.40765,9.3359],[80.40765,9.33459],[80.40753,9.33056],[80.40765,9.32853],[80.40779,9.32745],[80.40778,9.32702],[80.40767,9.32658],[80.40758,9.32594],[80.4076,9.32503],[80.40751,9.32407],[80.40751,9.32239],[80.40739,9.32068],[80.40742,9.31954],[80.40731,9.31851],[80.40708,9.3175],[80.40697,9.31652],[80.40691,9.31544],[80.40692,9.31319],[80.40673,9.3107],[80.40673,9.30974],[80.4066,9.30844],[80.40652,9.30802],[80.39502,9.30102],[80.38741,9.30014],[80.37647,9.30176],[80.36356,9.30263],[80.35446,9.30426],[80.34576,9.30469],[80.33799,9.3066],[80.32808,9.30708],[80.32134,9.30848],[80.31051,9.30669],[80.30082,9.30353],[80.29837,9.30276],[80.29142,9.3006],[80.27937,9.29778],[80.26947,9.30093],[80.26418,9.3029],[80.25155,9.30036],[80.24065,9.29742],[80.23373,9.29507],[80.22617,9.28879],[80.21653,9.28011],[80.21357,9.27674],[80.2138,9.27468],[80.21388,9.27289],[80.21401,9.2725],[80.21459,9.27136],[80.21469,9.27092],[80.21467,9.26986],[80.21478,9.26808],[80.21514,9.26573],[80.21532,9.2627],[80.21577,9.25972],[80.21591,9.25765],[80.21594,9.25458],[80.21606,9.25358],[80.21611,9.25256],[80.21642,9.24974],[80.21678,9.2479],[80.21736,9.24596],[80.21781,9.24491],[80.21825,9.2434],[80.21945,9.24007],[80.21993,9.23906],[80.22022,9.2386],[80.21805,9.23491],[80.21813,9.23407],[80.21767,9.23441],[80.21725,9.23462],[80.21627,9.23495],[80.21581,9.23507],[80.21467,9.23515],[80.21408,9.23534],[80.21317,9.23574],[80.21216,9.23586],[80.21115,9.23576],[80.21058,9.23579],[80.2095,9.23609],[80.2084,9.23619],[80.2079,9.23618],[80.20731,9.23624],[80.20631,9.23642],[80.20532,9.23649],[80.20437,9.23653],[80.20388,9.23648],[80.20271,9.23653],[80.20184,9.23644],[80.20137,9.23623],[80.19967,9.2357],[80.19819,9.23544],[80.19771,9.23543],[80.19556,9.23572],[80.19513,9.23582],[80.19373,9.2364],[80.1933,9.2367],[80.19301,9.23699],[80.19263,9.23725],[80.19221,9.23732],[80.19175,9.23725],[80.19178,9.2362],[80.19159,9.23499],[80.19173,9.23368],[80.1918,9.23236],[80.19195,9.23094],[80.19214,9.22967],[80.1922,9.22888],[80.19251,9.22736],[80.19255,9.22658],[80.19263,9.22592],[80.19273,9.22398],[80.19272,9.22198],[80.19289,9.21905],[80.193,9.21623],[80.19299,9.21546],[80.19315,9.21329],[80.19327,9.21064],[80.19324,9.20998],[80.19328,9.20857],[80.19342,9.20564],[80.19425,9.19973],[80.19438,9.19833],[80.19451,9.19566],[80.19442,9.1923],[80.19465,9.19014],[80.19485,9.1865],[80.19499,9.18116],[80.19522,9.17858],[80.19524,9.17796],[80.19535,9.17727],[80.19546,9.17603],[80.19645,9.17408],[80.19688,9.17338],[80.1973,9.17278],[80.19859,9.17117],[80.20042,9.16841],[80.20134,9.1673],[80.20182,9.16659],[80.2027,9.16506],[80.20346,9.16389],[80.20422,9.16282],[80.20484,9.16172],[80.20528,9.16104],[80.20856,9.15673],[80.20899,9.15605],[80.21036,9.1536],[80.21199,9.15122],[80.21239,9.15058],[80.21356,9.14893],[80.21464,9.14731],[80.21497,9.14674],[80.21618,9.14438],[80.2166,9.14391],[80.21708,9.14316],[80.21745,9.14145],[80.21765,9.14088],[80.21824,9.13742],[80.21838,9.13687],[80.21881,9.13575],[80.21893,9.13515],[80.21913,9.13331],[80.21924,9.13276],[80.22,9.12989],[80.22054,9.12701],[80.2208,9.12586],[80.22109,9.12416],[80.22141,9.12307],[80.22202,9.12169],[80.2241,9.11834],[80.22485,9.11673],[80.22544,9.115],[80.22575,9.11317],[80.22524,9.11142],[80.22424,9.10983],[80.22177,9.10695],[80.22065,9.10537],[80.21953,9.10393],[80.21642,9.09899],[80.21608,9.09726],[80.21636,9.0936],[80.21656,9.09168],[80.21666,9.08992],[80.21671,9.08791],[80.21662,9.08234],[80.21653,9.08039],[80.2166,9.0786],[80.21781,9.07142],[80.21823,9.06764],[80.21897,9.06195],[80.21913,9.06018],[80.21937,9.05835],[80.21965,9.05656],[80.22002,9.05483],[80.21864,9.05369],[80.21683,9.05332],[80.21512,9.05265],[80.21152,9.0527],[80.20975,9.05214],[80.208,9.05176],[80.20605,9.05189],[80.20436,9.05104],[80.20291,9.05002],[80.2013,9.04915],[80.19965,9.04844],[80.198,9.04746],[80.19623,9.04703],[80.19487,9.04586],[80.19423,9.04414],[80.19373,9.04233],[80.19314,9.04057],[80.19114,9.03549],[80.1905,9.03366],[80.18977,9.03204],[80.1891,9.03026],[80.18836,9.02848],[80.18648,9.02295],[80.18574,9.02124],[80.18509,9.01951],[80.1844,9.01781],[80.18317,9.0143],[80.18202,9.01073],[80.18057,9.00712],[80.17983,9.00545],[80.17616,8.99664],[80.17634,8.99488],[80.17812,8.99432],[80.17983,8.99369],[80.18137,8.99262],[80.18231,8.9909],[80.18301,8.98919],[80.18446,8.9881],[80.18617,8.98725],[80.18767,8.98623],[80.18902,8.98498],[80.18973,8.9831],[80.18997,8.98129],[80.19006,8.97942],[80.18941,8.97771],[80.18773,8.97687],[80.18413,8.97655],[80.18248,8.97591],[80.18093,8.97499],[80.17956,8.97374],[80.17802,8.97282],[80.1771,8.9713],[80.17695,8.9676],[80.17679,8.96584],[80.17682,8.96408],[80.17712,8.9623],[80.17786,8.95875],[80.17813,8.95692],[80.17804,8.95503],[80.17723,8.95331],[80.17617,8.9518],[80.17503,8.95029],[80.24951,8.95162],[80.25562,8.95208],[80.2578,8.95232],[80.26189,8.95299],[80.26384,8.95317],[80.27351,8.9536],[80.27583,8.95381],[80.27988,8.95435],[80.28046,8.95471],[80.28182,8.95449],[80.28742,8.95512],[80.28931,8.95528],[80.29309,8.95547],[80.29682,8.95574],[80.29871,8.9559],[80.30464,8.95655],[80.3065,8.95667],[80.31034,8.9568],[80.31217,8.95693],[80.31398,8.95711],[80.31764,8.95762],[80.31969,8.95768],[80.32263,8.95866],[80.32315,8.95878],[80.32514,8.95905],[80.32845,8.95959],[80.33053,8.95963],[80.33118,8.95952],[80.33191,8.95952],[80.33323,8.95967],[80.33391,8.95968],[80.33452,8.9596],[80.33786,8.95958],[80.33856,8.95967],[80.33982,8.95961],[80.34011,8.95902],[80.34066,8.95936],[80.34224,8.96043],[80.34332,8.96098],[80.34385,8.96137],[80.34438,8.96185],[80.3463,8.96381],[80.34753,8.9646],[80.34882,8.96535],[80.35059,8.96628],[80.35457,8.96871],[80.35792,8.97049],[80.36035,8.97155],[80.36159,8.97219],[80.36584,8.97495],[80.36774,8.97625],[80.37075,8.97804],[80.37135,8.97836],[80.37202,8.97864],[80.37335,8.97931],[80.3738,8.97992],[80.37465,8.97997],[80.3752,8.98034],[80.37581,8.98084],[80.37639,8.98121],[80.37776,8.98185],[80.37914,8.98278],[80.38038,8.98372],[80.38216,8.98491],[80.38348,8.98589],[80.38467,8.98666],[80.38837,8.98947],[80.39085,8.99114],[80.39269,8.99264],[80.39456,8.99407],[80.39646,8.99542],[80.39696,8.99585],[80.39891,8.99791],[80.40079,8.99972],[80.40185,9.00065],[80.4033,9.00208],[80.40492,9.00346],[80.40586,9.00436],[80.40628,9.00483],[80.40791,9.0063],[80.41005,9.00793],[80.4112,9.00886],[80.41308,9.01092],[80.41477,9.01243],[80.4164,9.01401],[80.41946,9.01676],[80.42076,9.01799],[80.42341,9.02022],[80.42475,9.02195],[80.42581,9.02294],[80.42892,9.02556],[80.43239,9.02862],[80.4334,9.02953],[80.43378,9.03003],[80.43378,9.03068],[80.43365,9.03195],[80.43353,9.03265],[80.43329,9.03328],[80.43308,9.0346],[80.43276,9.0359],[80.43248,9.03659],[80.43184,9.03858],[80.43138,9.04064],[80.43127,9.04196],[80.43111,9.04265],[80.43075,9.04384],[80.43024,9.04591],[80.43002,9.04727],[80.42979,9.04939],[80.42969,9.04998],[80.4295,9.05065],[80.42928,9.05198],[80.42877,9.05409],[80.42877,9.05484],[80.42888,9.05674],[80.42885,9.05735],[80.42867,9.05869],[80.42867,9.05945],[80.42876,9.06073],[80.42866,9.06211],[80.42825,9.06482],[80.42811,9.06545],[80.42823,9.06606],[80.42812,9.06669],[80.42786,9.06742],[80.42769,9.06809],[80.42738,9.07117],[80.42728,9.07178],[80.42679,9.0733],[80.42672,9.07398],[80.4267,9.07599],[80.42684,9.07813],[80.42675,9.08027],[80.4268,9.08087],[80.42669,9.08292],[80.42659,9.08353],[80.42669,9.08418],[80.42687,9.0848],[80.42699,9.08544],[80.42697,9.08616],[80.42658,9.08751],[80.42646,9.08826],[80.42632,9.09025],[80.42621,9.0909],[80.42562,9.09108],[80.42361,9.09091],[80.42223,9.09095],[80.41943,9.09092],[80.41873,9.0909],[80.41663,9.09069],[80.41595,9.09066],[80.4146,9.0907],[80.41322,9.0906],[80.41251,9.0906],[80.41098,9.09068],[80.40819,9.09094],[80.40749,9.09091],[80.40559,9.0907],[80.40489,9.09069],[80.40427,9.09077],[80.40403,9.09209],[80.404,9.09288],[80.4041,9.09424],[80.40406,9.09576],[80.40413,9.09709],[80.40411,9.09774],[80.40395,9.09909],[80.40395,9.09976],[80.40405,9.10053],[80.40404,9.10123],[80.40397,9.10199],[80.40411,9.10327],[80.40387,9.10628],[80.40386,9.11069],[80.40391,9.11327],[80.40388,9.11453],[80.40396,9.11516],[80.40453,9.11551],[80.40591,9.11569],[80.40729,9.11556],[80.40946,9.11549],[80.41343,9.11564],[80.41505,9.11564],[80.41629,9.11559],[80.41845,9.11562],[80.42285,9.11588],[80.42738,9.11571],[80.42822,9.11573],[80.42955,9.11586],[80.4317,9.11619],[80.43336,9.11631],[80.43425,9.11633],[80.43635,9.11627],[80.43795,9.11613],[80.43944,9.11593],[80.44094,9.11586],[80.44254,9.11598],[80.44519,9.11631],[80.45245,9.11647],[80.45395,9.11663],[80.45749,9.11685],[80.46413,9.11692],[80.46817,9.1171],[80.47132,9.1174],[80.47631,9.11742],[80.48051,9.11733],[80.48363,9.1174],[80.48783,9.11762],[80.48931,9.11766],[80.49119,9.11761],[80.49169,9.11726],[80.49192,9.11666],[80.49216,9.11543],[80.4927,9.11514],[80.49329,9.11534],[80.49384,9.11504],[80.49432,9.11466],[80.49458,9.1141],[80.49472,9.11272],[80.49524,9.11156],[80.49555,9.111],[80.49592,9.1105],[80.49648,9.1101],[80.49825,9.1093],[80.49934,9.1087],[80.49985,9.10835],[80.50026,9.1079],[80.5002,9.1075],[80.50016,9.10728],[80.50028,9.10664],[80.50052,9.10601],[80.50106,9.10549],[80.50156,9.1051],[80.50215,9.10482],[80.50267,9.10445],[80.50289,9.10386],[80.50304,9.10328],[80.50317,9.10204],[80.50336,9.10138],[80.50392,9.10015],[80.50438,9.09834],[80.50526,9.09747],[80.50608,9.09646],[80.50713,9.09583],[80.50754,9.09522],[80.50803,9.09482],[80.50862,9.09453],[80.50921,9.09435],[80.50971,9.09392],[80.51017,9.09365],[80.51044,9.09311],[80.5109,9.09188],[80.51106,9.09131],[80.51134,9.08963],[80.51178,9.08845],[80.5121,9.08792],[80.51234,9.08732],[80.51237,9.08665],[80.51218,9.08607],[80.51186,9.08544],[80.51186,9.08481],[80.5123,9.08437],[80.51289,9.0843],[80.51315,9.08374],[80.51277,9.08314],[80.51232,9.08261],[80.51222,9.08197],[80.5126,9.08141],[80.51309,9.08098],[80.51305,9.08031],[80.51291,9.07966],[80.513,9.07902],[80.51294,9.07862],[80.51291,9.07842],[80.513,9.07781],[80.51287,9.07721],[80.51289,9.07657],[80.51347,9.07632],[80.51408,9.0765],[80.51468,9.0764],[80.51531,9.07602],[80.51596,9.07581],[80.51666,9.07587],[80.51733,9.07601],[80.51795,9.07602],[80.52008,9.07594],[80.52081,9.07606],[80.52158,9.07605],[80.52355,9.07587],[80.52427,9.07589],[80.5264,9.0761],[80.52801,9.0762],[80.52873,9.0762],[80.52996,9.07609],[80.53055,9.07628],[80.53109,9.07661],[80.53159,9.07697],[80.53236,9.07795],[80.53323,9.07898],[80.5336,9.07948],[80.53407,9.07999],[80.53574,9.08163],[80.53696,9.08283],[80.53742,9.08333],[80.53882,9.08501],[80.53994,9.08625],[80.54381,9.08991],[80.54564,9.09198],[80.54726,9.09408],[80.55046,9.09765],[80.5523,9.0998],[80.55334,9.10086],[80.55588,9.10329],[80.55747,9.10495],[80.55852,9.1059],[80.55944,9.10697],[80.55989,9.10741],[80.56055,9.10754],[80.56184,9.10791],[80.56247,9.10799],[80.56389,9.10839],[80.56586,9.10864],[80.56873,9.10921],[80.57021,9.10942],[80.57164,9.10969],[80.57496,9.11021],[80.57566,9.11029],[80.57704,9.11019],[80.57841,9.11031],[80.58107,9.11026],[80.5817,9.11052],[80.58231,9.11065],[80.58433,9.11057],[80.58488,9.11084],[80.58526,9.11135],[80.58544,9.11194],[80.5856,9.1132],[80.5857,9.11457],[80.58582,9.11519],[80.58546,9.11716],[80.58532,9.11775],[80.58507,9.11839],[80.58409,9.12005],[80.58387,9.12092],[80.58344,9.12218],[80.58301,9.12396],[80.58266,9.12424],[80.58228,9.12444],[80.58199,9.12474],[80.58183,9.12513],[80.58172,9.12602],[80.58227,9.12615],[80.58319,9.12611],[80.58672,9.12633],[80.59014,9.12608],[80.59159,9.12609],[80.5936,9.12622],[80.59669,9.12598],[80.59999,9.12622],[80.60103,9.12637],[80.60157,9.12639],[80.60339,9.12632],[80.60571,9.1261],[80.60687,9.12604],[80.60803,9.12605],[80.60867,9.12595],[80.60931,9.12578],[80.61092,9.12515],[80.61301,9.12467],[80.614,9.12423],[80.6154,9.12376],[80.61669,9.12323],[80.61717,9.12325],[80.61869,9.12344],[80.61977,9.12366],[80.62147,9.1239],[80.62196,9.12395],[80.62241,9.12389],[80.62283,9.12371],[80.62467,9.12249],[80.62613,9.12128],[80.62776,9.1203],[80.62807,9.11998],[80.63047,9.11881],[80.63174,9.11785],[80.6331,9.1165],[80.63356,9.1161],[80.63418,9.11594],[80.63474,9.11642],[80.63513,9.11703],[80.63627,9.1186],[80.63714,9.12041],[80.64213,9.11872],[80.64249,9.11873],[80.6435,9.1183],[80.64475,9.11787],[80.64536,9.1177],[80.64594,9.1174],[80.64649,9.11702],[80.64682,9.11648],[80.64709,9.11593],[80.64755,9.11459],[80.6478,9.11327],[80.64787,9.11261],[80.64826,9.11129],[80.64854,9.11068],[80.64911,9.10893],[80.64931,9.10763],[80.6497,9.10433],[80.64982,9.10369],[80.65022,9.1023],[80.65054,9.10096],[80.65064,9.10029],[80.65119,9.09829],[80.65136,9.09698],[80.65163,9.0957],[80.65177,9.0944],[80.6518,9.09307],[80.65156,9.09174],[80.65154,9.08958],[80.65132,9.089],[80.65087,9.0886],[80.65057,9.08806],[80.65054,9.08737],[80.65087,9.0853],[80.65104,9.08393],[80.65118,9.0832],[80.65124,9.08184],[80.6512,9.08049],[80.65126,9.07914],[80.65161,9.07856],[80.65209,9.07819],[80.65329,9.07783],[80.65387,9.07748],[80.65443,9.07724],[80.65507,9.07716],[80.6557,9.07723],[80.65634,9.07743],[80.65698,9.07751],[80.65759,9.07749],[80.65824,9.0773],[80.66059,9.07626],[80.66125,9.07591],[80.66334,9.07456],[80.66397,9.07445],[80.66536,9.07453],[80.66606,9.07465],[80.6673,9.07465],[80.66806,9.07475],[80.6686,9.07501],[80.66905,9.07546],[80.67053,9.07772],[80.67145,9.07856],[80.67227,9.07962],[80.67286,9.07996],[80.67349,9.08018],[80.67424,9.08032],[80.67482,9.08055],[80.6755,9.08093],[80.67687,9.08154],[80.67756,9.08193],[80.68021,9.08283],[80.68079,9.08307],[80.68153,9.0832],[80.68226,9.08315],[80.68288,9.08287],[80.6834,9.08256],[80.68506,9.0812],[80.68701,9.0792],[80.68746,9.07866],[80.68822,9.07751],[80.68862,9.07701],[80.69157,9.07447],[80.69153,9.07385],[80.69183,9.0725],[80.69184,9.0718],[80.69177,9.07105],[80.69163,9.07027],[80.69117,9.06833],[80.69122,9.06772],[80.69139,9.06714],[80.69149,9.06649],[80.69138,9.0645],[80.69131,9.0638],[80.69118,9.06315],[80.69077,9.06187],[80.6907,9.06123],[80.69055,9.0606],[80.68916,9.05756],[80.68785,9.05504],[80.68761,9.05447],[80.68645,9.05137],[80.6863,9.0507],[80.68568,9.04957],[80.68466,9.04879],[80.68365,9.04789],[80.68065,9.04502],[80.68018,9.04462],[80.67848,9.04344],[80.67792,9.04296],[80.67747,9.04252],[80.67702,9.04198],[80.67678,9.04138],[80.67686,9.04077],[80.67687,9.03953],[80.67675,9.03818],[80.6768,9.03553],[80.67678,9.03472],[80.67662,9.03341],[80.67664,9.03278],[80.67672,9.03215],[80.67718,9.0317],[80.67778,9.03135],[80.6784,9.03107],[80.67902,9.03095],[80.67977,9.03091],[80.68054,9.03078],[80.68187,9.03036],[80.68256,9.03024],[80.68394,9.03025],[80.68453,9.03045],[80.6852,9.03077],[80.68659,9.03149],[80.68766,9.03229],[80.68822,9.03263],[80.69006,9.03346],[80.69438,9.0355],[80.69809,9.03739],[80.70062,9.03852],[80.70177,9.03918],[80.70291,9.03999],[80.70337,9.0404],[80.7066,9.0429],[80.71031,9.04614],[80.71258,9.04797],[80.71352,9.04882],[80.71629,9.05084],[80.71763,9.05155],[80.71954,9.05002],[80.72772,9.04473],[80.7294,9.04371],[80.73269,9.04206],[80.73587,9.04003],[80.73744,9.03918],[80.74091,9.03753],[80.74252,9.03666],[80.74282,9.03646],[80.74416,9.03568],[80.74575,9.03486],[80.7474,9.0341],[80.74899,9.03317],[80.75226,9.03138],[80.759,9.0278],[80.76061,9.02696],[80.76233,9.02621],[80.76395,9.02526],[80.76549,9.02423],[80.7671,9.02324],[80.76868,9.02233],[80.7737,9.01974],[80.7768,9.01799],[80.77841,9.017],[80.78436,9.01266],[80.78585,9.01151],[80.78702,9.01015],[80.78669,9.00832],[80.78621,9.00643],[80.78502,9.00278],[80.78428,9.00115],[80.78315,8.99758],[80.78219,8.99391],[80.78164,8.9922],[80.78117,8.99037],[80.77947,8.98473],[80.77734,8.97885],[80.77689,8.97707],[80.7766,8.9752],[80.7762,8.97321],[80.77521,8.96952],[80.77387,8.96575],[80.77331,8.96406],[80.77228,8.96037],[80.77092,8.95502],[80.76988,8.95145],[80.76865,8.9478],[80.7674,8.94377],[80.76614,8.9401],[80.76563,8.9384],[80.76581,8.93696],[80.76722,8.93796],[80.76806,8.93957],[80.76968,8.93991],[80.77128,8.9412],[80.77212,8.94474],[80.77546,8.94673],[80.78202,8.94684],[80.7896,8.95003],[80.79531,8.94873],[80.79963,8.94948],[80.80346,8.95217],[80.80851,8.95229],[80.82158,8.95523],[80.82762,8.95547],[80.82908,8.95843],[80.83344,8.96046],[80.84183,8.96016],[80.84956,8.96118],[80.85471,8.95863],[80.85659,8.95953],[80.85993,8.95788],[80.86454,8.95855],[80.86971,8.95953],[80.86917,8.9623],[80.87187,8.96364],[80.87343,8.96376],[80.87394,8.96425],[80.87389,8.96495],[80.8732,8.96729],[80.87416,8.96841],[80.88306,8.96924],[80.88711,8.97288],[80.88775,8.97854],[80.88955,8.9812],[80.89394,8.9812],[80.89638,8.98148],[80.89624,8.98045],[80.89861,8.98095],[80.90013,8.97875],[80.90216,8.981],[80.90083,8.98327],[80.90181,8.98486],[80.90606,8.98457],[80.90752,8.98643],[80.90905,8.98533],[80.91128,8.98622],[80.91379,8.98499],[80.9172,8.98464],[80.92026,8.98629],[80.92235,8.98987],[80.92486,8.99049],[80.92636,8.9914],[80.92689,8.99208],[80.92685,8.99211],[80.92572,8.9928],[80.92331,8.99246],[80.92125,8.99246],[80.92005,8.99246],[80.91885,8.99212],[80.91868,8.99382],[80.91868,8.99551],[80.91954,8.99857],[80.92211,9.00043],[80.924,9.0028],[80.92434,9.00484],[80.92434,9.00704],[80.9228,9.00857],[80.92125,9.01026],[80.91954,9.01128],[80.9173,9.01213],[80.91627,9.01026],[80.91627,9.00806],[80.9161,9.00603],[80.91336,9.00433],[80.91215,9.00399],[80.91181,9.0045],[80.91061,9.00535],[80.91044,9.00247],[80.91044,8.99992],[80.90906,8.99874],[80.90803,8.9984],[80.90597,9.00009],[80.90529,9.00009],[80.90306,9.00247],[80.90151,9.00382],[80.89894,9.00535],[80.89585,9.00772],[80.8943,9.00959],[80.89241,9.01077],[80.89035,9.01162],[80.88829,9.01332],[80.88726,9.01501],[80.88606,9.01705],[80.88383,9.01789],[80.88229,9.01959],[80.88108,9.02112],[80.8792,9.02332],[80.87662,9.02535],[80.87645,9.02942],[80.87817,9.03163],[80.88091,9.03163],[80.88304,9.03257],[80.88469,9.03536],[80.88709,9.03688],[80.89121,9.03739],[80.89201,9.03956],[80.89116,9.04092],[80.8895,9.04349],[80.88995,9.04499],[80.8915,9.04567],[80.89201,9.04736],[80.89413,9.04875],[80.89658,9.04985],[80.89883,9.0485],[80.90157,9.0485],[80.9034,9.04621],[80.90735,9.04078],[80.91439,9.0323],[80.92022,9.02688],[80.92675,9.02162],[80.93052,9.01637],[80.93344,9.00891],[80.94887,8.99074],[80.95076,8.98888],[80.9535,8.98701],[80.9578,8.9882],[80.96312,8.99091],[80.96432,8.98939],[80.96226,8.99397],[80.95453,9.00516],[80.94458,9.02025],[80.93617,9.03483],[80.92793,9.04974],[80.91765,9.06789],[80.91213,9.08009],[80.91159,9.08255],[80.91092,9.08236],[80.91014,9.08291],[80.90993,9.08349],[80.90978,9.08414],[80.90916,9.08462],[80.90892,9.08515],[80.90871,9.08578],[80.90793,9.08691],[80.90763,9.08767],[80.90716,9.08929],[80.90684,9.0896],[80.90634,9.08937],[80.90557,9.09018],[80.90494,9.09149],[80.90286,9.09534],[80.9008,9.09975],[80.89916,9.1043],[80.89786,9.10387],[80.8889,9.11821],[80.88306,9.12797],[80.88246,9.12765],[80.8821,9.12835],[80.88238,9.12886],[80.88246,9.12907],[80.8818,9.12903],[80.88135,9.12943],[80.8809,9.13032],[80.88049,9.13059],[80.8792,9.13305],[80.87883,9.13376],[80.87852,9.13445],[80.87628,9.139],[80.87593,9.14008],[80.87008,9.15348],[80.86819,9.15788],[80.86682,9.15958],[80.86563,9.16246],[80.86436,9.16527],[80.86236,9.17005],[80.85959,9.17685],[80.85635,9.18668],[80.85064,9.20547],[80.84856,9.21456],[80.84632,9.2236],[80.84536,9.22855],[80.84462,9.23098],[80.84056,9.23779],[80.83476,9.24645],[80.82896,9.25553],[80.82167,9.26836],[80.81927,9.27243],[80.81598,9.28008],[80.81426,9.28713],[80.81244,9.29007],[80.81142,9.29171],[80.81079,9.293],[80.81034,9.29327],[80.80656,9.29683],[80.79214,9.31241],[80.78253,9.3202],[80.77532,9.32478],[80.7597,9.33545],[80.74511,9.3473],[80.73361,9.35814],[80.72605,9.36543],[80.71398,9.37674],[80.70614,9.38304],[80.69012,9.39944],[80.68222,9.40875],[80.67352,9.41691],[80.67129,9.41945],[80.67091,9.4199],[80.67086,9.41934],[80.67101,9.41908],[80.67125,9.41897],[80.67128,9.4186],[80.67114,9.41823],[80.6709,9.41793],[80.67126,9.4112],[80.68023,9.40335],[80.69227,9.39084],[80.71087,9.3728],[80.71694,9.3615],[80.72319,9.35562],[80.72233,9.35297],[80.72165,9.3502],[80.71578,9.35418],[80.71241,9.36024],[80.70953,9.36947],[80.7001,9.37737],[80.68363,9.39],[80.66507,9.40445],[80.6633,9.40785],[80.66306,9.40951],[80.6644,9.41168],[80.66937,9.41877],[80.66999,9.4189],[80.67076,9.41873],[80.67059,9.41915],[80.67068,9.41955],[80.67061,9.4198],[80.66997,9.42065],[80.66902,9.42126],[80.66546,9.4239],[80.65996,9.42826],[80.64142,9.44282],[80.62615,9.45569],[80.62271,9.4584],[80.62159,9.45951],[80.61353,9.45658]]]}},{"type":"Feature","properties":{"slug":"vavuniya","name":"Vavuniya","district_id":13,"iso":"LK-44"},"geometry":{"type":"Polygon","coordinates":[[[80.23541,8.68041],[80.23639,8.67687],[80.23639,8.67499],[80.23576,8.67333],[80.23547,8.6715],[80.23634,8.6698],[80.23564,8.66807],[80.23601,8.66624],[80.23759,8.66519],[80.23799,8.66339],[80.23766,8.66159],[80.2349,8.65915],[80.23498,8.65737],[80.23442,8.65553],[80.23362,8.65396],[80.23344,8.65209],[80.23445,8.65046],[80.23658,8.64752],[80.23739,8.64586],[80.23785,8.64405],[80.23773,8.64227],[80.2374,8.64053],[80.23803,8.63881],[80.23904,8.63734],[80.23778,8.63602],[80.2372,8.63432],[80.23692,8.63257],[80.23681,8.63081],[80.23718,8.62899],[80.23896,8.62843],[80.24067,8.62891],[80.24139,8.62719],[80.24228,8.6256],[80.2438,8.6246],[80.245,8.62319],[80.24564,8.62155],[80.24601,8.61976],[80.247,8.61828],[80.24845,8.61718],[80.24991,8.61618],[80.25155,8.61539],[80.2533,8.61504],[80.25475,8.61606],[80.2561,8.61728],[80.25768,8.61809],[80.25967,8.61802],[80.26142,8.6176],[80.26479,8.61581],[80.26638,8.61484],[80.2681,8.61428],[80.26991,8.61403],[80.27185,8.61338],[80.27328,8.61233],[80.27445,8.611],[80.27497,8.60926],[80.27551,8.6077],[80.27519,8.6065],[80.2746,8.60542],[80.2741,8.60428],[80.27384,8.60307],[80.27373,8.60186],[80.27388,8.60063],[80.27512,8.59848],[80.27568,8.5974],[80.27608,8.59617],[80.27675,8.5937],[80.27759,8.59135],[80.27833,8.59034],[80.27957,8.59061],[80.28075,8.59098],[80.28178,8.59034],[80.2805,8.58822],[80.28036,8.58702],[80.27995,8.58584],[80.27972,8.5846],[80.28046,8.58365],[80.28381,8.58213],[80.28471,8.58121],[80.28487,8.57875],[80.2852,8.57754],[80.28581,8.57639],[80.28664,8.57545],[80.28665,8.5742],[80.28675,8.57293],[80.28707,8.57171],[80.28669,8.57057],[80.28578,8.56975],[80.2855,8.56847],[80.28619,8.56737],[80.28666,8.56622],[80.28675,8.56499],[80.28708,8.56377],[80.28757,8.56262],[80.2882,8.56156],[80.2885,8.56056],[80.29237,8.55891],[80.29766,8.55742],[80.30747,8.55442],[80.31351,8.55068],[80.32211,8.54866],[80.3229,8.54854],[80.32388,8.54824],[80.32519,8.54776],[80.32645,8.54715],[80.32688,8.54715],[80.32726,8.54733],[80.32794,8.54786],[80.32841,8.54793],[80.32913,8.54756],[80.32983,8.54714],[80.33101,8.54659],[80.33233,8.54618],[80.33283,8.54608],[80.33369,8.54615],[80.3341,8.54626],[80.33549,8.54706],[80.33597,8.54707],[80.33626,8.54678],[80.33652,8.5464],[80.33713,8.54598],[80.33758,8.54602],[80.33796,8.5462],[80.33946,8.54725],[80.33984,8.5474],[80.34023,8.54766],[80.34011,8.54807],[80.33995,8.5489],[80.33988,8.55022],[80.34002,8.55256],[80.34022,8.55444],[80.34027,8.55542],[80.34044,8.55581],[80.34107,8.55657],[80.3416,8.55779],[80.34206,8.55861],[80.34232,8.55898],[80.34257,8.5593],[80.3435,8.56028],[80.34407,8.56103],[80.34457,8.56239],[80.34571,8.56459],[80.34648,8.56598],[80.34676,8.56687],[80.34693,8.56726],[80.34759,8.56796],[80.34791,8.56823],[80.34943,8.56919],[80.34984,8.56948],[80.35016,8.56979],[80.35072,8.5705],[80.35112,8.57127],[80.35122,8.57168],[80.35137,8.57205],[80.35178,8.57279],[80.35213,8.57309],[80.35249,8.5733],[80.35372,8.57371],[80.35502,8.57421],[80.35631,8.5748],[80.35816,8.5755],[80.35913,8.57592],[80.35956,8.57598],[80.35995,8.57598],[80.36038,8.57587],[80.36139,8.57513],[80.3622,8.57468],[80.36308,8.57432],[80.36355,8.57418],[80.36409,8.57409],[80.36542,8.57411],[80.36589,8.57421],[80.36788,8.5745],[80.36835,8.57459],[80.36959,8.57501],[80.37005,8.57523],[80.37158,8.57614],[80.3725,8.57698],[80.37332,8.57793],[80.37489,8.57897],[80.37609,8.57986],[80.37644,8.5801],[80.37693,8.58043],[80.37757,8.58094],[80.37859,8.58205],[80.37912,8.58283],[80.37999,8.58378],[80.37981,8.58461],[80.38031,8.58489],[80.38052,8.58524],[80.38091,8.58608],[80.38107,8.58659],[80.38137,8.58789],[80.3815,8.58873],[80.38152,8.58918],[80.38152,8.59052],[80.38146,8.59138],[80.38131,8.59233],[80.38106,8.59322],[80.38075,8.59398],[80.38055,8.59439],[80.38031,8.59474],[80.37972,8.59545],[80.37884,8.59638],[80.37858,8.59674],[80.37863,8.5976],[80.37878,8.59796],[80.37901,8.59831],[80.37932,8.59859],[80.38091,8.59926],[80.3813,8.59947],[80.38167,8.59974],[80.38227,8.60055],[80.38245,8.60091],[80.38263,8.60136],[80.38272,8.60175],[80.38275,8.60215],[80.38275,8.6026],[80.38249,8.60402],[80.38215,8.60489],[80.38194,8.60529],[80.38166,8.6061],[80.38149,8.60652],[80.38082,8.60768],[80.37976,8.6088],[80.37925,8.61],[80.37894,8.61126],[80.37885,8.61247],[80.37922,8.61365],[80.38037,8.61578],[80.38082,8.61695],[80.38104,8.61817],[80.38097,8.61936],[80.38082,8.62056],[80.381,8.62177],[80.38186,8.62284],[80.38309,8.62262],[80.38431,8.62267],[80.38548,8.62309],[80.38747,8.62461],[80.3885,8.62534],[80.39562,8.63086],[80.39759,8.63235],[80.39858,8.63322],[80.39942,8.63406],[80.40019,8.635],[80.40073,8.63742],[80.40139,8.63851],[80.40308,8.64048],[80.40376,8.64154],[80.40558,8.64497],[80.40614,8.64626],[80.40741,8.64985],[80.40781,8.65107],[80.40924,8.65612],[80.40951,8.6574],[80.40995,8.65864],[80.41055,8.65951],[80.41201,8.65952],[80.41317,8.65994],[80.41395,8.66092],[80.41492,8.66181],[80.41619,8.66223],[80.41737,8.66201],[80.41978,8.66105],[80.42102,8.66125],[80.42191,8.66205],[80.42253,8.66311],[80.42299,8.66422],[80.4242,8.66788],[80.42457,8.66913],[80.42479,8.67046],[80.42468,8.67174],[80.42401,8.67281],[80.4242,8.67399],[80.42535,8.67358],[80.42649,8.67295],[80.42773,8.67314],[80.42869,8.67399],[80.43033,8.67579],[80.43133,8.67671],[80.43348,8.67844],[80.43565,8.67994],[80.43669,8.68073],[80.43757,8.68156],[80.43918,8.68364],[80.44007,8.68472],[80.44096,8.6857],[80.44347,8.68831],[80.44441,8.68909],[80.44747,8.69125],[80.44863,8.69196],[80.44998,8.69251],[80.45131,8.69251],[80.45269,8.69225],[80.455,8.69085],[80.45629,8.69062],[80.45763,8.69049],[80.45877,8.68986],[80.45957,8.68891],[80.46058,8.68817],[80.46179,8.68767],[80.46303,8.68739],[80.46421,8.68693],[80.46535,8.68632],[80.46654,8.68589],[80.46898,8.68492],[80.46997,8.68423],[80.47284,8.68162],[80.47476,8.68006],[80.47688,8.67851],[80.4789,8.67679],[80.48064,8.67502],[80.48163,8.67426],[80.48271,8.67367],[80.48393,8.67338],[80.4851,8.67298],[80.48592,8.67211],[80.48622,8.6709],[80.48698,8.6699],[80.48815,8.66941],[80.48912,8.66872],[80.49038,8.66861],[80.49159,8.66874],[80.49261,8.66803],[80.49368,8.66742],[80.49495,8.66719],[80.49722,8.6663],[80.49775,8.66517],[80.49847,8.66416],[80.50064,8.66292],[80.50385,8.66091],[80.50486,8.66013],[80.50673,8.65842],[80.50793,8.65794],[80.50913,8.65787],[80.51031,8.65805],[80.51139,8.65865],[80.51239,8.65938],[80.5135,8.65993],[80.5147,8.6598],[80.51597,8.6593],[80.5172,8.65875],[80.51852,8.65856],[80.51972,8.65876],[80.52091,8.65937],[80.52172,8.66036],[80.52309,8.66253],[80.52435,8.66469],[80.52633,8.66774],[80.52706,8.66899],[80.52772,8.66999],[80.52928,8.67193],[80.53018,8.67277],[80.53125,8.67359],[80.53451,8.67575],[80.53564,8.67636],[80.53674,8.67688],[80.53803,8.67736],[80.53931,8.67771],[80.54072,8.67784],[80.54191,8.67809],[80.54322,8.67854],[80.54435,8.67903],[80.5454,8.67973],[80.54635,8.68054],[80.54723,8.68149],[80.54798,8.68243],[80.54919,8.68455],[80.54975,8.68563],[80.55029,8.68685],[80.55067,8.68812],[80.56998,8.70041],[80.56983,8.70364],[80.56967,8.70615],[80.5697,8.70751],[80.56983,8.70875],[80.57059,8.71118],[80.5716,8.7136],[80.5722,8.71479],[80.57287,8.7158],[80.57363,8.71674],[80.57456,8.71759],[80.57566,8.71818],[80.57702,8.71866],[80.57839,8.71904],[80.57958,8.71927],[80.58208,8.71964],[80.58455,8.72006],[80.58589,8.7204],[80.58717,8.72081],[80.5883,8.72137],[80.58929,8.72213],[80.59104,8.72396],[80.59193,8.72505],[80.59271,8.72607],[80.59406,8.72823],[80.59522,8.7305],[80.59577,8.73171],[80.59625,8.73296],[80.59679,8.7342],[80.59722,8.73541],[80.59809,8.73912],[80.59849,8.74025],[80.5997,8.7425],[80.6004,8.74348],[80.60121,8.74439],[80.60221,8.74533],[80.60318,8.74603],[80.60425,8.74657],[80.60539,8.74703],[80.61043,8.74853],[80.61177,8.74899],[80.61416,8.7501],[80.61526,8.7507],[80.61639,8.75117],[80.61752,8.7518],[80.61848,8.75262],[80.61924,8.75365],[80.61984,8.75481],[80.62067,8.75726],[80.62125,8.75975],[80.62189,8.76216],[80.62271,8.76452],[80.62319,8.76571],[80.62374,8.76685],[80.62443,8.76795],[80.62523,8.7692],[80.62921,8.77382],[80.63235,8.77799],[80.63392,8.77993],[80.63483,8.7809],[80.63582,8.78176],[80.63683,8.7825],[80.63793,8.78313],[80.63911,8.78373],[80.64041,8.78425],[80.64166,8.7847],[80.64278,8.78519],[80.64396,8.78562],[80.64516,8.78595],[80.64648,8.78641],[80.64758,8.78707],[80.64863,8.78781],[80.65138,8.79042],[80.65208,8.79141],[80.65263,8.79252],[80.65294,8.79367],[80.65313,8.79485],[80.65311,8.79605],[80.6527,8.79852],[80.65243,8.79976],[80.65172,8.80218],[80.65126,8.80337],[80.65062,8.80441],[80.64983,8.80554],[80.64899,8.80645],[80.64796,8.80716],[80.64687,8.80773],[80.64572,8.80826],[80.64468,8.80887],[80.64275,8.81039],[80.6418,8.81122],[80.63988,8.81272],[80.63898,8.81351],[80.63801,8.81444],[80.63718,8.8154],[80.63649,8.81642],[80.63498,8.81847],[80.6344,8.81951],[80.6338,8.82084],[80.63289,8.82313],[80.6321,8.82559],[80.63193,8.82831],[80.63135,8.83066],[80.63089,8.8318],[80.63032,8.83299],[80.62959,8.83407],[80.62706,8.83706],[80.62609,8.83779],[80.62495,8.83846],[80.62379,8.83898],[80.62246,8.83924],[80.61973,8.8394],[80.61728,8.83939],[80.61469,8.83961],[80.61334,8.83978],[80.61079,8.83997],[80.60947,8.84025],[80.60693,8.84112],[80.60565,8.84152],[80.60436,8.84175],[80.60316,8.84187],[80.60076,8.84279],[80.59957,8.84296],[80.59843,8.84335],[80.59715,8.84387],[80.59605,8.84446],[80.59502,8.84508],[80.5939,8.84597],[80.59304,8.84689],[80.59232,8.84788],[80.5918,8.84897],[80.59178,8.8502],[80.59196,8.85151],[80.59231,8.85282],[80.59281,8.85518],[80.59351,8.85768],[80.59377,8.8589],[80.59454,8.86141],[80.59486,8.86267],[80.59509,8.86386],[80.59457,8.86389],[80.59507,8.8665],[80.59525,8.86906],[80.59538,8.86968],[80.59585,8.86988],[80.59666,8.86982],[80.59891,8.86989],[80.60033,8.86984],[80.60239,8.86958],[80.60322,8.86954],[80.60401,8.86955],[80.60561,8.86965],[80.60942,8.86971],[80.61276,8.86936],[80.61361,8.86923],[80.61513,8.86892],[80.61585,8.86891],[80.618,8.86931],[80.61868,8.8694],[80.61946,8.86949],[80.62098,8.86957],[80.62234,8.86953],[80.62389,8.86938],[80.62479,8.86935],[80.62777,8.86951],[80.63097,8.86933],[80.63627,8.86931],[80.63793,8.86919],[80.63929,8.86898],[80.64086,8.86867],[80.64308,8.86839],[80.64454,8.86813],[80.64523,8.86806],[80.64603,8.86805],[80.64749,8.86829],[80.64971,8.86881],[80.65176,8.86915],[80.65267,8.86926],[80.65414,8.8693],[80.65508,8.86938],[80.65578,8.86949],[80.65879,8.8701],[80.66128,8.87055],[80.66473,8.87086],[80.66753,8.87139],[80.66818,8.87159],[80.67032,8.87242],[80.67166,8.87288],[80.67228,8.87316],[80.67353,8.87397],[80.67469,8.87458],[80.67643,8.87566],[80.67699,8.87605],[80.67907,8.87786],[80.68119,8.87957],[80.68334,8.88119],[80.6856,8.88308],[80.68789,8.88515],[80.69155,8.88893],[80.69214,8.88932],[80.69464,8.89063],[80.69705,8.89181],[80.69845,8.89234],[80.69998,8.89274],[80.70061,8.89294],[80.70484,8.89458],[80.70687,8.89518],[80.70749,8.89545],[80.70878,8.89619],[80.70933,8.8966],[80.71034,8.89749],[80.71082,8.89787],[80.71133,8.89824],[80.71187,8.89853],[80.71245,8.89876],[80.71453,8.89923],[80.71513,8.89935],[80.71588,8.89937],[80.71652,8.89927],[80.71779,8.89889],[80.71827,8.89888],[80.71867,8.89875],[80.72042,8.89838],[80.72228,8.89803],[80.72408,8.89789],[80.72598,8.89798],[80.72773,8.89835],[80.73311,8.8997],[80.7349,8.90025],[80.73851,8.90157],[80.7403,8.90208],[80.74208,8.90224],[80.74387,8.90272],[80.74944,8.90396],[80.7513,8.90451],[80.75304,8.90515],[80.75484,8.90832],[80.75553,8.91004],[80.75567,8.91188],[80.75591,8.91365],[80.75668,8.91528],[80.75634,8.91714],[80.75611,8.91899],[80.7577,8.92243],[80.75818,8.92414],[80.75896,8.92766],[80.75987,8.92918],[80.76093,8.93075],[80.76143,8.93442],[80.7621,8.93612],[80.76388,8.93637],[80.76581,8.93696],[80.76563,8.9384],[80.76614,8.9401],[80.7674,8.94377],[80.76865,8.9478],[80.76988,8.95145],[80.77092,8.95502],[80.77228,8.96037],[80.77331,8.96406],[80.77387,8.96575],[80.77521,8.96952],[80.7762,8.97321],[80.7766,8.9752],[80.77689,8.97707],[80.77734,8.97885],[80.77947,8.98473],[80.78117,8.99037],[80.78164,8.9922],[80.78219,8.99391],[80.78315,8.99758],[80.78428,9.00115],[80.78502,9.00278],[80.78621,9.00643],[80.78669,9.00832],[80.78702,9.01015],[80.78585,9.01151],[80.78436,9.01266],[80.77841,9.017],[80.7768,9.01799],[80.7737,9.01974],[80.76868,9.02233],[80.7671,9.02324],[80.76549,9.02423],[80.76395,9.02526],[80.76233,9.02621],[80.76061,9.02696],[80.759,9.0278],[80.75226,9.03138],[80.74899,9.03317],[80.7474,9.0341],[80.74575,9.03486],[80.74416,9.03568],[80.74282,9.03646],[80.74252,9.03666],[80.74091,9.03753],[80.73744,9.03918],[80.73587,9.04003],[80.73269,9.04206],[80.7294,9.04371],[80.72772,9.04473],[80.71954,9.05002],[80.71763,9.05155],[80.71629,9.05084],[80.71352,9.04882],[80.71258,9.04797],[80.71031,9.04614],[80.7066,9.0429],[80.70337,9.0404],[80.70291,9.03999],[80.70177,9.03918],[80.70062,9.03852],[80.69809,9.03739],[80.69438,9.0355],[80.69006,9.03346],[80.68822,9.03263],[80.68766,9.03229],[80.68659,9.03149],[80.6852,9.03077],[80.68453,9.03045],[80.68394,9.03025],[80.68256,9.03024],[80.68187,9.03036],[80.68054,9.03078],[80.67977,9.03091],[80.67902,9.03095],[80.6784,9.03107],[80.67778,9.03135],[80.67718,9.0317],[80.67672,9.03215],[80.67664,9.03278],[80.67662,9.03341],[80.67678,9.03472],[80.6768,9.03553],[80.67675,9.03818],[80.67687,9.03953],[80.67686,9.04077],[80.67678,9.04138],[80.67702,9.04198],[80.67747,9.04252],[80.67792,9.04296],[80.67848,9.04344],[80.68018,9.04462],[80.68065,9.04502],[80.68365,9.04789],[80.68466,9.04879],[80.68568,9.04957],[80.6863,9.0507],[80.68645,9.05137],[80.68761,9.05447],[80.68785,9.05504],[80.68916,9.05756],[80.69055,9.0606],[80.6907,9.06123],[80.69077,9.06187],[80.69118,9.06315],[80.69131,9.0638],[80.69138,9.0645],[80.69149,9.06649],[80.69139,9.06714],[80.69122,9.06772],[80.69117,9.06833],[80.69163,9.07027],[80.69177,9.07105],[80.69184,9.0718],[80.69183,9.0725],[80.69153,9.07385],[80.69157,9.07447],[80.68862,9.07701],[80.68822,9.07751],[80.68746,9.07866],[80.68701,9.0792],[80.68506,9.0812],[80.6834,9.08256],[80.68288,9.08287],[80.68226,9.08315],[80.68153,9.0832],[80.68079,9.08307],[80.68021,9.08283],[80.67756,9.08193],[80.67687,9.08154],[80.6755,9.08093],[80.67482,9.08055],[80.67424,9.08032],[80.67349,9.08018],[80.67286,9.07996],[80.67227,9.07962],[80.67145,9.07856],[80.67053,9.07772],[80.66905,9.07546],[80.6686,9.07501],[80.66806,9.07475],[80.6673,9.07465],[80.66606,9.07465],[80.66536,9.07453],[80.66397,9.07445],[80.66334,9.07456],[80.66125,9.07591],[80.66059,9.07626],[80.65824,9.0773],[80.65759,9.07749],[80.65698,9.07751],[80.65634,9.07743],[80.6557,9.07723],[80.65507,9.07716],[80.65443,9.07724],[80.65387,9.07748],[80.65329,9.07783],[80.65209,9.07819],[80.65161,9.07856],[80.65126,9.07914],[80.6512,9.08049],[80.65124,9.08184],[80.65118,9.0832],[80.65104,9.08393],[80.65087,9.0853],[80.65054,9.08737],[80.65057,9.08806],[80.65087,9.0886],[80.65132,9.089],[80.65154,9.08958],[80.65156,9.09174],[80.6518,9.09307],[80.65177,9.0944],[80.65163,9.0957],[80.65136,9.09698],[80.65119,9.09829],[80.65064,9.10029],[80.65054,9.10096],[80.65022,9.1023],[80.64982,9.10369],[80.6497,9.10433],[80.64931,9.10763],[80.64911,9.10893],[80.64854,9.11068],[80.64826,9.11129],[80.64787,9.11261],[80.6478,9.11327],[80.64755,9.11459],[80.64709,9.11593],[80.64682,9.11648],[80.64649,9.11702],[80.64594,9.1174],[80.64536,9.1177],[80.64475,9.11787],[80.6435,9.1183],[80.64249,9.11873],[80.64213,9.11872],[80.63714,9.12041],[80.63627,9.1186],[80.63513,9.11703],[80.63474,9.11642],[80.63418,9.11594],[80.63356,9.1161],[80.6331,9.1165],[80.63174,9.11785],[80.63047,9.11881],[80.62807,9.11998],[80.62776,9.1203],[80.62613,9.12128],[80.62467,9.12249],[80.62283,9.12371],[80.62241,9.12389],[80.62196,9.12395],[80.62147,9.1239],[80.61977,9.12366],[80.61869,9.12344],[80.61717,9.12325],[80.61669,9.12323],[80.6154,9.12376],[80.614,9.12423],[80.61301,9.12467],[80.61092,9.12515],[80.60931,9.12578],[80.60867,9.12595],[80.60803,9.12605],[80.60687,9.12604],[80.60571,9.1261],[80.60339,9.12632],[80.60157,9.12639],[80.60103,9.12637],[80.59999,9.12622],[80.59669,9.12598],[80.5936,9.12622],[80.59159,9.12609],[80.59014,9.12608],[80.58672,9.12633],[80.58319,9.12611],[80.58227,9.12615],[80.58172,9.12602],[80.58183,9.12513],[80.58199,9.12474],[80.58228,9.12444],[80.58266,9.12424],[80.58301,9.12396],[80.58344,9.12218],[80.58387,9.12092],[80.58409,9.12005],[80.58507,9.11839],[80.58532,9.11775],[80.58546,9.11716],[80.58582,9.11519],[80.5857,9.11457],[80.5856,9.1132],[80.58544,9.11194],[80.58526,9.11135],[80.58488,9.11084],[80.58433,9.11057],[80.58231,9.11065],[80.5817,9.11052],[80.58107,9.11026],[80.57841,9.11031],[80.57704,9.11019],[80.57566,9.11029],[80.57496,9.11021],[80.57164,9.10969],[80.57021,9.10942],[80.56873,9.10921],[80.56586,9.10864],[80.56389,9.10839],[80.56247,9.10799],[80.56184,9.10791],[80.56055,9.10754],[80.55989,9.10741],[80.55944,9.10697],[80.55852,9.1059],[80.55747,9.10495],[80.55588,9.10329],[80.55334,9.10086],[80.5523,9.0998],[80.55046,9.09765],[80.54726,9.09408],[80.54564,9.09198],[80.54381,9.08991],[80.53994,9.08625],[80.53882,9.08501],[80.53742,9.08333],[80.53696,9.08283],[80.53574,9.08163],[80.53407,9.07999],[80.5336,9.07948],[80.53323,9.07898],[80.53236,9.07795],[80.53159,9.07697],[80.53109,9.07661],[80.53055,9.07628],[80.52996,9.07609],[80.52873,9.0762],[80.52801,9.0762],[80.5264,9.0761],[80.52427,9.07589],[80.52355,9.07587],[80.52158,9.07605],[80.52081,9.07606],[80.52008,9.07594],[80.51795,9.07602],[80.51733,9.07601],[80.51666,9.07587],[80.51596,9.07581],[80.51531,9.07602],[80.51468,9.0764],[80.51408,9.0765],[80.51347,9.07632],[80.51289,9.07657],[80.51287,9.07721],[80.513,9.07781],[80.51291,9.07842],[80.51294,9.07862],[80.513,9.07902],[80.51291,9.07966],[80.51305,9.08031],[80.51309,9.08098],[80.5126,9.08141],[80.51222,9.08197],[80.51232,9.08261],[80.51277,9.08314],[80.51315,9.08374],[80.51289,9.0843],[80.5123,9.08437],[80.51186,9.08481],[80.51186,9.08544],[80.51218,9.08607],[80.51237,9.08665],[80.51234,9.08732],[80.5121,9.08792],[80.51178,9.08845],[80.51134,9.08963],[80.51106,9.09131],[80.5109,9.09188],[80.51044,9.09311],[80.51017,9.09365],[80.50971,9.09392],[80.50921,9.09435],[80.50862,9.09453],[80.50803,9.09482],[80.50754,9.09522],[80.50713,9.09583],[80.50608,9.09646],[80.50526,9.09747],[80.50438,9.09834],[80.50392,9.10015],[80.50336,9.10138],[80.50317,9.10204],[80.50304,9.10328],[80.50289,9.10386],[80.50267,9.10445],[80.50215,9.10482],[80.50156,9.1051],[80.50106,9.10549],[80.50052,9.10601],[80.50028,9.10664],[80.50016,9.10728],[80.5002,9.1075],[80.50026,9.1079],[80.49985,9.10835],[80.49934,9.1087],[80.49825,9.1093],[80.49648,9.1101],[80.49592,9.1105],[80.49555,9.111],[80.49524,9.11156],[80.49472,9.11272],[80.49458,9.1141],[80.49432,9.11466],[80.49384,9.11504],[80.49329,9.11534],[80.4927,9.11514],[80.49216,9.11543],[80.49192,9.11666],[80.49169,9.11726],[80.49119,9.11761],[80.48931,9.11766],[80.48783,9.11762],[80.48363,9.1174],[80.48051,9.11733],[80.47631,9.11742],[80.47132,9.1174],[80.46817,9.1171],[80.46413,9.11692],[80.45749,9.11685],[80.45395,9.11663],[80.45245,9.11647],[80.44519,9.11631],[80.44254,9.11598],[80.44094,9.11586],[80.43944,9.11593],[80.43795,9.11613],[80.43635,9.11627],[80.43425,9.11633],[80.43336,9.11631],[80.4317,9.11619],[80.42955,9.11586],[80.42822,9.11573],[80.42738,9.11571],[80.42285,9.11588],[80.41845,9.11562],[80.41629,9.11559],[80.41505,9.11564],[80.41343,9.11564],[80.40946,9.11549],[80.40729,9.11556],[80.40591,9.11569],[80.40453,9.11551],[80.40396,9.11516],[80.40388,9.11453],[80.40391,9.11327],[80.40386,9.11069],[80.40387,9.10628],[80.40411,9.10327],[80.40397,9.10199],[80.40404,9.10123],[80.40405,9.10053],[80.40395,9.09976],[80.40395,9.09909],[80.40411,9.09774],[80.40413,9.09709],[80.40406,9.09576],[80.4041,9.09424],[80.404,9.09288],[80.40403,9.09209],[80.40427,9.09077],[80.40489,9.09069],[80.40559,9.0907],[80.40749,9.09091],[80.40819,9.09094],[80.41098,9.09068],[80.41251,9.0906],[80.41322,9.0906],[80.4146,9.0907],[80.41595,9.09066],[80.41663,9.09069],[80.41873,9.0909],[80.41943,9.09092],[80.42223,9.09095],[80.42361,9.09091],[80.42562,9.09108],[80.42621,9.0909],[80.42632,9.09025],[80.42646,9.08826],[80.42658,9.08751],[80.42697,9.08616],[80.42699,9.08544],[80.42687,9.0848],[80.42669,9.08418],[80.42659,9.08353],[80.42669,9.08292],[80.4268,9.08087],[80.42675,9.08027],[80.42684,9.07813],[80.4267,9.07599],[80.42672,9.07398],[80.42679,9.0733],[80.42728,9.07178],[80.42738,9.07117],[80.42769,9.06809],[80.42786,9.06742],[80.42812,9.06669],[80.42823,9.06606],[80.42811,9.06545],[80.42825,9.06482],[80.42866,9.06211],[80.42876,9.06073],[80.42867,9.05945],[80.42867,9.05869],[80.42885,9.05735],[80.42888,9.05674],[80.42877,9.05484],[80.42877,9.05409],[80.42928,9.05198],[80.4295,9.05065],[80.42969,9.04998],[80.42979,9.04939],[80.43002,9.04727],[80.43024,9.04591],[80.43075,9.04384],[80.43111,9.04265],[80.43127,9.04196],[80.43138,9.04064],[80.43184,9.03858],[80.43248,9.03659],[80.43276,9.0359],[80.43308,9.0346],[80.43329,9.03328],[80.43353,9.03265],[80.43365,9.03195],[80.43378,9.03068],[80.43378,9.03003],[80.4334,9.02953],[80.43239,9.02862],[80.42892,9.02556],[80.42581,9.02294],[80.42475,9.02195],[80.42341,9.02022],[80.42076,9.01799],[80.41946,9.01676],[80.4164,9.01401],[80.41477,9.01243],[80.41308,9.01092],[80.4112,9.00886],[80.41005,9.00793],[80.40791,9.0063],[80.40628,9.00483],[80.40586,9.00436],[80.40492,9.00346],[80.4033,9.00208],[80.40185,9.00065],[80.40079,8.99972],[80.39891,8.99791],[80.39696,8.99585],[80.39646,8.99542],[80.39456,8.99407],[80.39269,8.99264],[80.39085,8.99114],[80.38837,8.98947],[80.38467,8.98666],[80.38348,8.98589],[80.38216,8.98491],[80.38038,8.98372],[80.37914,8.98278],[80.37776,8.98185],[80.37639,8.98121],[80.37581,8.98084],[80.3752,8.98034],[80.37465,8.97997],[80.3738,8.97992],[80.37335,8.97931],[80.37202,8.97864],[80.37135,8.97836],[80.37075,8.97804],[80.36774,8.97625],[80.36584,8.97495],[80.36159,8.97219],[80.36035,8.97155],[80.35792,8.97049],[80.35457,8.96871],[80.35059,8.96628],[80.34882,8.96535],[80.34753,8.9646],[80.3463,8.96381],[80.34438,8.96185],[80.34385,8.96137],[80.34332,8.96098],[80.34224,8.96043],[80.34066,8.95936],[80.34011,8.95902],[80.34042,8.95851],[80.34092,8.95812],[80.34148,8.95778],[80.34208,8.95755],[80.34275,8.95743],[80.34347,8.9574],[80.34409,8.95749],[80.34469,8.95771],[80.34528,8.95788],[80.34598,8.95791],[80.34663,8.95774],[80.34774,8.95706],[80.34831,8.95682],[80.34968,8.95673],[80.35014,8.95634],[80.35044,8.95582],[80.35124,8.95486],[80.35198,8.95371],[80.35223,8.95316],[80.3526,8.95266],[80.35306,8.95216],[80.35371,8.95196],[80.35435,8.95188],[80.35567,8.95182],[80.35773,8.95156],[80.35832,8.95128],[80.35913,8.95037],[80.36006,8.94944],[80.36047,8.94894],[80.36096,8.94856],[80.3616,8.94832],[80.3622,8.94802],[80.36287,8.94803],[80.36347,8.94817],[80.36408,8.9482],[80.36478,8.94836],[80.36533,8.94862],[80.366,8.94861],[80.36772,8.94797],[80.36993,8.94664],[80.37151,8.94552],[80.37206,8.94509],[80.37386,8.94403],[80.37444,8.94364],[80.37496,8.94323],[80.37543,8.94269],[80.37577,8.94211],[80.376,8.94089],[80.37598,8.9396],[80.37591,8.939],[80.37589,8.93838],[80.37643,8.93807],[80.37708,8.938],[80.37772,8.93783],[80.37827,8.9375],[80.37926,8.93661],[80.38025,8.9364],[80.38067,8.93535],[80.38106,8.93482],[80.38111,8.9342],[80.38171,8.93144],[80.38194,8.92807],[80.38218,8.92674],[80.38236,8.92516],[80.38237,8.92455],[80.38255,8.92257],[80.38268,8.92185],[80.38372,8.91852],[80.38387,8.91792],[80.38425,8.91511],[80.38442,8.91316],[80.38457,8.91249],[80.38541,8.90966],[80.38569,8.90839],[80.38608,8.90705],[80.38705,8.90445],[80.38832,8.902],[80.38902,8.90088],[80.38962,8.89957],[80.38991,8.8989],[80.39036,8.89748],[80.39125,8.89568],[80.39173,8.89432],[80.39266,8.89227],[80.39432,8.88923],[80.39471,8.88858],[80.39583,8.88582],[80.39795,8.88179],[80.39847,8.8805],[80.40032,8.87644],[80.40053,8.87575],[80.40177,8.87114],[80.4019,8.87034],[80.40202,8.86828],[80.40217,8.86684],[80.40216,8.8661],[80.40209,8.86486],[80.40199,8.86423],[80.40185,8.86364],[80.40247,8.85694],[80.40076,8.85508],[80.39879,8.85316],[80.39774,8.85224],[80.39672,8.85149],[80.39578,8.85071],[80.39491,8.84982],[80.39387,8.84911],[80.38971,8.84747],[80.38872,8.84708],[80.38631,8.84605],[80.38407,8.84523],[80.38293,8.84477],[80.37795,8.84255],[80.37646,8.84202],[80.37387,8.84111],[80.37253,8.84047],[80.37131,8.83996],[80.37003,8.8396],[80.36876,8.83914],[80.36753,8.83878],[80.36628,8.83859],[80.36486,8.8385],[80.3636,8.83851],[80.36224,8.83875],[80.36101,8.83914],[80.3598,8.83946],[80.35849,8.83949],[80.35721,8.83924],[80.3535,8.83793],[80.35234,8.83742],[80.34874,8.83557],[80.3438,8.83353],[80.34114,8.83263],[80.33982,8.83246],[80.33586,8.83171],[80.33462,8.83159],[80.33179,8.83174],[80.32938,8.83152],[80.32677,8.83121],[80.32549,8.83096],[80.32256,8.83002],[80.31752,8.83062],[80.31581,8.8298],[80.31264,8.82803],[80.30768,8.82547],[80.30447,8.82357],[80.3026,8.82261],[80.30091,8.82182],[80.29923,8.82085],[80.29743,8.82027],[80.29566,8.82064],[80.29186,8.82074],[80.28995,8.82107],[80.28814,8.82156],[80.28635,8.82174],[80.28452,8.8218],[80.28268,8.822],[80.28086,8.82224],[80.27889,8.82243],[80.27505,8.82329],[80.27338,8.82314],[80.27145,8.82311],[80.26951,8.82364],[80.26759,8.82371],[80.26396,8.82402],[80.2622,8.82434],[80.26029,8.82443],[80.25849,8.82463],[80.25661,8.82489],[80.25469,8.82529],[80.25273,8.82554],[80.25041,8.82567],[80.24663,8.82606],[80.24473,8.82635],[80.24283,8.82655],[80.23899,8.82706],[80.23529,8.82768],[80.23335,8.82771],[80.23145,8.82794],[80.22967,8.8279],[80.22739,8.82488],[80.22533,8.82178],[80.22335,8.81854],[80.22154,8.81541],[80.21853,8.81065],[80.21598,8.80583],[80.21544,8.80411],[80.21354,8.80073],[80.21171,8.79732],[80.21073,8.79571],[80.20726,8.78906],[80.20505,8.78386],[80.20382,8.78025],[80.20271,8.77663],[80.20123,8.77309],[80.20061,8.77139],[80.2001,8.76955],[80.19976,8.76769],[80.19925,8.76599],[80.19802,8.7647],[80.19633,8.76565],[80.19481,8.76668],[80.18964,8.76882],[80.18794,8.76936],[80.18614,8.77003],[80.18444,8.7709],[80.18266,8.77189],[80.18102,8.77262],[80.17971,8.7733],[80.17939,8.77369],[80.17783,8.77457],[80.1787,8.77226],[80.17823,8.77048],[80.17764,8.7688],[80.17716,8.76695],[80.17603,8.7634],[80.17474,8.76003],[80.17289,8.75686],[80.16996,8.7522],[80.17004,8.75036],[80.1709,8.7488],[80.17223,8.74746],[80.17384,8.74671],[80.17564,8.74638],[80.17742,8.7457],[80.179,8.74474],[80.18035,8.74341],[80.1819,8.74251],[80.18374,8.74221],[80.18538,8.74153],[80.18601,8.73973],[80.18648,8.73798],[80.18747,8.73645],[80.18905,8.73549],[80.19281,8.73478],[80.19423,8.73349],[80.19534,8.73181],[80.19642,8.7304],[80.19868,8.72723],[80.19948,8.72547],[80.20016,8.72383],[80.20075,8.72202],[80.2012,8.72025],[80.20186,8.71858],[80.20297,8.71704],[80.20431,8.71583],[80.20596,8.71507],[80.20735,8.71379],[80.20847,8.71227],[80.20997,8.71119],[80.21163,8.7104],[80.21307,8.70907],[80.21362,8.70732],[80.21398,8.70549],[80.21474,8.70377],[80.21581,8.70225],[80.21747,8.70161],[80.22115,8.7007],[80.22216,8.69906],[80.22266,8.69726],[80.22275,8.69527],[80.22371,8.69359],[80.22549,8.6903],[80.22661,8.68873],[80.2281,8.68773],[80.22981,8.68726],[80.23158,8.68646],[80.23292,8.68514],[80.23399,8.68373],[80.23489,8.68217],[80.23541,8.68041]]]}},{"type":"Feature","properties":{"slug":"galle","name":"Galle","district_id":7,"iso":"LK-31"},"geometry":{"type":"Polygon","coordinates":[[[79.98757,6.44035],[79.98937,6.43842],[79.99012,6.43731],[79.99039,6.43707],[79.99062,6.4365],[79.99122,6.43579],[79.99219,6.43353],[79.99384,6.42964],[79.99448,6.4272],[79.995,6.42389],[79.99528,6.42203],[79.99581,6.41994],[79.99575,6.41783],[79.99545,6.41739],[79.99435,6.41762],[79.99431,6.41744],[79.99437,6.4174],[79.99407,6.41696],[79.99406,6.41682],[79.99415,6.41678],[79.99435,6.41707],[79.99456,6.41721],[79.99459,6.41732],[79.99477,6.4173],[79.9949,6.41722],[79.99504,6.41708],[79.99483,6.41694],[79.99483,6.4169],[79.9949,6.41685],[79.99504,6.41697],[79.99518,6.4168],[79.99515,6.41643],[79.99522,6.41617],[79.99541,6.41636],[79.99561,6.41625],[79.99585,6.41582],[79.99626,6.41515],[79.99652,6.41461],[79.99763,6.4124],[79.99797,6.41148],[79.9993,6.40911],[79.99951,6.40871],[80.00003,6.40772],[80.00134,6.40521],[80.00302,6.4022],[80.00395,6.40028],[80.00419,6.39952],[80.00471,6.3978],[80.00507,6.3965],[80.00501,6.39614],[80.00488,6.3959],[80.00474,6.39588],[80.00467,6.39593],[80.00461,6.39588],[80.00457,6.3959],[80.00454,6.39583],[80.00441,6.39593],[80.0042,6.39588],[80.00415,6.39587],[80.00371,6.3955],[80.0037,6.39503],[80.004,6.39444],[80.00435,6.39437],[80.00495,6.39296],[80.00517,6.39217],[80.00539,6.39183],[80.00549,6.39144],[80.00593,6.39045],[80.00632,6.38972],[80.00651,6.38932],[80.00663,6.38899],[80.00692,6.38847],[80.00704,6.38819],[80.00728,6.38745],[80.0077,6.38666],[80.00771,6.38617],[80.00792,6.38557],[80.00806,6.38544],[80.00831,6.38435],[80.00893,6.38057],[80.00903,6.38012],[80.00907,6.37953],[80.00917,6.37896],[80.00927,6.37829],[80.00926,6.37794],[80.00924,6.37755],[80.00915,6.37738],[80.00897,6.37708],[80.0087,6.37683],[80.00844,6.37666],[80.00836,6.37674],[80.00829,6.37685],[80.00819,6.3768],[80.00806,6.37673],[80.00797,6.37668],[80.00802,6.37658],[80.00818,6.37644],[80.00833,6.37651],[80.00836,6.37648],[80.00837,6.37647],[80.00838,6.37633],[80.0083,6.37631],[80.00822,6.37628],[80.00825,6.37609],[80.00836,6.37571],[80.00847,6.37577],[80.0085,6.37597],[80.00884,6.3756],[80.00905,6.37525],[80.00934,6.37469],[80.00961,6.37416],[80.00997,6.37375],[80.01058,6.37279],[80.01096,6.37157],[80.01133,6.3703],[80.01146,6.36944],[80.01145,6.36909],[80.01141,6.36851],[80.01132,6.36829],[80.01118,6.36811],[80.01094,6.36796],[80.01073,6.36799],[80.0105,6.368],[80.01044,6.3679],[80.01029,6.3678],[80.01017,6.36771],[80.01034,6.36751],[80.011,6.36688],[80.01317,6.36338],[80.01443,6.36122],[80.0158,6.35896],[80.01609,6.35831],[80.01619,6.35757],[80.01555,6.35685],[80.01635,6.35594],[80.01667,6.35505],[80.01738,6.35403],[80.01872,6.35099],[80.02104,6.34587],[80.02396,6.34063],[80.02722,6.33343],[80.0284,6.33102],[80.02897,6.32863],[80.02973,6.32555],[80.0304,6.32216],[80.03047,6.32147],[80.03038,6.32084],[80.02977,6.32031],[80.02926,6.31989],[80.0291,6.31909],[80.02961,6.31828],[80.02879,6.31736],[80.02887,6.31682],[80.02926,6.31659],[80.02885,6.31573],[80.0284,6.31518],[80.02836,6.31471],[80.02852,6.31431],[80.02838,6.31388],[80.02897,6.31339],[80.03016,6.31191],[80.0311,6.31024],[80.03361,6.30644],[80.03532,6.30246],[80.03633,6.30007],[80.03698,6.29774],[80.0374,6.29521],[80.03776,6.29278],[80.03763,6.29175],[80.03733,6.29084],[80.03603,6.29061],[80.0359,6.29037],[80.0362,6.28987],[80.03611,6.28786],[80.036,6.28656],[80.03551,6.28529],[80.03492,6.28484],[80.03423,6.28477],[80.03353,6.2843],[80.03403,6.28352],[80.03434,6.2826],[80.03517,6.27782],[80.03544,6.27604],[80.03495,6.27433],[80.03482,6.27409],[80.03445,6.2734],[80.03402,6.27326],[80.03322,6.27301],[80.03357,6.271],[80.03353,6.27008],[80.03314,6.26991],[80.03302,6.26941],[80.0334,6.26815],[80.0341,6.2671],[80.03474,6.26546],[80.03596,6.26356],[80.03605,6.2632],[80.03611,6.26281],[80.03622,6.2625],[80.03643,6.26256],[80.03659,6.26237],[80.03665,6.2621],[80.03673,6.26172],[80.03667,6.26135],[80.03622,6.26108],[80.03602,6.26071],[80.03598,6.26031],[80.03624,6.25991],[80.03643,6.25965],[80.03644,6.25937],[80.03662,6.25881],[80.03678,6.25886],[80.03694,6.25895],[80.03705,6.25886],[80.03708,6.25879],[80.03693,6.25859],[80.03675,6.25835],[80.03698,6.25786],[80.03709,6.25753],[80.03731,6.25719],[80.03753,6.25724],[80.0377,6.25694],[80.03805,6.25628],[80.03817,6.25597],[80.03815,6.25586],[80.03796,6.25581],[80.03785,6.25569],[80.03814,6.2552],[80.03845,6.25487],[80.03866,6.25471],[80.03877,6.25446],[80.03978,6.2535],[80.04059,6.25231],[80.0409,6.25181],[80.0412,6.25113],[80.04142,6.25081],[80.04142,6.25058],[80.04133,6.25044],[80.04121,6.25027],[80.04131,6.25007],[80.04154,6.25015],[80.04188,6.2499],[80.04364,6.2478],[80.04532,6.24544],[80.04587,6.245],[80.04693,6.24378],[80.04706,6.24312],[80.04741,6.24276],[80.04735,6.24262],[80.04762,6.24217],[80.04768,6.24176],[80.04764,6.24135],[80.04739,6.24095],[80.04772,6.24067],[80.04792,6.24005],[80.04812,6.23929],[80.04831,6.23916],[80.0491,6.23835],[80.04978,6.23779],[80.04989,6.23747],[80.04999,6.23722],[80.0501,6.23708],[80.05074,6.23694],[80.05162,6.23609],[80.05185,6.23533],[80.05169,6.2336],[80.05185,6.23339],[80.0523,6.23282],[80.05239,6.23163],[80.05165,6.23101],[80.05283,6.22942],[80.05307,6.22852],[80.05314,6.22824],[80.05314,6.22785],[80.05314,6.22679],[80.05552,6.22155],[80.05671,6.21906],[80.05764,6.21602],[80.06056,6.20943],[80.06239,6.20627],[80.06354,6.20279],[80.06376,6.20058],[80.06342,6.19835],[80.0629,6.19743],[80.06214,6.19682],[80.06166,6.19612],[80.0616,6.19505],[80.06179,6.19365],[80.06251,6.19208],[80.06296,6.19067],[80.06627,6.18791],[80.06939,6.18508],[80.07145,6.18322],[80.08098,6.17462],[80.0886,6.1661],[80.09073,6.16093],[80.09134,6.156],[80.09397,6.15451],[80.09563,6.15274],[80.09873,6.14836],[80.09884,6.14768],[80.09892,6.14732],[80.09919,6.14625],[80.09911,6.14517],[80.0987,6.14512],[80.09822,6.14506],[80.09767,6.14501],[80.09757,6.14497],[80.09747,6.14486],[80.09748,6.14353],[80.09753,6.14352],[80.09758,6.14354],[80.09759,6.14486],[80.09772,6.14492],[80.09911,6.14507],[80.09897,6.14444],[80.0991,6.14403],[80.09927,6.14369],[80.09922,6.1428],[80.09884,6.14277],[80.09892,6.14247],[80.09894,6.14129],[80.09896,6.14114],[80.09889,6.14102],[80.09878,6.14098],[80.09862,6.14096],[80.09842,6.14096],[80.09831,6.14103],[80.09822,6.14121],[80.09809,6.14138],[80.09787,6.1416],[80.09771,6.14176],[80.09763,6.14197],[80.09761,6.14218],[80.09761,6.14232],[80.09758,6.14251],[80.09765,6.14256],[80.09783,6.14262],[80.09793,6.14269],[80.0979,6.14277],[80.0978,6.14276],[80.09771,6.14272],[80.09761,6.14267],[80.0976,6.14278],[80.09757,6.14291],[80.09753,6.14293],[80.09747,6.14292],[80.09743,6.14288],[80.09742,6.1428],[80.09743,6.14249],[80.09745,6.14243],[80.09744,6.14237],[80.0974,6.14234],[80.09733,6.14238],[80.09651,6.14297],[80.09642,6.14298],[80.09638,6.14293],[80.09638,6.14288],[80.09642,6.14283],[80.09648,6.14279],[80.09734,6.14222],[80.09746,6.14209],[80.09749,6.14198],[80.09754,6.14179],[80.0976,6.14167],[80.09769,6.14155],[80.0978,6.14142],[80.09789,6.14132],[80.09806,6.14115],[80.09812,6.14104],[80.09819,6.14093],[80.09826,6.14085],[80.0984,6.14082],[80.0985,6.14069],[80.09856,6.14057],[80.09867,6.14043],[80.09871,6.14048],[80.09868,6.14065],[80.09864,6.1408],[80.09873,6.14083],[80.09878,6.14084],[80.09891,6.14084],[80.09904,6.14076],[80.09917,6.14063],[80.09925,6.14049],[80.09936,6.1403],[80.09937,6.14019],[80.09936,6.14014],[80.09937,6.14012],[80.09943,6.14008],[80.09947,6.13995],[80.09948,6.13962],[80.09945,6.13924],[80.09932,6.13876],[80.09931,6.13867],[80.09922,6.13846],[80.0992,6.13822],[80.09903,6.13804],[80.09893,6.13774],[80.09898,6.1373],[80.09902,6.13715],[80.0991,6.13696],[80.09923,6.13643],[80.09921,6.13623],[80.09918,6.13606],[80.09925,6.13584],[80.09951,6.13548],[80.09971,6.13466],[80.09979,6.13453],[80.09993,6.13425],[80.09994,6.13407],[80.10021,6.13373],[80.10056,6.13316],[80.10055,6.13305],[80.10056,6.1324],[80.10034,6.13193],[80.1002,6.1318],[80.10002,6.13172],[80.09991,6.13166],[80.09986,6.13145],[80.09982,6.13121],[80.09998,6.13102],[80.10021,6.13096],[80.10059,6.1307],[80.10085,6.13065],[80.10106,6.13056],[80.10175,6.12953],[80.10227,6.12913],[80.10277,6.12891],[80.10307,6.12876],[80.10339,6.12832],[80.10497,6.12691],[80.10525,6.12679],[80.1059,6.12605],[80.10599,6.12583],[80.10632,6.12568],[80.10669,6.12552],[80.10747,6.12497],[80.10807,6.12423],[80.11006,6.12326],[80.11321,6.12101],[80.1168,6.1172],[80.12119,6.11327],[80.12314,6.11115],[80.12427,6.10971],[80.12429,6.10966],[80.12455,6.10917],[80.12464,6.10845],[80.12443,6.10771],[80.12386,6.10718],[80.12453,6.10697],[80.12478,6.10666],[80.12493,6.10631],[80.12496,6.10587],[80.12483,6.10549],[80.12418,6.10463],[80.12407,6.10346],[80.12422,6.10182],[80.12586,6.09999],[80.13161,6.09556],[80.13839,6.09131],[80.14486,6.08579],[80.14769,6.08325],[80.14791,6.08104],[80.15236,6.07744],[80.15719,6.07386],[80.16267,6.07096],[80.16809,6.06724],[80.17235,6.06376],[80.17328,6.0622],[80.17395,6.06261],[80.17437,6.06211],[80.17424,6.06132],[80.17513,6.06013],[80.17703,6.05782],[80.17685,6.05691],[80.17825,6.05512],[80.17997,6.05209],[80.18207,6.05093],[80.18353,6.04911],[80.18694,6.04718],[80.18864,6.04504],[80.19138,6.04267],[80.195,6.04149],[80.19645,6.04091],[80.19722,6.0406],[80.19794,6.04037],[80.19821,6.04028],[80.19855,6.04009],[80.19883,6.04008],[80.19924,6.04008],[80.19942,6.03986],[80.1995,6.03968],[80.19934,6.03948],[80.19922,6.03927],[80.19903,6.03911],[80.19865,6.03898],[80.19838,6.0389],[80.19839,6.03881],[80.19854,6.03868],[80.19877,6.03872],[80.19898,6.03881],[80.19928,6.03891],[80.1996,6.03902],[80.1998,6.03917],[80.1999,6.03948],[80.20011,6.03973],[80.2005,6.03976],[80.20137,6.03969],[80.20206,6.03946],[80.20271,6.03922],[80.20334,6.03884],[80.20375,6.03864],[80.20418,6.03837],[80.20446,6.03819],[80.20481,6.03817],[80.20507,6.03809],[80.20525,6.0379],[80.20567,6.03775],[80.20615,6.03746],[80.20655,6.03727],[80.20712,6.03696],[80.20751,6.03681],[80.20812,6.03653],[80.20859,6.03631],[80.20915,6.03591],[80.20924,6.03574],[80.20927,6.0356],[80.20903,6.0352],[80.20886,6.03499],[80.2089,6.03462],[80.20914,6.03439],[80.20945,6.03419],[80.20965,6.03416],[80.20973,6.03438],[80.20987,6.03458],[80.21055,6.03423],[80.21125,6.03369],[80.21149,6.03346],[80.21162,6.0332],[80.21174,6.03291],[80.21175,6.03259],[80.2118,6.03247],[80.21186,6.03226],[80.21189,6.03217],[80.21185,6.03211],[80.21176,6.03207],[80.21169,6.03194],[80.21167,6.03187],[80.21175,6.03176],[80.21183,6.03167],[80.21186,6.03156],[80.21185,6.03145],[80.21184,6.03135],[80.21194,6.03134],[80.21195,6.03131],[80.21201,6.03124],[80.21213,6.03122],[80.2122,6.0312],[80.21229,6.03115],[80.21225,6.03107],[80.21224,6.03102],[80.21225,6.03094],[80.21232,6.03088],[80.2124,6.03089],[80.21246,6.03095],[80.21251,6.03102],[80.21257,6.0311],[80.21264,6.03116],[80.21272,6.03118],[80.2128,6.03119],[80.21284,6.03119],[80.21289,6.0312],[80.21294,6.03123],[80.213,6.03128],[80.213,6.03129],[80.21303,6.03137],[80.21304,6.03148],[80.21305,6.03155],[80.21305,6.03156],[80.2131,6.03161],[80.21319,6.03164],[80.21337,6.03162],[80.21347,6.0316],[80.2135,6.03159],[80.21352,6.03158],[80.21356,6.03152],[80.21359,6.03151],[80.21366,6.03146],[80.21372,6.03146],[80.21374,6.03146],[80.2138,6.03147],[80.21386,6.0315],[80.21394,6.03142],[80.21397,6.03137],[80.21392,6.0313],[80.2139,6.03123],[80.21389,6.0311],[80.21385,6.03106],[80.2138,6.031],[80.21376,6.03096],[80.21373,6.03091],[80.2137,6.03085],[80.21367,6.03075],[80.2137,6.0306],[80.21361,6.03052],[80.21354,6.03054],[80.2135,6.03048],[80.21352,6.03036],[80.21358,6.03009],[80.21378,6.03006],[80.21379,6.02994],[80.21365,6.02994],[80.21368,6.02963],[80.21379,6.02962],[80.21385,6.02851],[80.2136,6.02849],[80.21369,6.02814],[80.21386,6.02814],[80.21392,6.02721],[80.21394,6.02682],[80.21431,6.02684],[80.21465,6.02653],[80.21459,6.02646],[80.21461,6.02621],[80.21487,6.02636],[80.21598,6.02509],[80.21586,6.02496],[80.21618,6.02484],[80.21631,6.02494],[80.21732,6.02397],[80.21742,6.02387],[80.21745,6.02384],[80.21743,6.02383],[80.21739,6.02381],[80.21738,6.02378],[80.21738,6.02374],[80.21741,6.02372],[80.21742,6.02364],[80.21748,6.02364],[80.2175,6.02361],[80.21754,6.0236],[80.21758,6.02363],[80.21762,6.02366],[80.21762,6.02371],[80.21761,6.02376],[80.21761,6.02381],[80.21912,6.02435],[80.21962,6.02435],[80.21956,6.02475],[80.21954,6.02476],[80.21954,6.0248],[80.21966,6.02616],[80.21989,6.02633],[80.21974,6.02644],[80.21977,6.02733],[80.2199,6.02744],[80.21986,6.02766],[80.21981,6.0277],[80.2198,6.02772],[80.21964,6.02825],[80.21946,6.02906],[80.21942,6.02918],[80.2194,6.02924],[80.21933,6.02927],[80.21927,6.02927],[80.21923,6.02931],[80.21921,6.02938],[80.21914,6.0294],[80.21916,6.02925],[80.21914,6.0292],[80.21912,6.02915],[80.21903,6.02914],[80.21901,6.02912],[80.21902,6.02909],[80.21907,6.02909],[80.21907,6.02907],[80.21912,6.02906],[80.21915,6.02884],[80.21912,6.02882],[80.21914,6.02875],[80.21896,6.02871],[80.21889,6.02916],[80.2188,6.02915],[80.21886,6.02871],[80.21881,6.02866],[80.21875,6.02864],[80.21868,6.02864],[80.21861,6.02864],[80.21854,6.02866],[80.21849,6.02869],[80.21861,6.02926],[80.21849,6.02927],[80.2184,6.02872],[80.2183,6.02874],[80.21821,6.0288],[80.21834,6.02904],[80.21831,6.02905],[80.21836,6.02916],[80.2183,6.02919],[80.21825,6.02908],[80.21822,6.02909],[80.2181,6.02887],[80.21807,6.02888],[80.21799,6.0289],[80.21792,6.02894],[80.2179,6.02897],[80.21785,6.02903],[80.21806,6.02924],[80.21805,6.02925],[80.21818,6.02939],[80.21814,6.02943],[80.21801,6.02928],[80.21799,6.02929],[80.2178,6.0291],[80.21777,6.02912],[80.21775,6.0292],[80.21775,6.02925],[80.21774,6.02932],[80.21773,6.02936],[80.21773,6.02946],[80.21774,6.02957],[80.21773,6.02974],[80.21771,6.0299],[80.2177,6.03006],[80.21765,6.03004],[80.21764,6.02993],[80.21755,6.02994],[80.21745,6.03001],[80.2174,6.03014],[80.21738,6.03025],[80.21743,6.03038],[80.21753,6.03052],[80.2176,6.03051],[80.21764,6.03039],[80.21769,6.03038],[80.21768,6.03048],[80.21766,6.03061],[80.21764,6.03076],[80.21772,6.03092],[80.21769,6.03095],[80.21764,6.03092],[80.21759,6.03086],[80.21752,6.03079],[80.21744,6.03091],[80.21741,6.03105],[80.21745,6.0312],[80.21753,6.03128],[80.21769,6.03134],[80.21773,6.03123],[80.21775,6.03117],[80.21782,6.03118],[80.21781,6.03134],[80.218,6.03147],[80.21816,6.03159],[80.21808,6.03168],[80.21805,6.03179],[80.21808,6.03187],[80.21814,6.03194],[80.2182,6.03198],[80.21829,6.03202],[80.21839,6.03202],[80.21847,6.03198],[80.21858,6.03186],[80.21879,6.03188],[80.21889,6.03206],[80.21838,6.03243],[80.21841,6.03284],[80.21851,6.03319],[80.2187,6.03346],[80.21898,6.03378],[80.21931,6.03406],[80.21973,6.03446],[80.22017,6.0348],[80.22078,6.03524],[80.22117,6.03547],[80.22154,6.03567],[80.22179,6.03578],[80.22236,6.03609],[80.22253,6.03615],[80.22292,6.03628],[80.22319,6.03641],[80.22458,6.03671],[80.2257,6.03675],[80.22647,6.03664],[80.22707,6.0365],[80.22721,6.03638],[80.22727,6.03625],[80.22721,6.03463],[80.22723,6.03446],[80.22732,6.03431],[80.22743,6.03417],[80.2276,6.034],[80.22776,6.03389],[80.22791,6.0338],[80.22796,6.03378],[80.22801,6.03381],[80.22802,6.03386],[80.22799,6.03392],[80.22781,6.03405],[80.22745,6.03442],[80.22742,6.03451],[80.22741,6.03563],[80.22747,6.03573],[80.22755,6.03577],[80.22751,6.03597],[80.22765,6.03599],[80.22785,6.03506],[80.22791,6.03507],[80.22783,6.03554],[80.22781,6.03553],[80.22773,6.03594],[80.22784,6.03597],[80.22791,6.03574],[80.22853,6.03573],[80.22854,6.03493],[80.22865,6.03492],[80.22869,6.03573],[80.22955,6.03571],[80.2296,6.03565],[80.23041,6.03522],[80.23071,6.03506],[80.23058,6.03487],[80.2308,6.03502],[80.23091,6.03497],[80.23105,6.03501],[80.23111,6.035],[80.23128,6.03491],[80.2313,6.03477],[80.23135,6.03466],[80.23137,6.03451],[80.23162,6.03456],[80.23171,6.03455],[80.23175,6.03441],[80.2303,6.03431],[80.23032,6.03402],[80.23175,6.03411],[80.23184,6.03339],[80.23207,6.03341],[80.23216,6.03337],[80.23226,6.03334],[80.23233,6.03351],[80.23239,6.03348],[80.23243,6.03319],[80.23232,6.03315],[80.23228,6.03309],[80.23234,6.03281],[80.23238,6.03221],[80.22868,6.03152],[80.22855,6.03134],[80.22852,6.03122],[80.22836,6.03122],[80.22785,6.03153],[80.22696,6.03209],[80.2269,6.03209],[80.22686,6.03205],[80.22683,6.03201],[80.22687,6.03194],[80.22873,6.03067],[80.22927,6.03039],[80.23,6.03026],[80.23451,6.03035],[80.23553,6.03127],[80.235,6.03253],[80.23679,6.03307],[80.23861,6.03237],[80.2412,6.02947],[80.242,6.02859],[80.24254,6.0282],[80.24215,6.02784],[80.24194,6.02718],[80.24177,6.02694],[80.24153,6.02712],[80.24112,6.02699],[80.24054,6.02634],[80.24019,6.02396],[80.24034,6.02012],[80.23958,6.01881],[80.23935,6.01855],[80.23854,6.01842],[80.23795,6.01776],[80.2373,6.01743],[80.23531,6.01865],[80.23494,6.01809],[80.23484,6.01739],[80.23635,6.01702],[80.23651,6.01624],[80.23632,6.01525],[80.23668,6.01489],[80.23654,6.01262],[80.23749,6.01142],[80.23916,6.01001],[80.24026,6.00784],[80.24076,6.00764],[80.24096,6.00752],[80.24171,6.00695],[80.24236,6.00649],[80.24263,6.00618],[80.24269,6.00597],[80.24294,6.00576],[80.24295,6.00553],[80.24313,6.00527],[80.24367,6.00562],[80.24383,6.00569],[80.24413,6.00573],[80.24422,6.00636],[80.24404,6.00639],[80.24358,6.00665],[80.24355,6.00705],[80.24368,6.00738],[80.24468,6.00857],[80.24525,6.00905],[80.24541,6.00919],[80.24557,6.00925],[80.24621,6.00946],[80.24673,6.00953],[80.24714,6.00954],[80.24749,6.00952],[80.24822,6.00957],[80.24889,6.00959],[80.2491,6.00959],[80.24947,6.00955],[80.25,6.00935],[80.25031,6.00913],[80.25056,6.00875],[80.25096,6.00795],[80.25117,6.00768],[80.25149,6.00739],[80.25193,6.00715],[80.25204,6.00701],[80.25209,6.00685],[80.25219,6.00672],[80.25245,6.00662],[80.25272,6.00647],[80.25299,6.00634],[80.25324,6.00609],[80.25341,6.00597],[80.25368,6.00593],[80.25386,6.00576],[80.25407,6.0055],[80.2544,6.00562],[80.25467,6.00558],[80.25496,6.00548],[80.25515,6.0053],[80.25523,6.00518],[80.25537,6.00492],[80.25577,6.00414],[80.25594,6.00381],[80.25628,6.00326],[80.25653,6.00301],[80.25667,6.00296],[80.25704,6.00299],[80.25749,6.00293],[80.25797,6.00283],[80.25855,6.00258],[80.25899,6.00212],[80.2595,6.00159],[80.26001,6.00125],[80.26077,6.0007],[80.26217,6.00015],[80.26283,6.00005],[80.26327,5.9993],[80.26462,5.99878],[80.26457,5.99857],[80.26469,5.99864],[80.26483,5.99909],[80.26512,5.99943],[80.26552,5.9995],[80.2662,5.99921],[80.26652,5.9991],[80.26685,5.9989],[80.26714,5.99904],[80.26759,5.99946],[80.2685,5.99933],[80.2691,5.99911],[80.26945,5.99892],[80.26977,5.99862],[80.27,5.99835],[80.27014,5.99814],[80.27021,5.99756],[80.27065,5.99805],[80.27083,5.99815],[80.27104,5.99815],[80.27144,5.99815],[80.27211,5.99825],[80.2726,5.99832],[80.2729,5.9983],[80.27352,5.99821],[80.27427,5.99781],[80.27557,5.99745],[80.27622,5.99734],[80.27673,5.99726],[80.27778,5.99707],[80.27889,5.99705],[80.27958,5.99695],[80.2802,5.99677],[80.28084,5.99658],[80.28153,5.99639],[80.28201,5.99624],[80.28246,5.99608],[80.28304,5.99593],[80.28313,5.99594],[80.28322,5.99602],[80.28334,5.99611],[80.28384,5.99598],[80.28422,5.99584],[80.28452,5.99568],[80.28498,5.99557],[80.28538,5.99559],[80.28606,5.99552],[80.28649,5.99532],[80.28675,5.99518],[80.28708,5.99525],[80.28773,5.99508],[80.28813,5.99484],[80.28842,5.99451],[80.28875,5.99442],[80.28932,5.99426],[80.28973,5.99417],[80.29017,5.99411],[80.29056,5.99411],[80.2914,5.99452],[80.29199,5.99457],[80.2926,5.99454],[80.29344,5.99418],[80.29395,5.99407],[80.29449,5.99405],[80.29519,5.99406],[80.29613,5.99395],[80.29691,5.99375],[80.29793,5.99361],[80.30445,5.99312],[80.30786,5.99275],[80.31156,5.99212],[80.31491,5.99137],[80.31763,5.9905],[80.32223,5.98828],[80.3232,5.98786],[80.32393,5.98735],[80.32534,5.98648],[80.32614,5.9861],[80.32685,5.98577],[80.32704,5.98577],[80.32747,5.98572],[80.32781,5.98564],[80.32827,5.9853],[80.32852,5.98518],[80.32874,5.98514],[80.32945,5.985],[80.33024,5.98456],[80.33074,5.9843],[80.33101,5.98412],[80.33126,5.98388],[80.33165,5.98359],[80.33216,5.98339],[80.33234,5.98353],[80.33269,5.98347],[80.33309,5.98331],[80.33339,5.98287],[80.33376,5.98305],[80.33404,5.98312],[80.33449,5.98303],[80.33485,5.98296],[80.33502,5.98283],[80.3352,5.98275],[80.33532,5.98273],[80.33549,5.98273],[80.33606,5.98249],[80.33877,5.98128],[80.3392,5.98107],[80.33947,5.98074],[80.3398,5.98047],[80.34025,5.98027],[80.34054,5.98022],[80.34103,5.98037],[80.34143,5.98046],[80.34175,5.98051],[80.34233,5.98051],[80.34273,5.98049],[80.34308,5.98044],[80.34358,5.98027],[80.34374,5.98018],[80.34393,5.97998],[80.34413,5.97976],[80.34436,5.97932],[80.34475,5.97914],[80.3449,5.97901],[80.34533,5.97883],[80.34594,5.97847],[80.34616,5.9783],[80.3466,5.97806],[80.34712,5.9778],[80.34749,5.97768],[80.34797,5.97762],[80.34844,5.97763],[80.34914,5.97762],[80.34956,5.97758],[80.34996,5.97743],[80.35062,5.97721],[80.35113,5.97698],[80.35199,5.97663],[80.35295,5.9761],[80.35461,5.97536],[80.35591,5.97494],[80.35619,5.97486],[80.35662,5.97463],[80.35694,5.9745],[80.35732,5.97438],[80.35802,5.97415],[80.35863,5.97395],[80.35924,5.97342],[80.35942,5.97323],[80.36005,5.9728],[80.36098,5.97237],[80.36139,5.97222],[80.36216,5.97209],[80.3626,5.97219],[80.36313,5.97209],[80.36356,5.97193],[80.36399,5.97163],[80.36443,5.97118],[80.36464,5.97093],[80.36508,5.97062],[80.36583,5.97043],[80.36647,5.97022],[80.3671,5.96999],[80.36772,5.96982],[80.36824,5.96963],[80.36864,5.96943],[80.36883,5.96928],[80.36929,5.96891],[80.36967,5.96889],[80.37012,5.96881],[80.37031,5.96865],[80.37044,5.96838],[80.37052,5.96818],[80.37052,5.968],[80.37044,5.96785],[80.37014,5.96783],[80.36988,5.96776],[80.36993,5.96769],[80.37012,5.9675],[80.37064,5.96723],[80.37101,5.96742],[80.37114,5.96753],[80.37136,5.96758],[80.37159,5.96756],[80.37175,5.96749],[80.37212,5.96736],[80.37251,5.96724],[80.37287,5.96755],[80.37312,5.96761],[80.37352,5.9676],[80.37406,5.96756],[80.37418,5.96749],[80.37439,5.96726],[80.37445,5.96715],[80.37458,5.96688],[80.37522,5.96645],[80.37635,5.96592],[80.37666,5.96572],[80.37715,5.96553],[80.3777,5.96538],[80.37806,5.96538],[80.37856,5.96524],[80.37926,5.96486],[80.38014,5.96492],[80.38145,5.96526],[80.3818,5.96526],[80.38145,5.96636],[80.38373,5.96724],[80.38482,5.96727],[80.38488,5.96779],[80.38471,5.96814],[80.384,5.96879],[80.38395,5.96931],[80.38395,5.96987],[80.38426,5.97033],[80.38472,5.97128],[80.38512,5.97182],[80.38537,5.97224],[80.38539,5.97232],[80.38583,5.97326],[80.38534,5.97637],[80.38328,5.97687],[80.38216,5.97831],[80.3827,5.9794],[80.38232,5.98067],[80.38185,5.9819],[80.38182,5.98238],[80.38187,5.98325],[80.38194,5.98372],[80.38218,5.98462],[80.38298,5.98637],[80.38432,5.98882],[80.38605,5.99105],[80.38634,5.99149],[80.38671,5.99224],[80.38689,5.9932],[80.38696,5.99403],[80.38698,5.99502],[80.38708,5.99601],[80.38731,5.99749],[80.38767,5.99904],[80.38833,6.00096],[80.38884,6.00227],[80.38906,6.00332],[80.38913,6.00423],[80.38923,6.00479],[80.38957,6.0059],[80.39011,6.00718],[80.3906,6.00792],[80.39117,6.00869],[80.39181,6.00939],[80.39217,6.0097],[80.39295,6.01026],[80.39372,6.01068],[80.3941,6.01094],[80.39477,6.01151],[80.39608,6.01219],[80.39698,6.01257],[80.39785,6.01289],[80.39873,6.01314],[80.39963,6.01318],[80.40108,6.01338],[80.40305,6.01329],[80.40398,6.01315],[80.40489,6.01282],[80.40566,6.01238],[80.40663,6.01156],[80.407,6.01136],[80.40745,6.01118],[80.40788,6.01113],[80.40881,6.01115],[80.41112,6.01161],[80.41151,6.01179],[80.41185,6.01206],[80.41206,6.01241],[80.41215,6.01286],[80.41197,6.01418],[80.41201,6.01469],[80.4121,6.01513],[80.41232,6.01547],[80.41318,6.01579],[80.41449,6.01617],[80.41588,6.0167],[80.41679,6.0171],[80.41766,6.01736],[80.4181,6.01757],[80.41898,6.0178],[80.41947,6.01786],[80.42005,6.01787],[80.42047,6.01781],[80.4212,6.01742],[80.42161,6.01731],[80.42245,6.01735],[80.42283,6.01754],[80.42306,6.01788],[80.42322,6.01826],[80.42329,6.01868],[80.42329,6.01913],[80.42321,6.01962],[80.42307,6.02009],[80.42288,6.02047],[80.42241,6.02121],[80.42207,6.02157],[80.4209,6.02263],[80.41969,6.02359],[80.41899,6.02403],[80.41829,6.0246],[80.41796,6.02493],[80.41736,6.02572],[80.41715,6.02617],[80.41701,6.02662],[80.41698,6.02707],[80.41704,6.02808],[80.41688,6.02849],[80.41651,6.02876],[80.41611,6.0288],[80.41471,6.02876],[80.41425,6.02887],[80.41392,6.02911],[80.41361,6.0294],[80.41336,6.02984],[80.41299,6.03119],[80.41278,6.03158],[80.41251,6.032],[80.41211,6.03226],[80.41126,6.03254],[80.41078,6.03259],[80.40707,6.03261],[80.40618,6.03257],[80.40576,6.03245],[80.40492,6.03207],[80.40398,6.03192],[80.40348,6.03192],[80.40209,6.03213],[80.40114,6.03212],[80.40064,6.03204],[80.39974,6.03181],[80.39815,6.03123],[80.3972,6.03095],[80.39629,6.0309],[80.39587,6.03101],[80.39546,6.03118],[80.39511,6.03145],[80.39443,6.03218],[80.39367,6.0328],[80.39285,6.03328],[80.39197,6.03365],[80.39158,6.03391],[80.39128,6.03426],[80.39082,6.0351],[80.39049,6.03639],[80.39031,6.03681],[80.39009,6.03718],[80.38992,6.03761],[80.38986,6.03809],[80.3898,6.03905],[80.38984,6.04141],[80.38998,6.04243],[80.39018,6.04329],[80.39024,6.04376],[80.39021,6.04423],[80.39014,6.04468],[80.38959,6.04692],[80.38975,6.04826],[80.38952,6.04881],[80.38886,6.0507],[80.38863,6.05274],[80.38931,6.05462],[80.3906,6.05609],[80.39231,6.05708],[80.39423,6.05763],[80.39559,6.05622],[80.39714,6.05487],[80.39771,6.05299],[80.39908,6.05157],[80.40115,6.05133],[80.40301,6.0519],[80.4047,6.05294],[80.40562,6.05468],[80.40791,6.0579],[80.40806,6.05994],[80.40941,6.06142],[80.40987,6.06331],[80.41066,6.06512],[80.41096,6.06708],[80.41085,6.06908],[80.41242,6.07024],[80.41403,6.07136],[80.41669,6.07442],[80.41777,6.07616],[80.41962,6.07685],[80.42146,6.07778],[80.42309,6.07886],[80.42462,6.08017],[80.42749,6.08304],[80.42937,6.08365],[80.4313,6.08417],[80.43311,6.08495],[80.43472,6.08611],[80.43668,6.08638],[80.43812,6.08777],[80.43864,6.08972],[80.43888,6.09368],[80.43765,6.09525],[80.43589,6.09608],[80.43436,6.09734],[80.43248,6.09804],[80.43136,6.09974],[80.42973,6.10088],[80.42775,6.10114],[80.42657,6.10276],[80.42469,6.10347],[80.42294,6.10439],[80.4235,6.10631],[80.42378,6.10831],[80.42219,6.10949],[80.42056,6.11059],[80.4186,6.11113],[80.41674,6.11044],[80.41488,6.10986],[80.41292,6.10971],[80.41123,6.11076],[80.40959,6.11207],[80.40773,6.11291],[80.4061,6.11405],[80.40544,6.11599],[80.40526,6.11995],[80.40418,6.12158],[80.40279,6.12528],[80.40127,6.12659],[80.40037,6.12839],[80.39858,6.12941],[80.39672,6.13],[80.39473,6.13026],[80.39282,6.13072],[80.39109,6.13164],[80.38942,6.13273],[80.38805,6.13427],[80.38705,6.13609],[80.38623,6.13791],[80.38556,6.13986],[80.38484,6.1417],[80.38421,6.14357],[80.38403,6.14552],[80.38361,6.14752],[80.38306,6.14944],[80.38294,6.15142],[80.38253,6.1534],[80.38289,6.15539],[80.38348,6.15725],[80.38403,6.16125],[80.38427,6.16323],[80.38461,6.16469],[80.38465,6.16521],[80.38564,6.16691],[80.38764,6.16706],[80.3893,6.16604],[80.39129,6.16606],[80.39294,6.16713],[80.39455,6.1683],[80.396,6.16964],[80.39614,6.17162],[80.39504,6.17325],[80.39342,6.17442],[80.39196,6.17581],[80.39092,6.17757],[80.39179,6.17942],[80.39058,6.18094],[80.38925,6.18246],[80.38825,6.18419],[80.38788,6.18618],[80.3892,6.18763],[80.39125,6.18814],[80.3932,6.18828],[80.39515,6.18858],[80.39728,6.18866],[80.39925,6.18892],[80.40121,6.18958],[80.4031,6.19039],[80.40294,6.19241],[80.40209,6.19419],[80.40116,6.19594],[80.40034,6.19774],[80.40058,6.1998],[80.39996,6.20169],[80.39884,6.20332],[80.39785,6.20509],[80.39678,6.20672],[80.39306,6.21155],[80.39224,6.21343],[80.39051,6.21437],[80.3886,6.21516],[80.3868,6.21618],[80.38531,6.21753],[80.3842,6.21924],[80.38338,6.22101],[80.38449,6.22262],[80.38523,6.22076],[80.38689,6.21969],[80.38885,6.22041],[80.39068,6.22121],[80.39273,6.22157],[80.39456,6.22087],[80.39831,6.21922],[80.40219,6.21841],[80.40428,6.21846],[80.40782,6.21659],[80.40991,6.21677],[80.41183,6.21715],[80.4138,6.2171],[80.41578,6.21716],[80.41786,6.21678],[80.41927,6.21542],[80.42076,6.21412],[80.42271,6.21396],[80.42476,6.21393],[80.42674,6.21418],[80.4286,6.215],[80.43021,6.2161],[80.43169,6.2175],[80.43286,6.21908],[80.43377,6.22091],[80.43517,6.22246],[80.43853,6.22467],[80.43996,6.22601],[80.44045,6.22792],[80.43938,6.22964],[80.43815,6.23128],[80.43723,6.23304],[80.43618,6.23479],[80.43552,6.23662],[80.43709,6.23785],[80.43902,6.23812],[80.44096,6.23855],[80.44126,6.24049],[80.43989,6.24195],[80.43863,6.24345],[80.43717,6.24486],[80.43599,6.24652],[80.43523,6.24834],[80.43504,6.25038],[80.43604,6.25212],[80.43761,6.25332],[80.43918,6.25463],[80.43812,6.2563],[80.43686,6.25786],[80.43588,6.25965],[80.4344,6.26106],[80.43243,6.26106],[80.43086,6.26222],[80.42966,6.26391],[80.42601,6.26861],[80.42493,6.27025],[80.42361,6.27176],[80.4219,6.27272],[80.42135,6.2746],[80.42263,6.27611],[80.42142,6.27774],[80.42036,6.27941],[80.4192,6.28108],[80.41629,6.28387],[80.41487,6.28534],[80.41425,6.2872],[80.41325,6.28897],[80.41272,6.29093],[80.4132,6.29287],[80.41195,6.29443],[80.41029,6.29565],[80.40849,6.29652],[80.40664,6.29733],[80.40496,6.29839],[80.40331,6.29952],[80.4015,6.30036],[80.39954,6.30084],[80.39774,6.30161],[80.39568,6.30163],[80.39428,6.30269],[80.39353,6.30336],[80.39282,6.30413],[80.39215,6.30497],[80.39112,6.30664],[80.39034,6.30728],[80.38779,6.30889],[80.38702,6.30944],[80.38639,6.31011],[80.38599,6.31093],[80.38532,6.31164],[80.3849,6.31357],[80.38443,6.31441],[80.38383,6.31515],[80.38307,6.31573],[80.38241,6.31646],[80.3819,6.31728],[80.38156,6.31823],[80.38137,6.31913],[80.38128,6.32014],[80.38082,6.32101],[80.38006,6.32155],[80.37913,6.32193],[80.37834,6.32256],[80.37767,6.32332],[80.37739,6.32399],[80.3775,6.32508],[80.37791,6.32603],[80.37834,6.32686],[80.37886,6.32764],[80.37975,6.3281],[80.38132,6.32928],[80.38226,6.32965],[80.38319,6.32978],[80.38405,6.33013],[80.38485,6.33072],[80.38554,6.33132],[80.38651,6.33123],[80.38897,6.32976],[80.38985,6.32934],[80.39177,6.32915],[80.39276,6.32912],[80.39369,6.32945],[80.39456,6.32995],[80.39551,6.33025],[80.39678,6.33177],[80.39745,6.33244],[80.39819,6.33306],[80.39896,6.33358],[80.3999,6.33354],[80.40084,6.33333],[80.40176,6.33325],[80.40267,6.33335],[80.40363,6.33365],[80.40463,6.33374],[80.40548,6.3333],[80.40624,6.33266],[80.4076,6.33127],[80.40875,6.32977],[80.40951,6.3292],[80.41027,6.32853],[80.41085,6.32781],[80.41191,6.32631],[80.41282,6.32464],[80.41351,6.32397],[80.41435,6.3233],[80.41615,6.32213],[80.41797,6.32132],[80.41882,6.32071],[80.41956,6.32004],[80.4212,6.31892],[80.42179,6.31821],[80.4236,6.31731],[80.4264,6.31645],[80.42826,6.31604],[80.42914,6.31552],[80.42955,6.31453],[80.43007,6.3116],[80.43058,6.31078],[80.43089,6.30991],[80.43129,6.30899],[80.43188,6.3082],[80.43265,6.30756],[80.43347,6.30711],[80.43427,6.30654],[80.43596,6.30552],[80.43678,6.30494],[80.43762,6.30446],[80.4392,6.30334],[80.44017,6.30307],[80.4411,6.303],[80.4439,6.30263],[80.44611,6.30135],[80.44656,6.29943],[80.44735,6.29756],[80.44885,6.29625],[80.45038,6.29502],[80.45162,6.29341],[80.4529,6.29195],[80.45346,6.29007],[80.45392,6.2888],[80.45482,6.2884],[80.45582,6.28832],[80.45744,6.28946],[80.45937,6.29007],[80.46129,6.2895],[80.46267,6.28806],[80.46463,6.28461],[80.46593,6.28316],[80.46745,6.28187],[80.46921,6.28087],[80.47124,6.28061],[80.47317,6.28017],[80.47514,6.28039],[80.47682,6.28147],[80.4783,6.28281],[80.4788,6.28473],[80.48007,6.28625],[80.48195,6.28564],[80.48378,6.28493],[80.48573,6.28451],[80.48676,6.28617],[80.4861,6.28806],[80.48623,6.29003],[80.48686,6.29193],[80.48802,6.29361],[80.48984,6.29448],[80.49126,6.29582],[80.49265,6.2973],[80.49439,6.29821],[80.49574,6.29964],[80.49505,6.3015],[80.49451,6.30317],[80.49392,6.3039],[80.49309,6.30447],[80.49236,6.30517],[80.49189,6.30604],[80.49135,6.30786],[80.49141,6.30985],[80.49109,6.31078],[80.49094,6.31168],[80.4905,6.31253],[80.4899,6.31329],[80.48914,6.31403],[80.48841,6.31459],[80.48758,6.31512],[80.48649,6.31667],[80.48619,6.31764],[80.48615,6.31859],[80.48621,6.31959],[80.48604,6.32051],[80.48549,6.32126],[80.48464,6.32163],[80.48369,6.32189],[80.48293,6.32241],[80.48203,6.32276],[80.48112,6.32286],[80.48022,6.32305],[80.47926,6.32311],[80.47836,6.32342],[80.47774,6.32415],[80.4775,6.3261],[80.47719,6.32699],[80.4763,6.32865],[80.47518,6.33023],[80.47446,6.33089],[80.47382,6.33161],[80.47301,6.33218],[80.47219,6.33258],[80.47122,6.33275],[80.47027,6.33277],[80.46944,6.33322],[80.46881,6.33395],[80.46826,6.33475],[80.4676,6.33539],[80.46717,6.3362],[80.46645,6.33691],[80.46567,6.33737],[80.4649,6.33791],[80.46436,6.33866],[80.46396,6.33953],[80.46382,6.34052],[80.46381,6.34144],[80.46387,6.34236],[80.46404,6.34328],[80.46406,6.34421],[80.46374,6.34511],[80.46328,6.34598],[80.46262,6.34672],[80.46115,6.34786],[80.46065,6.34871],[80.46046,6.34962],[80.46053,6.35151],[80.46105,6.3523],[80.46196,6.35235],[80.4629,6.35212],[80.46377,6.35181],[80.46476,6.35181],[80.46539,6.35261],[80.46622,6.35298],[80.46695,6.3536],[80.4675,6.35443],[80.46792,6.35529],[80.46833,6.35628],[80.46916,6.35676],[80.47004,6.35714],[80.47066,6.35793],[80.47135,6.35865],[80.47207,6.35926],[80.47274,6.35996],[80.47352,6.36046],[80.47429,6.36106],[80.47468,6.36189],[80.47527,6.36272],[80.47617,6.36296],[80.47689,6.3636],[80.47736,6.36444],[80.47812,6.36519],[80.47993,6.36547],[80.48077,6.3659],[80.48149,6.36649],[80.48242,6.36673],[80.48325,6.36635],[80.48477,6.36517],[80.48556,6.36464],[80.48644,6.36427],[80.48731,6.36399],[80.48827,6.36392],[80.4892,6.36409],[80.49009,6.36433],[80.49204,6.36496],[80.49359,6.36601],[80.49408,6.36684],[80.49531,6.36758],[80.49469,6.36836],[80.49441,6.36928],[80.49438,6.37021],[80.49422,6.37119],[80.49373,6.37307],[80.49368,6.37402],[80.49382,6.37494],[80.49411,6.37582],[80.49421,6.37673],[80.49394,6.37767],[80.49339,6.3784],[80.49266,6.37908],[80.4918,6.37966],[80.49101,6.38013],[80.49011,6.38029],[80.48916,6.38039],[80.48826,6.38066],[80.48732,6.38075],[80.48524,6.38075],[80.48324,6.38098],[80.4823,6.38103],[80.48129,6.38096],[80.47948,6.38016],[80.47871,6.3796],[80.47769,6.37946],[80.47676,6.3795],[80.47585,6.37978],[80.47494,6.3802],[80.47401,6.38005],[80.47362,6.37919],[80.47294,6.37847],[80.47206,6.37824],[80.47122,6.37862],[80.47061,6.3794],[80.47012,6.38032],[80.46934,6.38209],[80.4687,6.38274],[80.46791,6.38329],[80.46727,6.38407],[80.46673,6.38484],[80.46609,6.38551],[80.46524,6.38596],[80.46422,6.38581],[80.46338,6.3854],[80.46247,6.38562],[80.46151,6.38595],[80.45991,6.38717],[80.45894,6.38758],[80.45799,6.38785],[80.45705,6.38799],[80.45615,6.38767],[80.45526,6.38742],[80.45429,6.3872],[80.45329,6.38717],[80.45226,6.3874],[80.4513,6.38772],[80.45042,6.38817],[80.44965,6.38867],[80.44495,6.39233],[80.44321,6.39339],[80.4424,6.39396],[80.44149,6.39441],[80.44053,6.39467],[80.43953,6.39464],[80.4386,6.39446],[80.43771,6.39424],[80.43672,6.39379],[80.43588,6.39326],[80.43459,6.39173],[80.43304,6.39023],[80.43246,6.38952],[80.43153,6.38934],[80.42871,6.39001],[80.42682,6.39089],[80.42586,6.39088],[80.42484,6.39101],[80.4228,6.39104],[80.41993,6.392],[80.41907,6.39239],[80.41747,6.39349],[80.4168,6.3942],[80.41624,6.39496],[80.41557,6.39563],[80.41405,6.39703],[80.41242,6.39817],[80.41096,6.39947],[80.41013,6.4001],[80.40774,6.40184],[80.40692,6.40237],[80.40527,6.40355],[80.40305,6.40538],[80.40239,6.40604],[80.40006,6.40767],[80.39941,6.40834],[80.39881,6.4091],[80.39713,6.41149],[80.39656,6.4122],[80.39513,6.41363],[80.39367,6.41484],[80.39228,6.41609],[80.39151,6.41669],[80.38983,6.41765],[80.38899,6.41805],[80.38738,6.4191],[80.3866,6.41966],[80.38586,6.4203],[80.38515,6.42101],[80.38458,6.42177],[80.38324,6.42335],[80.38204,6.42486],[80.38127,6.42558],[80.38087,6.42494],[80.38019,6.42481],[80.37957,6.42484],[80.37863,6.42559],[80.37785,6.4264],[80.37684,6.42755],[80.37603,6.42769],[80.37501,6.42765],[80.3735,6.42697],[80.37239,6.42671],[80.37162,6.42616],[80.37107,6.4262],[80.36894,6.42679],[80.36762,6.42613],[80.36643,6.42526],[80.36473,6.42398],[80.36375,6.42333],[80.36268,6.4227],[80.36175,6.42221],[80.36095,6.4213],[80.35997,6.4209],[80.35907,6.42037],[80.35807,6.41888],[80.35722,6.41806],[80.35666,6.41735],[80.35562,6.41718],[80.3547,6.41728],[80.35401,6.41751],[80.35345,6.41847],[80.35297,6.41906],[80.35261,6.41926],[80.35208,6.41917],[80.35112,6.4185],[80.34887,6.41698],[80.34685,6.4159],[80.34544,6.4155],[80.34205,6.41402],[80.34028,6.41328],[80.3386,6.41279],[80.33455,6.41095],[80.33265,6.40983],[80.32889,6.40783],[80.32626,6.40615],[80.32249,6.4033],[80.32132,6.40251],[80.31929,6.40161],[80.31756,6.40038],[80.31636,6.39902],[80.31477,6.39806],[80.314,6.39721],[80.31334,6.39691],[80.31266,6.3969],[80.31195,6.39714],[80.31157,6.39724],[80.31121,6.39727],[80.31081,6.39726],[80.31047,6.39717],[80.30877,6.39669],[80.30815,6.39664],[80.30744,6.39639],[80.30687,6.39608],[80.30626,6.39585],[80.30578,6.39561],[80.30506,6.39545],[80.30459,6.39546],[80.30375,6.39564],[80.30251,6.39608],[80.3014,6.39666],[80.30009,6.39745],[80.29975,6.39758],[80.29942,6.39763],[80.29902,6.39767],[80.29883,6.39758],[80.29505,6.39496],[80.29181,6.39251],[80.29025,6.39177],[80.28966,6.39101],[80.2894,6.38919],[80.28957,6.38722],[80.28959,6.38318],[80.28989,6.37455],[80.2903,6.37043],[80.29349,6.36063],[80.29456,6.35454],[80.29915,6.3458],[80.30091,6.33541],[80.30091,6.33468],[80.30064,6.33394],[80.30039,6.33328],[80.29992,6.33254],[80.29942,6.33115],[80.29927,6.33033],[80.29923,6.32954],[80.29919,6.32633],[80.29903,6.32576],[80.29883,6.32543],[80.29849,6.32525],[80.29808,6.3251],[80.29681,6.32486],[80.29579,6.32501],[80.29468,6.32528],[80.29365,6.32607],[80.29203,6.3289],[80.29123,6.33024],[80.2901,6.33158],[80.28742,6.33337],[80.2856,6.33484],[80.28423,6.33668],[80.28283,6.34077],[80.28212,6.342],[80.28041,6.34346],[80.27803,6.34647],[80.27681,6.34799],[80.27588,6.34909],[80.27549,6.34938],[80.27443,6.34961],[80.27387,6.34966],[80.27285,6.34983],[80.272,6.3499],[80.27107,6.34983],[80.2704,6.34981],[80.26925,6.34993],[80.26799,6.35094],[80.26686,6.35206],[80.26474,6.35464],[80.25864,6.35908],[80.2561,6.36215],[80.25473,6.36369],[80.25411,6.36448],[80.25384,6.36494],[80.25309,6.36564],[80.25243,6.36604],[80.2515,6.36631],[80.25052,6.36637],[80.24933,6.36658],[80.24863,6.36674],[80.24733,6.36748],[80.24662,6.3686],[80.24624,6.36963],[80.24547,6.37254],[80.24374,6.3749],[80.24249,6.37591],[80.24111,6.37657],[80.23929,6.3771],[80.23756,6.37736],[80.23423,6.37694],[80.23066,6.37705],[80.22894,6.37807],[80.22662,6.37886],[80.2238,6.3794],[80.22085,6.37981],[80.21989,6.38],[80.21883,6.38025],[80.21835,6.38028],[80.21748,6.38008],[80.21687,6.37959],[80.21646,6.37885],[80.21617,6.37794],[80.21579,6.37668],[80.21546,6.37587],[80.21385,6.37426],[80.21324,6.3736],[80.212,6.37149],[80.21003,6.37076],[80.20905,6.3709],[80.20846,6.37116],[80.20791,6.37156],[80.20711,6.37213],[80.20674,6.37199],[80.20642,6.37097],[80.20646,6.36994],[80.20655,6.3689],[80.20675,6.36825],[80.20695,6.36794],[80.20743,6.36761],[80.20765,6.36739],[80.20797,6.3669],[80.20792,6.36582],[80.20774,6.36491],[80.2068,6.36376],[80.20665,6.36343],[80.20673,6.36304],[80.20689,6.36244],[80.207,6.36186],[80.20726,6.36117],[80.20734,6.36104],[80.20747,6.36072],[80.20766,6.36036],[80.20766,6.35996],[80.2074,6.35964],[80.20702,6.35955],[80.20664,6.35942],[80.20567,6.35925],[80.20467,6.35917],[80.20403,6.35916],[80.20366,6.35915],[80.20324,6.35923],[80.20276,6.35923],[80.20228,6.35911],[80.20199,6.35886],[80.2018,6.35854],[80.20167,6.35817],[80.2014,6.35783],[80.20116,6.35777],[80.20006,6.35788],[80.19917,6.35803],[80.19867,6.35808],[80.19856,6.35812],[80.19825,6.35817],[80.19775,6.35818],[80.19746,6.35812],[80.19706,6.35813],[80.19667,6.35803],[80.19576,6.35769],[80.19405,6.35694],[80.19304,6.35637],[80.19199,6.3558],[80.19141,6.35541],[80.19062,6.355],[80.19007,6.35477],[80.18971,6.35457],[80.1896,6.35452],[80.18945,6.3545],[80.18933,6.35452],[80.18901,6.35468],[80.18875,6.35505],[80.18847,6.35601],[80.18809,6.35682],[80.18759,6.35757],[80.18683,6.35812],[80.18584,6.35842],[80.18439,6.35867],[80.18333,6.35889],[80.18207,6.35921],[80.18137,6.35921],[80.17956,6.35952],[80.17825,6.35983],[80.17599,6.35962],[80.17387,6.35953],[80.17288,6.35973],[80.17229,6.35973],[80.16927,6.36006],[80.16748,6.36173],[80.16218,6.36392],[80.15921,6.36473],[80.15793,6.36541],[80.15682,6.3661],[80.15568,6.36673],[80.15457,6.36723],[80.15373,6.36734],[80.15044,6.36736],[80.14744,6.36727],[80.14564,6.36721],[80.14397,6.36709],[80.14084,6.36653],[80.1395,6.36709],[80.1389,6.36737],[80.13834,6.36733],[80.1379,6.36715],[80.13707,6.36666],[80.1364,6.36622],[80.13602,6.36622],[80.13584,6.36637],[80.1356,6.36642],[80.13539,6.36665],[80.13512,6.36709],[80.13494,6.36738],[80.13436,6.36773],[80.13388,6.36777],[80.13324,6.36777],[80.13279,6.36786],[80.13226,6.36786],[80.13213,6.36728],[80.13195,6.3672],[80.13163,6.36636],[80.13159,6.36603],[80.13136,6.36577],[80.13112,6.36581],[80.13103,6.36573],[80.13067,6.36572],[80.13057,6.36587],[80.13029,6.366],[80.12997,6.36635],[80.12903,6.36822],[80.12846,6.36902],[80.12781,6.36936],[80.12699,6.36926],[80.12589,6.36935],[80.12429,6.36993],[80.12318,6.37052],[80.12218,6.37121],[80.12013,6.37424],[80.11925,6.37887],[80.11621,6.383],[80.11477,6.38486],[80.11376,6.38598],[80.10599,6.39043],[80.09528,6.39589],[80.09053,6.39952],[80.08745,6.40178],[80.0847,6.40253],[80.08218,6.4023],[80.08029,6.40166],[80.07936,6.40091],[80.07826,6.39942],[80.07686,6.39826],[80.0731,6.3977],[80.0697,6.39803],[80.06707,6.39961],[80.06541,6.4021],[80.06337,6.40712],[80.06141,6.40847],[80.05997,6.409],[80.05843,6.40922],[80.05617,6.40922],[80.05135,6.41371],[80.04747,6.41506],[80.04404,6.41517],[80.04204,6.41652],[80.03928,6.41953],[80.03884,6.41975],[80.03733,6.41987],[80.03211,6.41915],[80.03091,6.41928],[80.03023,6.41966],[80.02972,6.42015],[80.02878,6.42121],[80.02738,6.42274],[80.0268,6.42339],[80.02638,6.42418],[80.02517,6.42789],[80.02389,6.43038],[80.02325,6.43164],[80.02217,6.43233],[80.02124,6.43293],[80.01914,6.43413],[80.01487,6.43615],[80.01237,6.43713],[80.01104,6.43749],[80.00982,6.43753],[80.00776,6.43702],[80.00715,6.43669],[80.00624,6.43589],[80.00536,6.43372],[80.00484,6.4324],[80.00467,6.43037],[80.00399,6.42927],[80.003,6.42818],[80.00186,6.42738],[80.00043,6.42688],[79.99976,6.42692],[79.99904,6.42697],[79.9982,6.42726],[79.99741,6.42803],[79.99671,6.42891],[79.99634,6.42963],[79.99587,6.43057],[79.99458,6.43415],[79.99304,6.43818],[79.99239,6.4393],[79.99199,6.43982],[79.99146,6.44027],[79.99082,6.44077],[79.99013,6.4412],[79.98912,6.44154],[79.98861,6.44164],[79.98841,6.44155],[79.98825,6.4413],[79.98803,6.44095],[79.98775,6.44056],[79.98757,6.44035]]]}},{"type":"Feature","properties":{"slug":"hambantota","name":"Hambantota","district_id":9,"iso":"LK-33"},"geometry":{"type":"Polygon","coordinates":[[[80.67006,6.30603],[80.66941,6.30553],[80.66753,6.30544],[80.66657,6.30533],[80.66464,6.30534],[80.6637,6.30524],[80.66279,6.30519],[80.66188,6.30502],[80.66088,6.30491],[80.65998,6.30469],[80.65817,6.30396],[80.65735,6.3034],[80.65668,6.3026],[80.65776,6.30101],[80.65897,6.29941],[80.65938,6.29742],[80.66064,6.29585],[80.66232,6.29487],[80.66339,6.29306],[80.66364,6.2911],[80.66305,6.28924],[80.66362,6.28729],[80.66238,6.28559],[80.66143,6.28387],[80.65887,6.28075],[80.65731,6.27928],[80.65579,6.27793],[80.6543,6.2765],[80.65364,6.27462],[80.65257,6.27293],[80.65273,6.27096],[80.6543,6.26952],[80.65568,6.26809],[80.65727,6.26694],[80.6584,6.26525],[80.65867,6.26326],[80.66032,6.262],[80.661,6.26101],[80.66093,6.26001],[80.65888,6.25947],[80.65691,6.25936],[80.6549,6.25849],[80.65098,6.2575],[80.64906,6.25728],[80.64697,6.25716],[80.64498,6.25693],[80.64331,6.2559],[80.64182,6.25463],[80.63997,6.25397],[80.63855,6.25263],[80.63741,6.25091],[80.63332,6.24646],[80.63078,6.24333],[80.62953,6.24166],[80.6285,6.23995],[80.62772,6.23809],[80.62663,6.23423],[80.62571,6.23243],[80.62514,6.23044],[80.62485,6.22848],[80.62499,6.2265],[80.62521,6.2245],[80.62419,6.22268],[80.62254,6.2215],[80.62095,6.2202],[80.61963,6.21869],[80.6182,6.21718],[80.6171,6.21537],[80.61587,6.2137],[80.61457,6.21222],[80.61335,6.21058],[80.61225,6.20884],[80.61099,6.20721],[80.60984,6.20549],[80.60925,6.20344],[80.60848,6.20157],[80.60827,6.19957],[80.6089,6.19762],[80.60976,6.19579],[80.61027,6.19383],[80.61184,6.19251],[80.61198,6.19044],[80.61148,6.18855],[80.61308,6.18731],[80.61459,6.18602],[80.61652,6.18545],[80.61816,6.18434],[80.61929,6.18261],[80.62129,6.18225],[80.62307,6.18303],[80.62505,6.18278],[80.62673,6.18166],[80.62878,6.18131],[80.63007,6.17984],[80.63128,6.17823],[80.63286,6.17705],[80.6348,6.17678],[80.63535,6.17491],[80.63479,6.17293],[80.63537,6.17096],[80.63708,6.17005],[80.63873,6.17111],[80.64071,6.1706],[80.64265,6.17025],[80.64462,6.1701],[80.64635,6.16916],[80.64805,6.17025],[80.6501,6.1703],[80.65182,6.16932],[80.65378,6.16991],[80.65519,6.17139],[80.65642,6.17298],[80.65822,6.17386],[80.66016,6.17362],[80.66109,6.17188],[80.6611,6.16988],[80.66238,6.16835],[80.66228,6.16639],[80.66128,6.1646],[80.66048,6.16265],[80.65797,6.15964],[80.65721,6.15776],[80.65599,6.1562],[80.6565,6.15422],[80.65682,6.1523],[80.65612,6.15042],[80.65509,6.14872],[80.65156,6.14695],[80.6504,6.14533],[80.64906,6.14386],[80.64816,6.14207],[80.64656,6.14081],[80.64646,6.13687],[80.64679,6.13493],[80.64807,6.13341],[80.65,6.13274],[80.65407,6.13287],[80.65577,6.13185],[80.65712,6.13038],[80.65898,6.12973],[80.6605,6.1285],[80.66139,6.12667],[80.66209,6.12478],[80.66251,6.12279],[80.66245,6.1207],[80.66377,6.11922],[80.66577,6.11916],[80.66764,6.11987],[80.66943,6.12064],[80.67141,6.12112],[80.67325,6.12178],[80.67517,6.12213],[80.67726,6.12215],[80.67924,6.12198],[80.6813,6.12229],[80.68321,6.12295],[80.68513,6.12349],[80.68708,6.12382],[80.68904,6.12385],[80.691,6.12315],[80.69275,6.12211],[80.69411,6.12066],[80.69402,6.11871],[80.69563,6.11751],[80.69598,6.11551],[80.69474,6.11394],[80.69281,6.11358],[80.69104,6.1127],[80.68931,6.1116],[80.68791,6.11006],[80.6842,6.10876],[80.68304,6.1071],[80.68173,6.10556],[80.68141,6.10362],[80.68016,6.10211],[80.68025,6.10015],[80.6812,6.09844],[80.6826,6.097],[80.68343,6.09546],[80.68326,6.09328],[80.68227,6.09151],[80.68204,6.08951],[80.683,6.08777],[80.68458,6.08629],[80.68738,6.08342],[80.68871,6.08183],[80.69013,6.08024],[80.6908,6.07832],[80.69181,6.07661],[80.69367,6.07575],[80.69375,6.07373],[80.69193,6.07294],[80.69041,6.07169],[80.69191,6.07037],[80.6933,6.06892],[80.69241,6.06712],[80.69246,6.06517],[80.69212,6.06324],[80.68996,6.05981],[80.68791,6.05957],[80.68639,6.06101],[80.68497,6.06245],[80.68301,6.06291],[80.68148,6.06166],[80.67946,6.06147],[80.67774,6.06043],[80.67687,6.05863],[80.67566,6.05701],[80.6742,6.05554],[80.67239,6.05451],[80.67042,6.05398],[80.66418,6.05354],[80.66235,6.05278],[80.66153,6.05235],[80.66074,6.05189],[80.66006,6.05139],[80.65974,6.05108],[80.65948,6.05075],[80.6593,6.05039],[80.65904,6.04956],[80.65882,6.04917],[80.65854,6.04885],[80.65783,6.04839],[80.65724,6.0478],[80.65708,6.04742],[80.65663,6.04562],[80.65644,6.04526],[80.65533,6.04397],[80.65513,6.04361],[80.65504,6.04314],[80.65521,6.04278],[80.65554,6.04246],[80.65629,6.04192],[80.6586,6.04061],[80.65938,6.04023],[80.66019,6.03992],[80.66276,6.03963],[80.66318,6.03949],[80.66354,6.03924],[80.66381,6.03893],[80.66396,6.03854],[80.66399,6.03813],[80.66393,6.03594],[80.66395,6.03543],[80.66408,6.03495],[80.66455,6.03362],[80.66491,6.03288],[80.66594,6.03136],[80.66634,6.03059],[80.66652,6.02977],[80.66661,6.02932],[80.66659,6.02807],[80.66645,6.02641],[80.66648,6.02597],[80.66661,6.02526],[80.66766,6.02485],[80.66811,6.02473],[80.66855,6.02464],[80.66939,6.02461],[80.6712,6.02485],[80.67202,6.02502],[80.67244,6.02513],[80.67412,6.02581],[80.67541,6.02618],[80.67622,6.02635],[80.67775,6.02647],[80.67906,6.02648],[80.68079,6.02701],[80.68125,6.0271],[80.68302,6.02714],[80.68569,6.02737],[80.68622,6.02734],[80.68721,6.02712],[80.68925,6.02636],[80.68965,6.02625],[80.69007,6.02621],[80.69048,6.02623],[80.69088,6.02631],[80.69131,6.02646],[80.69174,6.02652],[80.69221,6.02642],[80.69299,6.02601],[80.69337,6.02563],[80.69363,6.02523],[80.69397,6.0244],[80.69411,6.02394],[80.69427,6.02301],[80.69427,6.02256],[80.69437,6.02162],[80.6946,6.02081],[80.69485,6.02046],[80.69554,6.01983],[80.69608,6.01953],[80.69701,6.01923],[80.69786,6.01904],[80.69823,6.0188],[80.69856,6.0185],[80.69878,6.01812],[80.6989,6.01772],[80.69893,6.01728],[80.69881,6.01689],[80.69842,6.01611],[80.69826,6.01569],[80.69818,6.01486],[80.69802,6.01404],[80.69785,6.01366],[80.69762,6.01331],[80.69702,6.01265],[80.69666,6.01236],[80.69624,6.01215],[80.69532,6.01189],[80.69399,6.01168],[80.69361,6.01152],[80.69323,6.01135],[80.69225,6.01059],[80.69183,6.01034],[80.69144,6.01018],[80.69103,6.01006],[80.68918,6.00989],[80.68867,6.0098],[80.68782,6.00955],[80.68742,6.00928],[80.68712,6.009],[80.68688,6.00859],[80.6868,6.00816],[80.68677,6.00728],[80.68713,6.00408],[80.68746,6.00283],[80.68804,6.00122],[80.68817,6.00075],[80.68856,5.99848],[80.68899,5.99681],[80.68941,5.99557],[80.68959,5.99474],[80.68962,5.99432],[80.68952,5.99389],[80.68927,5.99353],[80.68836,5.99266],[80.68813,5.9923],[80.68801,5.99187],[80.68797,5.99147],[80.68806,5.99104],[80.68831,5.99067],[80.68869,5.99045],[80.68916,5.99033],[80.68961,5.9903],[80.69006,5.99033],[80.69049,5.99046],[80.69187,5.99069],[80.69319,5.99082],[80.69364,5.99083],[80.695,5.99072],[80.6963,5.99086],[80.69741,5.99087],[80.69836,5.99098],[80.69875,5.9911],[80.69917,5.99128],[80.6994,5.99162],[80.6993,5.99303],[80.69944,5.99342],[80.69983,5.99369],[80.70023,5.99367],[80.70154,5.99317],[80.702,5.99314],[80.70292,5.99318],[80.70333,5.99302],[80.70495,5.9914],[80.70567,5.9908],[80.70606,5.99055],[80.70653,5.99032],[80.70692,5.9902],[80.7082,5.9899],[80.70905,5.98975],[80.71029,5.98943],[80.71116,5.98903],[80.71151,5.98875],[80.71214,5.98808],[80.71251,5.98771],[80.71277,5.98737],[80.71326,5.98661],[80.71381,5.98589],[80.71411,5.98556],[80.71448,5.98528],[80.7149,5.9851],[80.71581,5.98504],[80.71623,5.98495],[80.71665,5.9848],[80.71703,5.9846],[80.71802,5.98375],[80.71919,5.98319],[80.71963,5.98291],[80.72048,5.98246],[80.72122,5.98196],[80.72201,5.98157],[80.7223,5.98122],[80.7227,5.98043],[80.72322,5.97969],[80.72351,5.97937],[80.72384,5.9791],[80.72409,5.9788],[80.72412,5.97872],[80.72414,5.97873],[80.72425,5.9788],[80.72434,5.97884],[80.72529,5.97929],[80.72637,5.97962],[80.72762,5.97984],[80.72823,5.97981],[80.72874,5.97973],[80.72949,5.97948],[80.73007,5.97924],[80.73057,5.979],[80.73106,5.97874],[80.73152,5.97846],[80.73195,5.97821],[80.73188,5.97798],[80.73181,5.97775],[80.73163,5.97724],[80.73158,5.97709],[80.73152,5.97693],[80.73148,5.97676],[80.73144,5.97666],[80.73145,5.97653],[80.73146,5.97636],[80.73149,5.97619],[80.73154,5.97599],[80.73161,5.97578],[80.73169,5.97564],[80.73186,5.9754],[80.73189,5.97529],[80.73195,5.97522],[80.73207,5.97518],[80.7323,5.97503],[80.73253,5.97489],[80.73277,5.97477],[80.73304,5.97464],[80.73309,5.97456],[80.73319,5.97454],[80.7333,5.97453],[80.73371,5.9743],[80.73389,5.97422],[80.73408,5.97413],[80.73418,5.9741],[80.73427,5.97415],[80.7343,5.97423],[80.73425,5.97432],[80.73414,5.97439],[80.73407,5.97438],[80.73396,5.97434],[80.7334,5.97463],[80.73338,5.97468],[80.73331,5.97469],[80.73326,5.9747],[80.73269,5.97499],[80.73247,5.9751],[80.73234,5.97518],[80.73223,5.97527],[80.73213,5.97537],[80.73204,5.97544],[80.73194,5.97558],[80.73184,5.97575],[80.73176,5.97593],[80.73168,5.97611],[80.73162,5.97626],[80.7316,5.97641],[80.73161,5.97666],[80.73164,5.97676],[80.73164,5.97692],[80.73166,5.97708],[80.73177,5.97737],[80.73183,5.97754],[80.73193,5.97787],[80.73199,5.97799],[80.73208,5.97807],[80.73218,5.97812],[80.73227,5.97814],[80.73237,5.97811],[80.73232,5.97802],[80.73275,5.97776],[80.73281,5.97787],[80.73291,5.97781],[80.73286,5.97772],[80.73294,5.97766],[80.73497,5.9764],[80.73508,5.97632],[80.7348,5.97598],[80.73485,5.97594],[80.73523,5.9764],[80.73535,5.97643],[80.73543,5.9764],[80.73555,5.97635],[80.73564,5.97631],[80.73576,5.9762],[80.73588,5.97612],[80.73592,5.97601],[80.73592,5.97594],[80.73591,5.97588],[80.73565,5.97547],[80.73551,5.97501],[80.73531,5.97414],[80.73522,5.97363],[80.73519,5.97338],[80.73506,5.97323],[80.73481,5.97277],[80.7347,5.97276],[80.73445,5.97205],[80.7347,5.97208],[80.73476,5.9724],[80.7348,5.97254],[80.73492,5.97236],[80.735,5.97235],[80.73502,5.97252],[80.7353,5.97244],[80.73528,5.97229],[80.73538,5.97221],[80.73531,5.97204],[80.7353,5.97198],[80.73533,5.9719],[80.73545,5.97184],[80.73548,5.97167],[80.73573,5.97183],[80.73604,5.97156],[80.73612,5.97155],[80.73616,5.97159],[80.73633,5.97157],[80.73643,5.9717],[80.73648,5.97168],[80.73659,5.97176],[80.73668,5.97167],[80.73675,5.97173],[80.73691,5.97166],[80.73692,5.97167],[80.7373,5.97168],[80.73749,5.9718],[80.7376,5.9719],[80.73766,5.972],[80.73772,5.97208],[80.73785,5.97201],[80.73792,5.97212],[80.73791,5.97217],[80.73786,5.97222],[80.73774,5.97223],[80.7377,5.97228],[80.73764,5.97224],[80.73762,5.97234],[80.73751,5.97238],[80.73748,5.97247],[80.73738,5.97273],[80.73745,5.97295],[80.73754,5.97312],[80.73765,5.97325],[80.73763,5.97338],[80.73773,5.97353],[80.73766,5.97355],[80.7375,5.97361],[80.73767,5.97369],[80.73782,5.97376],[80.738,5.97374],[80.73803,5.97389],[80.73811,5.97409],[80.7384,5.97406],[80.73854,5.97409],[80.73866,5.9742],[80.73879,5.97432],[80.73894,5.97427],[80.73904,5.97433],[80.73921,5.97438],[80.7392,5.97448],[80.73916,5.97455],[80.73918,5.97461],[80.73925,5.97485],[80.73929,5.97501],[80.73917,5.97508],[80.73922,5.97513],[80.73908,5.97511],[80.73908,5.97528],[80.73901,5.97551],[80.73893,5.97555],[80.73886,5.97552],[80.73884,5.97557],[80.73876,5.97561],[80.73877,5.97569],[80.73882,5.9757],[80.73881,5.97583],[80.73884,5.97592],[80.73878,5.97597],[80.7388,5.97605],[80.73866,5.97604],[80.73854,5.97603],[80.73847,5.97594],[80.7384,5.97595],[80.73838,5.97604],[80.73843,5.97611],[80.73844,5.97622],[80.73854,5.97629],[80.73866,5.97628],[80.73874,5.97641],[80.7388,5.97642],[80.73885,5.97649],[80.73882,5.97656],[80.7387,5.97662],[80.73879,5.97686],[80.73884,5.97687],[80.73888,5.97698],[80.73885,5.97707],[80.73883,5.97714],[80.73889,5.97723],[80.73891,5.97745],[80.7389,5.97759],[80.73897,5.97776],[80.73913,5.97795],[80.73916,5.97809],[80.73921,5.97823],[80.73905,5.97823],[80.73897,5.97827],[80.73898,5.9784],[80.73894,5.97835],[80.73882,5.97836],[80.73867,5.97828],[80.73851,5.97823],[80.73826,5.97804],[80.73803,5.97785],[80.7379,5.97791],[80.73784,5.97802],[80.73772,5.97795],[80.73766,5.97803],[80.73762,5.97808],[80.73752,5.97838],[80.73746,5.97853],[80.73753,5.97866],[80.73762,5.97875],[80.73762,5.97883],[80.73752,5.97896],[80.73735,5.97873],[80.73723,5.97868],[80.73723,5.97859],[80.73717,5.97844],[80.73704,5.97836],[80.73686,5.97841],[80.73659,5.97855],[80.73639,5.97872],[80.73625,5.97893],[80.73614,5.97914],[80.7361,5.97934],[80.73603,5.9799],[80.73601,5.98054],[80.73605,5.98102],[80.73618,5.98147],[80.73624,5.98169],[80.73647,5.98198],[80.73667,5.98216],[80.73672,5.98216],[80.73682,5.98219],[80.73702,5.98206],[80.73736,5.98193],[80.7378,5.98188],[80.73787,5.98198],[80.73775,5.98205],[80.73786,5.98211],[80.73797,5.98202],[80.73801,5.98216],[80.73809,5.98216],[80.73817,5.98229],[80.73821,5.98247],[80.73829,5.98235],[80.73838,5.98262],[80.73845,5.98251],[80.73855,5.98265],[80.73848,5.98278],[80.7385,5.98297],[80.73858,5.98303],[80.73858,5.98329],[80.73868,5.98325],[80.7387,5.98347],[80.7386,5.9835],[80.73867,5.98365],[80.73862,5.98377],[80.73871,5.98393],[80.73851,5.9841],[80.73839,5.98423],[80.73834,5.98437],[80.73841,5.98452],[80.73843,5.98465],[80.73838,5.9847],[80.73842,5.98471],[80.73839,5.98491],[80.73846,5.98493],[80.73841,5.98522],[80.73841,5.98542],[80.73849,5.98559],[80.73854,5.98567],[80.73861,5.98593],[80.7389,5.98597],[80.73917,5.98612],[80.7395,5.98634],[80.7398,5.98654],[80.74054,5.98697],[80.74117,5.98733],[80.74161,5.98746],[80.74179,5.9875],[80.74174,5.98757],[80.74211,5.98759],[80.7424,5.98766],[80.74265,5.98772],[80.74268,5.98779],[80.7427,5.98793],[80.74284,5.98801],[80.74289,5.98804],[80.74307,5.988],[80.7431,5.98792],[80.74332,5.9879],[80.74329,5.98776],[80.74342,5.9877],[80.74355,5.98776],[80.74372,5.9878],[80.74373,5.98788],[80.74386,5.98788],[80.74386,5.98793],[80.74418,5.98796],[80.74419,5.98791],[80.74446,5.98788],[80.74475,5.98781],[80.74491,5.98783],[80.74495,5.98775],[80.74506,5.98779],[80.74518,5.98774],[80.74528,5.98772],[80.74538,5.98764],[80.74541,5.98774],[80.74562,5.98765],[80.74569,5.98759],[80.74588,5.98763],[80.74594,5.98762],[80.74612,5.98767],[80.74632,5.98776],[80.74629,5.98782],[80.74669,5.98787],[80.74693,5.98791],[80.74692,5.98796],[80.7471,5.98799],[80.74714,5.98792],[80.74748,5.98798],[80.74814,5.98812],[80.74815,5.98817],[80.74833,5.98814],[80.74855,5.98816],[80.74867,5.98822],[80.74893,5.98847],[80.74889,5.98863],[80.74915,5.98857],[80.74918,5.9885],[80.74926,5.98854],[80.7493,5.98863],[80.74938,5.98862],[80.74947,5.98856],[80.74964,5.9886],[80.74983,5.98861],[80.74985,5.98878],[80.74998,5.98882],[80.7501,5.98891],[80.75003,5.98894],[80.75004,5.98904],[80.75007,5.98911],[80.7502,5.98908],[80.75016,5.98916],[80.75026,5.98918],[80.75022,5.98923],[80.75028,5.98923],[80.75025,5.98929],[80.75021,5.98927],[80.75012,5.98933],[80.75007,5.98928],[80.74993,5.98926],[80.74983,5.9892],[80.74975,5.98929],[80.74968,5.98929],[80.74961,5.98917],[80.7495,5.98922],[80.74943,5.98919],[80.74933,5.98925],[80.74927,5.98919],[80.74918,5.98923],[80.74909,5.98914],[80.74901,5.98914],[80.74894,5.98926],[80.74885,5.98932],[80.74883,5.98927],[80.74871,5.98918],[80.74859,5.98916],[80.74856,5.98923],[80.74851,5.9892],[80.74845,5.98921],[80.74841,5.98914],[80.74834,5.98917],[80.74826,5.98909],[80.74815,5.98923],[80.74806,5.98923],[80.748,5.98924],[80.74796,5.98922],[80.74788,5.9892],[80.74782,5.9892],[80.74775,5.98925],[80.74772,5.9892],[80.74767,5.98923],[80.74758,5.98923],[80.74748,5.98919],[80.74751,5.98926],[80.74745,5.98928],[80.74739,5.98923],[80.7474,5.9892],[80.74718,5.9892],[80.74721,5.98926],[80.74698,5.98927],[80.7469,5.98923],[80.7468,5.98923],[80.74675,5.98929],[80.7466,5.98924],[80.74656,5.98923],[80.74656,5.98919],[80.74653,5.98916],[80.74647,5.9892],[80.74638,5.98915],[80.74603,5.98913],[80.74588,5.98915],[80.74569,5.98914],[80.74559,5.98913],[80.74555,5.9892],[80.74553,5.98924],[80.74522,5.9901],[80.74509,5.99059],[80.74507,5.99073],[80.74504,5.99118],[80.74503,5.99163],[80.74509,5.99223],[80.74515,5.99269],[80.74538,5.99348],[80.74556,5.99397],[80.74578,5.99451],[80.74615,5.99522],[80.74657,5.99592],[80.74691,5.99647],[80.74704,5.99666],[80.74716,5.9968],[80.74732,5.997],[80.74756,5.99725],[80.74858,5.99826],[80.74888,5.99853],[80.74916,5.99878],[80.7495,5.99901],[80.74991,5.9992],[80.75091,5.99961],[80.7519,6.00002],[80.75243,6.00026],[80.75273,6.00039],[80.75295,6.00037],[80.75294,6.00019],[80.75303,6.00011],[80.75317,6.00015],[80.75325,6.00022],[80.75336,6.00022],[80.75355,6.00031],[80.75397,6.00046],[80.75431,6.00078],[80.75433,6.00081],[80.75434,6.00084],[80.75451,6.00114],[80.75466,6.00131],[80.75483,6.0014],[80.75537,6.00126],[80.75665,6.00148],[80.75769,6.00097],[80.75834,6.00082],[80.75951,6.00081],[80.76014,6.00073],[80.76064,6.00042],[80.76077,6.00011],[80.76107,6.00012],[80.76127,6.0002],[80.76164,6.00037],[80.76167,6.00059],[80.76168,6.00095],[80.76181,6.00133],[80.76292,6.00184],[80.76348,6.00183],[80.76388,6.00154],[80.76426,6.00105],[80.76446,6.00054],[80.76477,6.0012],[80.76515,6.00126],[80.76549,6.00146],[80.76516,6.00178],[80.76487,6.00177],[80.76461,6.00187],[80.76468,6.00219],[80.76482,6.00247],[80.76632,6.0026],[80.76689,6.00257],[80.76746,6.00267],[80.76701,6.00309],[80.76656,6.00357],[80.76636,6.00433],[80.76705,6.00487],[80.76755,6.00481],[80.76782,6.00478],[80.76859,6.00436],[80.76884,6.00408],[80.76879,6.00382],[80.76916,6.00338],[80.76906,6.00308],[80.76915,6.00274],[80.77059,6.00284],[80.77095,6.00319],[80.7716,6.00337],[80.77189,6.00354],[80.77201,6.00387],[80.7719,6.00437],[80.77249,6.00484],[80.77247,6.00495],[80.7728,6.00541],[80.77298,6.00569],[80.77339,6.00592],[80.77387,6.00612],[80.77425,6.0062],[80.77492,6.00629],[80.77566,6.00634],[80.77616,6.00634],[80.77647,6.00634],[80.7767,6.00622],[80.77692,6.00606],[80.77695,6.00604],[80.77705,6.00575],[80.77721,6.0054],[80.77739,6.00522],[80.77719,6.00509],[80.7771,6.00479],[80.77743,6.00484],[80.77759,6.00503],[80.77779,6.00505],[80.77824,6.00516],[80.77846,6.00525],[80.77848,6.00536],[80.77838,6.00543],[80.77864,6.0056],[80.77878,6.00547],[80.7788,6.00552],[80.77888,6.00561],[80.77902,6.00573],[80.77925,6.00567],[80.7795,6.00555],[80.77964,6.00562],[80.77992,6.00561],[80.78017,6.00571],[80.78007,6.00584],[80.7802,6.00596],[80.78043,6.00605],[80.78064,6.00616],[80.78076,6.00617],[80.78092,6.00626],[80.78105,6.00628],[80.78122,6.00624],[80.78117,6.0064],[80.78129,6.0064],[80.78133,6.00649],[80.78103,6.00666],[80.7809,6.00674],[80.78065,6.00679],[80.7806,6.00702],[80.78056,6.00711],[80.78039,6.00727],[80.7803,6.00728],[80.78023,6.00733],[80.78019,6.0073],[80.78014,6.00749],[80.78014,6.00763],[80.78021,6.00777],[80.78023,6.00774],[80.78032,6.00777],[80.78037,6.00785],[80.78051,6.00782],[80.78061,6.00777],[80.78048,6.0077],[80.78055,6.00767],[80.78063,6.00767],[80.7807,6.00785],[80.78068,6.0079],[80.78059,6.00799],[80.7806,6.00808],[80.78064,6.00809],[80.78064,6.00815],[80.78059,6.00822],[80.78062,6.00832],[80.78053,6.00845],[80.78048,6.00853],[80.78044,6.00863],[80.78057,6.00905],[80.78073,6.0093],[80.78093,6.0095],[80.78111,6.00971],[80.78126,6.00978],[80.78132,6.00972],[80.78147,6.0097],[80.78155,6.00979],[80.78166,6.00985],[80.78172,6.00982],[80.78177,6.00987],[80.78183,6.00987],[80.78183,6.00979],[80.78187,6.00978],[80.78195,6.00972],[80.78204,6.00974],[80.78211,6.00969],[80.78218,6.00976],[80.78209,6.00984],[80.78211,6.00987],[80.78233,6.00985],[80.78223,6.00996],[80.78206,6.00999],[80.78203,6.01004],[80.78219,6.01002],[80.78217,6.01009],[80.78225,6.0101],[80.78233,6.01003],[80.78235,6.01011],[80.78235,6.01017],[80.78227,6.01017],[80.78219,6.01026],[80.7822,6.01035],[80.7823,6.01057],[80.78246,6.01074],[80.78284,6.011],[80.78307,6.0111],[80.78329,6.01117],[80.78349,6.0112],[80.78348,6.01115],[80.78354,6.01112],[80.78364,6.0111],[80.78359,6.01102],[80.7836,6.01099],[80.78375,6.01099],[80.78396,6.01094],[80.78395,6.01099],[80.78406,6.01095],[80.78429,6.01094],[80.78442,6.01098],[80.78447,6.01104],[80.7845,6.01104],[80.78454,6.011],[80.78459,6.01102],[80.78457,6.01107],[80.78464,6.01108],[80.78471,6.01107],[80.78474,6.01111],[80.78473,6.01114],[80.78461,6.01122],[80.78458,6.01127],[80.7846,6.01131],[80.78463,6.01132],[80.78469,6.01129],[80.78475,6.01133],[80.78469,6.01137],[80.78458,6.01142],[80.78449,6.01151],[80.78456,6.01155],[80.78462,6.01148],[80.7847,6.01146],[80.78477,6.01145],[80.78476,6.01152],[80.78472,6.01151],[80.78467,6.01155],[80.78471,6.01157],[80.78477,6.01159],[80.78478,6.01165],[80.78491,6.01158],[80.78498,6.01163],[80.78512,6.01159],[80.78523,6.01152],[80.78528,6.01159],[80.7854,6.01155],[80.78552,6.01148],[80.78566,6.01154],[80.78575,6.01157],[80.78576,6.01167],[80.78584,6.01168],[80.78605,6.01173],[80.78613,6.0117],[80.78622,6.01176],[80.78632,6.01174],[80.78635,6.01181],[80.7864,6.01182],[80.78646,6.01192],[80.78649,6.01203],[80.7866,6.01205],[80.78659,6.01211],[80.78654,6.01214],[80.78646,6.01212],[80.78633,6.01232],[80.7864,6.01236],[80.78646,6.01234],[80.78648,6.01238],[80.78656,6.01239],[80.78667,6.01231],[80.78669,6.01235],[80.78677,6.01236],[80.78683,6.01232],[80.78693,6.0124],[80.78706,6.01242],[80.78717,6.01248],[80.78715,6.01255],[80.78719,6.01259],[80.78716,6.01266],[80.78717,6.01273],[80.7871,6.01292],[80.78715,6.01299],[80.78703,6.01302],[80.78698,6.0131],[80.78687,6.01314],[80.78676,6.01334],[80.7867,6.01344],[80.78663,6.01346],[80.78648,6.01354],[80.78648,6.01366],[80.78652,6.01374],[80.78639,6.01386],[80.78626,6.01392],[80.78629,6.014],[80.78633,6.01407],[80.78655,6.01399],[80.78673,6.01416],[80.78652,6.01435],[80.78637,6.01448],[80.78629,6.01454],[80.78629,6.01463],[80.78633,6.0148],[80.78634,6.01487],[80.78638,6.01495],[80.78646,6.01512],[80.78655,6.01529],[80.78681,6.01551],[80.78706,6.01575],[80.78721,6.0159],[80.78739,6.01603],[80.78772,6.01619],[80.78786,6.01626],[80.78801,6.01632],[80.78818,6.01639],[80.78832,6.01642],[80.78835,6.01643],[80.78853,6.01644],[80.7887,6.01644],[80.78883,6.0164],[80.78892,6.01634],[80.78902,6.01624],[80.78895,6.01615],[80.78891,6.0161],[80.78896,6.01603],[80.78902,6.01604],[80.78905,6.016],[80.78904,6.01593],[80.7892,6.01585],[80.78915,6.01607],[80.78923,6.016],[80.78932,6.01607],[80.78938,6.01606],[80.78942,6.01602],[80.78938,6.01597],[80.78952,6.01588],[80.78945,6.01583],[80.78949,6.01572],[80.78953,6.01575],[80.78958,6.01585],[80.78949,6.01599],[80.78951,6.01603],[80.7896,6.01596],[80.78977,6.01594],[80.78976,6.01601],[80.78993,6.01592],[80.79004,6.01597],[80.78985,6.01609],[80.78993,6.01615],[80.79006,6.01611],[80.79008,6.01618],[80.79001,6.0162],[80.79002,6.01622],[80.79007,6.01623],[80.7901,6.01625],[80.78997,6.01626],[80.78996,6.01624],[80.78983,6.01625],[80.78983,6.01632],[80.79003,6.01631],[80.79005,6.01637],[80.79019,6.01634],[80.79029,6.0164],[80.79036,6.01644],[80.79047,6.01649],[80.79054,6.01657],[80.79024,6.01661],[80.79027,6.01674],[80.79022,6.01686],[80.7901,6.01696],[80.79,6.01706],[80.7899,6.01707],[80.78985,6.01705],[80.78972,6.01714],[80.78956,6.01718],[80.78955,6.01729],[80.78954,6.01742],[80.78957,6.01756],[80.78963,6.01773],[80.78969,6.01792],[80.78975,6.01807],[80.78981,6.01816],[80.78987,6.01829],[80.78998,6.0184],[80.79011,6.01847],[80.79027,6.01858],[80.79045,6.01865],[80.79073,6.01876],[80.79087,6.0188],[80.79102,6.01879],[80.79114,6.01877],[80.79131,6.01873],[80.79145,6.01861],[80.79158,6.01842],[80.79169,6.01823],[80.79175,6.01813],[80.79177,6.01798],[80.79161,6.01802],[80.79154,6.0179],[80.79159,6.01779],[80.79188,6.01757],[80.79201,6.01763],[80.79215,6.01754],[80.7922,6.01758],[80.79237,6.01749],[80.79227,6.01787],[80.79217,6.01804],[80.79197,6.01818],[80.79181,6.01827],[80.79174,6.01846],[80.79177,6.01856],[80.79179,6.01867],[80.79184,6.01879],[80.79196,6.01886],[80.79223,6.0188],[80.79231,6.01887],[80.79241,6.01889],[80.7926,6.01878],[80.79252,6.01871],[80.79279,6.01864],[80.79289,6.01867],[80.79279,6.01873],[80.79286,6.01885],[80.79307,6.01877],[80.79334,6.01856],[80.79338,6.01867],[80.79328,6.01885],[80.79333,6.01892],[80.79348,6.01899],[80.79367,6.01904],[80.79377,6.01907],[80.79399,6.01903],[80.79408,6.01912],[80.79437,6.01914],[80.79461,6.01915],[80.79469,6.01912],[80.79486,6.01907],[80.79498,6.01911],[80.79518,6.01908],[80.79539,6.01904],[80.79555,6.01904],[80.79572,6.01907],[80.79569,6.01915],[80.79581,6.01922],[80.79596,6.01932],[80.79589,6.01943],[80.79589,6.01971],[80.79596,6.01991],[80.79615,6.02007],[80.7963,6.02016],[80.79639,6.02026],[80.7965,6.02033],[80.79671,6.02027],[80.797,6.0202],[80.79721,6.02025],[80.79828,6.02019],[80.79848,6.02035],[80.79857,6.02046],[80.79868,6.02047],[80.79882,6.02051],[80.79898,6.02054],[80.79911,6.02052],[80.79932,6.0205],[80.79949,6.02052],[80.79963,6.02063],[80.79972,6.02072],[80.79985,6.02084],[80.79998,6.02105],[80.80025,6.0215],[80.8004,6.02204],[80.80042,6.02218],[80.8005,6.0223],[80.80063,6.02242],[80.80075,6.02251],[80.80089,6.02257],[80.80116,6.02269],[80.80143,6.02272],[80.80143,6.02276],[80.80116,6.02276],[80.80109,6.0228],[80.80103,6.02289],[80.8009,6.02308],[80.80084,6.02321],[80.80065,6.02338],[80.80046,6.02357],[80.80042,6.02367],[80.80036,6.02369],[80.80029,6.02377],[80.80024,6.02384],[80.79993,6.02463],[80.79972,6.0252],[80.79968,6.0254],[80.79962,6.02546],[80.79957,6.02547],[80.79952,6.02544],[80.79951,6.02538],[80.79957,6.02524],[80.79976,6.02473],[80.80012,6.02368],[80.80004,6.02364],[80.80014,6.02342],[80.80005,6.02337],[80.79995,6.02359],[80.79959,6.02341],[80.79879,6.02365],[80.79878,6.02385],[80.79836,6.02465],[80.79869,6.02482],[80.79866,6.02489],[80.79855,6.02484],[80.79851,6.02493],[80.79843,6.02506],[80.79833,6.02527],[80.79827,6.02544],[80.79819,6.02566],[80.79818,6.02606],[80.79824,6.02631],[80.79876,6.02638],[80.79883,6.02644],[80.79878,6.02649],[80.79825,6.02641],[80.79813,6.02664],[80.79807,6.02688],[80.79804,6.02724],[80.79803,6.02757],[80.7986,6.02911],[80.799,6.03034],[80.80022,6.03208],[80.80069,6.0327],[80.80182,6.03369],[80.80416,6.03555],[80.80714,6.03724],[80.81506,6.04001],[80.81874,6.04145],[80.81881,6.04148],[80.81896,6.04154],[80.81904,6.04149],[80.8191,6.04148],[80.81916,6.04149],[80.81928,6.04152],[80.81947,6.04149],[80.81977,6.04138],[80.81982,6.04132],[80.82002,6.04139],[80.82021,6.04132],[80.82036,6.04127],[80.82046,6.04125],[80.82061,6.04128],[80.82072,6.04132],[80.82083,6.04138],[80.82091,6.04141],[80.82107,6.0414],[80.82115,6.04139],[80.82121,6.04144],[80.8213,6.04154],[80.82137,6.04162],[80.82159,6.04175],[80.82176,6.04181],[80.82184,6.04177],[80.82208,6.04176],[80.82234,6.04185],[80.82261,6.04195],[80.82283,6.04203],[80.82315,6.0422],[80.8233,6.04233],[80.82381,6.04246],[80.8242,6.04251],[80.82509,6.04268],[80.82578,6.04283],[80.82665,6.04291],[80.8273,6.04288],[80.82797,6.04281],[80.82833,6.04279],[80.83112,6.04286],[80.83388,6.04344],[80.83861,6.04394],[80.84119,6.04432],[80.84387,6.0449],[80.84708,6.04544],[80.84718,6.04545],[80.85077,6.04576],[80.85279,6.04557],[80.85479,6.04525],[80.85672,6.04488],[80.85858,6.0442],[80.86023,6.04364],[80.86056,6.04281],[80.86038,6.04236],[80.86047,6.04215],[80.86066,6.04209],[80.86122,6.04268],[80.86172,6.04316],[80.86212,6.04318],[80.86252,6.04302],[80.86322,6.04359],[80.86337,6.0443],[80.86322,6.04446],[80.86308,6.04469],[80.86336,6.04515],[80.86372,6.04559],[80.86401,6.04592],[80.86444,6.04622],[80.86496,6.04627],[80.86536,6.04645],[80.86672,6.04692],[80.86678,6.04724],[80.86662,6.04763],[80.86652,6.04845],[80.86651,6.04939],[80.8656,6.05039],[80.86665,6.05266],[80.86752,6.05444],[80.86844,6.05574],[80.8696,6.057],[80.8713,6.05817],[80.87508,6.05973],[80.88066,6.06123],[80.88595,6.0625],[80.89256,6.06252],[80.89301,6.06256],[80.8933,6.06259],[80.89367,6.06262],[80.90133,6.06331],[80.90413,6.06388],[80.90554,6.06478],[80.91376,6.06844],[80.92881,6.07478],[80.93216,6.07578],[80.93325,6.07568],[80.934,6.07493],[80.93491,6.07556],[80.93649,6.07491],[80.93568,6.07635],[80.93635,6.07749],[80.9358,6.07853],[80.93647,6.08035],[80.94049,6.08281],[80.94334,6.08379],[80.94529,6.08414],[80.95126,6.08538],[80.96332,6.08591],[80.97181,6.0873],[80.97464,6.08762],[80.97614,6.08754],[80.977,6.08705],[80.97811,6.08743],[80.97903,6.08854],[80.98037,6.08925],[80.98142,6.0897],[80.98234,6.08967],[80.98311,6.0896],[80.98355,6.09027],[80.98392,6.09073],[80.9841,6.09136],[80.98455,6.09196],[80.98618,6.09273],[80.98781,6.09296],[80.98891,6.0928],[80.98935,6.09261],[80.98966,6.09288],[80.98941,6.09336],[80.98921,6.09355],[80.98916,6.09378],[80.9895,6.09448],[80.9899,6.09489],[80.99033,6.09476],[80.99058,6.09444],[80.99311,6.09484],[80.99302,6.09503],[80.99141,6.09478],[80.99149,6.09562],[80.99173,6.09647],[80.99262,6.09753],[80.99489,6.09909],[80.99551,6.09946],[80.99812,6.10018],[80.99824,6.10022],[81.00094,6.10118],[81.00291,6.1016],[81.00605,6.10223],[81.0169,6.10401],[81.01961,6.1046],[81.03795,6.10581],[81.05051,6.10682],[81.05093,6.10693],[81.05414,6.11035],[81.05688,6.11062],[81.06177,6.11038],[81.06563,6.11038],[81.07008,6.10924],[81.07289,6.11065],[81.07634,6.11155],[81.07974,6.1121],[81.08446,6.11239],[81.08783,6.11302],[81.08831,6.11133],[81.08933,6.11024],[81.09127,6.10905],[81.09275,6.10872],[81.09415,6.10892],[81.09499,6.10936],[81.09497,6.10962],[81.09475,6.10974],[81.09456,6.10966],[81.09451,6.10983],[81.09452,6.11027],[81.09472,6.11073],[81.09503,6.11112],[81.09548,6.11144],[81.09596,6.11176],[81.0962,6.11218],[81.09621,6.11314],[81.09635,6.11376],[81.09671,6.11436],[81.09953,6.11309],[81.10013,6.11292],[81.1008,6.11285],[81.10409,6.11277],[81.10425,6.11287],[81.10428,6.11305],[81.10422,6.11319],[81.10407,6.11322],[81.1039,6.11317],[81.10377,6.11307],[81.10101,6.11319],[81.10002,6.11327],[81.09936,6.1135],[81.09747,6.1144],[81.09751,6.11481],[81.09767,6.11537],[81.09877,6.11707],[81.09956,6.11836],[81.09988,6.11874],[81.10018,6.11898],[81.10071,6.1191],[81.10093,6.11899],[81.10151,6.11826],[81.10163,6.11831],[81.10125,6.11915],[81.10066,6.11998],[81.10043,6.12035],[81.09951,6.12105],[81.09906,6.12137],[81.09849,6.12154],[81.09721,6.12158],[81.09717,6.12784],[81.10425,6.12782],[81.1045,6.12785],[81.10512,6.12817],[81.10596,6.12736],[81.10598,6.12695],[81.10588,6.12675],[81.10564,6.12633],[81.10558,6.12554],[81.10495,6.12552],[81.10492,6.12577],[81.10459,6.1258],[81.10457,6.12606],[81.1047,6.1261],[81.10466,6.12619],[81.10441,6.12613],[81.10442,6.12329],[81.1048,6.12329],[81.10505,6.12229],[81.10474,6.12223],[81.10471,6.12239],[81.10461,6.12237],[81.10478,6.1216],[81.10488,6.12162],[81.10483,6.12187],[81.10505,6.1219],[81.10523,6.12146],[81.10545,6.12051],[81.10467,6.11944],[81.10455,6.11929],[81.10465,6.11876],[81.10481,6.11873],[81.10489,6.11887],[81.10477,6.1191],[81.10516,6.11939],[81.10557,6.11947],[81.10614,6.11919],[81.10627,6.11856],[81.10615,6.11679],[81.10622,6.11673],[81.10636,6.11677],[81.10642,6.11691],[81.10646,6.11837],[81.10683,6.11926],[81.10701,6.11918],[81.10686,6.11865],[81.10758,6.11913],[81.10954,6.1194],[81.11209,6.11987],[81.11547,6.12024],[81.11894,6.12047],[81.12113,6.12067],[81.12362,6.12076],[81.12451,6.12069],[81.12473,6.12053],[81.12475,6.12032],[81.12483,6.12029],[81.12493,6.12021],[81.12531,6.12022],[81.12565,6.12014],[81.12589,6.11978],[81.12613,6.12001],[81.12632,6.11984],[81.12675,6.12013],[81.12736,6.12015],[81.12764,6.11994],[81.12791,6.12054],[81.12814,6.12082],[81.1286,6.12071],[81.12872,6.12096],[81.12924,6.12113],[81.13048,6.12128],[81.131,6.12116],[81.13106,6.12122],[81.13083,6.1214],[81.13084,6.12157],[81.13048,6.1219],[81.12935,6.12345],[81.12918,6.12414],[81.12896,6.1241],[81.12748,6.12412],[81.12666,6.12523],[81.12659,6.12597],[81.12706,6.12754],[81.12764,6.12882],[81.12909,6.13059],[81.13036,6.13212],[81.13417,6.13415],[81.13862,6.13551],[81.14448,6.13582],[81.1449,6.13729],[81.14509,6.1377],[81.14539,6.13795],[81.14581,6.13809],[81.14693,6.13834],[81.14795,6.13885],[81.14825,6.1389],[81.14832,6.1387],[81.14839,6.1387],[81.14844,6.13874],[81.14831,6.13911],[81.1485,6.13951],[81.14851,6.13979],[81.14804,6.14037],[81.14799,6.14073],[81.14809,6.14099],[81.14837,6.14121],[81.14918,6.14157],[81.15075,6.1422],[81.15286,6.14274],[81.15847,6.14343],[81.16116,6.14383],[81.16272,6.14391],[81.16443,6.14428],[81.16856,6.14555],[81.17249,6.14867],[81.17218,6.14933],[81.1722,6.14959],[81.17238,6.14991],[81.17282,6.15031],[81.17286,6.15108],[81.17303,6.1515],[81.17625,6.15319],[81.17735,6.15449],[81.17848,6.15546],[81.1876,6.15863],[81.19562,6.16098],[81.20452,6.16297],[81.21078,6.16413],[81.21664,6.16449],[81.22611,6.16512],[81.22602,6.16897],[81.22702,6.17072],[81.2328,6.17298],[81.23236,6.17524],[81.23207,6.17534],[81.23201,6.1754],[81.23199,6.17549],[81.232,6.17566],[81.23219,6.17595],[81.23272,6.17734],[81.2358,6.17951],[81.2426,6.18165],[81.26527,6.18408],[81.27071,6.18475],[81.27528,6.18641],[81.2754,6.18719],[81.27662,6.18768],[81.27683,6.18855],[81.28014,6.19086],[81.28565,6.19227],[81.28753,6.19267],[81.29155,6.19307],[81.29326,6.19457],[81.29462,6.19574],[81.29712,6.19601],[81.30521,6.19713],[81.31518,6.19885],[81.31937,6.1981],[81.32135,6.19829],[81.32269,6.19898],[81.32367,6.19917],[81.32408,6.19878],[81.32479,6.19943],[81.32502,6.2009],[81.32458,6.20305],[81.3247,6.20379],[81.32553,6.20482],[81.32715,6.20625],[81.32855,6.20715],[81.33026,6.20802],[81.33163,6.20938],[81.33295,6.21073],[81.33492,6.21209],[81.33557,6.2123],[81.33612,6.21272],[81.33663,6.21279],[81.33718,6.21326],[81.33806,6.21379],[81.33846,6.21381],[81.33893,6.21408],[81.33973,6.21422],[81.33982,6.21425],[81.33985,6.21435],[81.33981,6.21445],[81.33972,6.21449],[81.33813,6.21421],[81.33777,6.21468],[81.33741,6.2156],[81.3374,6.2166],[81.3375,6.21726],[81.33761,6.21751],[81.33819,6.21835],[81.3386,6.21865],[81.33871,6.21874],[81.33911,6.21921],[81.33921,6.21926],[81.3402,6.21927],[81.34034,6.21941],[81.34035,6.21953],[81.34027,6.21959],[81.34013,6.21948],[81.33913,6.21944],[81.33905,6.21939],[81.33801,6.21856],[81.33778,6.21828],[81.33765,6.21803],[81.33761,6.21804],[81.33758,6.21799],[81.33755,6.21791],[81.33742,6.21767],[81.3372,6.21742],[81.3371,6.2174],[81.33697,6.2174],[81.33671,6.2175],[81.33661,6.21751],[81.33649,6.21756],[81.33711,6.21903],[81.33707,6.21905],[81.33706,6.21909],[81.33694,6.21918],[81.33691,6.21922],[81.33697,6.21929],[81.33706,6.21934],[81.3372,6.21924],[81.33766,6.21939],[81.33774,6.21955],[81.33796,6.21971],[81.33823,6.21951],[81.33832,6.21954],[81.3384,6.21963],[81.33841,6.21974],[81.33837,6.21986],[81.33828,6.21991],[81.33819,6.2199],[81.33814,6.22014],[81.33818,6.22066],[81.33825,6.22086],[81.33829,6.221],[81.33849,6.22132],[81.33875,6.22159],[81.33921,6.2219],[81.33971,6.22204],[81.33999,6.22168],[81.33989,6.22095],[81.33997,6.22088],[81.34007,6.22086],[81.34013,6.22094],[81.34011,6.22107],[81.34016,6.22173],[81.33999,6.22193],[81.34024,6.2223],[81.34083,6.22289],[81.34091,6.22296],[81.34103,6.22308],[81.34148,6.22351],[81.34345,6.22481],[81.344,6.22512],[81.34434,6.2251],[81.34603,6.22628],[81.34654,6.22597],[81.34965,6.22757],[81.35179,6.22839],[81.35235,6.22851],[81.35351,6.22855],[81.35376,6.22868],[81.35436,6.22908],[81.35675,6.23018],[81.36113,6.23103],[81.36613,6.2315],[81.36867,6.23429],[81.3732,6.2351],[81.37324,6.23634],[81.37256,6.23684],[81.37365,6.23906],[81.37353,6.23988],[81.37419,6.24089],[81.37603,6.24222],[81.37776,6.24261],[81.37969,6.24419],[81.38265,6.24536],[81.38983,6.24669],[81.39364,6.24705],[81.39486,6.24679],[81.39578,6.2493],[81.40147,6.25067],[81.40214,6.2534],[81.40427,6.25634],[81.40623,6.25722],[81.40787,6.25836],[81.40971,6.2602],[81.41105,6.26212],[81.41638,6.26473],[81.41673,6.26551],[81.42034,6.27408],[81.42077,6.27484],[81.42109,6.27512],[81.42191,6.27565],[81.42327,6.27647],[81.4246,6.27714],[81.42555,6.27737],[81.42626,6.27746],[81.42665,6.27751],[81.42685,6.27773],[81.42691,6.27822],[81.42708,6.27864],[81.42728,6.27877],[81.42753,6.27909],[81.4276,6.27934],[81.4276,6.27963],[81.42776,6.27984],[81.42775,6.27996],[81.42763,6.27996],[81.42742,6.27983],[81.42713,6.27981],[81.42683,6.27989],[81.42652,6.28013],[81.42632,6.28045],[81.4262,6.28074],[81.42622,6.2812],[81.42629,6.28173],[81.42665,6.28255],[81.42705,6.28323],[81.42754,6.28407],[81.42822,6.28471],[81.42895,6.28535],[81.43026,6.28615],[81.43134,6.28667],[81.43197,6.2869],[81.43278,6.28757],[81.43336,6.28802],[81.43426,6.28846],[81.43482,6.2888],[81.43528,6.28911],[81.43558,6.28961],[81.43617,6.29026],[81.4367,6.2907],[81.43688,6.29101],[81.43691,6.29119],[81.43679,6.29129],[81.43652,6.2915],[81.43638,6.29183],[81.43636,6.29216],[81.43654,6.29257],[81.43706,6.29321],[81.43827,6.29415],[81.43954,6.29499],[81.44153,6.29605],[81.44344,6.29674],[81.44631,6.29777],[81.44898,6.2985],[81.45035,6.29888],[81.45085,6.2991],[81.45118,6.29955],[81.45135,6.29992],[81.45148,6.30037],[81.45182,6.30085],[81.45281,6.30145],[81.45393,6.30212],[81.45577,6.30268],[81.45823,6.30326],[81.46176,6.3043],[81.46471,6.3049],[81.46623,6.30526],[81.46745,6.30586],[81.46862,6.30666],[81.46932,6.3073],[81.46993,6.30759],[81.47147,6.30797],[81.47322,6.30849],[81.47466,6.30892],[81.47668,6.30931],[81.47741,6.30937],[81.47766,6.30955],[81.478,6.3097],[81.47871,6.30979],[81.47933,6.30986],[81.48031,6.31012],[81.48067,6.31035],[81.4811,6.31059],[81.48127,6.3107],[81.48142,6.31099],[81.48167,6.31142],[81.48213,6.31189],[81.48248,6.31209],[81.48248,6.31245],[81.48257,6.31276],[81.48297,6.31315],[81.48336,6.31338],[81.48355,6.31359],[81.48373,6.31399],[81.48392,6.31415],[81.4841,6.31422],[81.48411,6.31449],[81.4841,6.31466],[81.48403,6.31498],[81.48403,6.31522],[81.4839,6.3153],[81.48394,6.31565],[81.4841,6.31598],[81.48414,6.31648],[81.48409,6.31686],[81.48419,6.31709],[81.48435,6.31746],[81.48449,6.31788],[81.48462,6.31832],[81.48461,6.31874],[81.48427,6.31902],[81.48394,6.31914],[81.4836,6.31915],[81.48331,6.3193],[81.48304,6.31992],[81.48295,6.32064],[81.48309,6.32138],[81.48331,6.32203],[81.48394,6.32306],[81.48486,6.32391],[81.48582,6.32469],[81.48739,6.32563],[81.48887,6.32645],[81.49048,6.32715],[81.49204,6.32775],[81.49359,6.32828],[81.49434,6.32858],[81.49473,6.32894],[81.49489,6.32918],[81.49499,6.32951],[81.49496,6.32973],[81.49475,6.32993],[81.49458,6.33036],[81.49444,6.33074],[81.49455,6.33121],[81.49493,6.33193],[81.49552,6.33262],[81.49659,6.33342],[81.49774,6.3341],[81.49821,6.33447],[81.49852,6.33488],[81.49871,6.33537],[81.49912,6.336],[81.49956,6.33653],[81.50007,6.33689],[81.50051,6.33715],[81.50078,6.33744],[81.50095,6.33779],[81.50096,6.33806],[81.50083,6.33826],[81.50053,6.33842],[81.50014,6.33858],[81.50006,6.3388],[81.49951,6.339],[81.49887,6.33935],[81.49836,6.33945],[81.498,6.33974],[81.49781,6.34018],[81.49764,6.3412],[81.49759,6.34215],[81.49772,6.34314],[81.49794,6.34341],[81.49816,6.34413],[81.49879,6.34533],[81.49977,6.34659],[81.50046,6.34743],[81.50165,6.34843],[81.50354,6.34986],[81.50622,6.35163],[81.50775,6.35257],[81.50844,6.35299],[81.50991,6.35397],[81.51214,6.35508],[81.5143,6.35587],[81.51536,6.35653],[81.51644,6.35696],[81.51777,6.35736],[81.51877,6.35793],[81.5194,6.3584],[81.51958,6.35888],[81.51989,6.35921],[81.52122,6.35967],[81.52236,6.36009],[81.5238,6.36053],[81.52532,6.36096],[81.52653,6.36144],[81.52807,6.36197],[81.52967,6.36251],[81.53119,6.36283],[81.53413,6.36366],[81.53624,6.36413],[81.53765,6.36451],[81.54197,6.36552],[81.54527,6.36607],[81.54696,6.36633],[81.54842,6.36637],[81.54979,6.3665],[81.55151,6.36671],[81.55443,6.36725],[81.55625,6.36723],[81.55694,6.3672],[81.55758,6.36759],[81.55786,6.36783],[81.55802,6.36823],[81.55845,6.36888],[81.55898,6.36922],[81.55969,6.36968],[81.55996,6.3701],[81.56042,6.37033],[81.56145,6.37076],[81.5624,6.37113],[81.56271,6.37125],[81.56405,6.37167],[81.56508,6.37207],[81.5662,6.37242],[81.56642,6.3726],[81.56657,6.37277],[81.56678,6.3729],[81.56685,6.37309],[81.56689,6.37323],[81.56704,6.37323],[81.56696,6.37343],[81.56682,6.37348],[81.56667,6.37346],[81.5665,6.37357],[81.56617,6.37363],[81.5658,6.37385],[81.56533,6.37392],[81.56494,6.37395],[81.56414,6.37407],[81.564,6.37415],[81.56378,6.37428],[81.56367,6.37442],[81.56358,6.37461],[81.5636,6.37496],[81.56358,6.37569],[81.56361,6.37628],[81.56401,6.37732],[81.56455,6.37848],[81.56547,6.37982],[81.56632,6.38082],[81.56748,6.38189],[81.56868,6.38274],[81.5703,6.38374],[81.57192,6.38463],[81.5743,6.38584],[81.57596,6.38653],[81.5768,6.38694],[81.57759,6.3879],[81.57835,6.38871],[81.58029,6.38979],[81.58235,6.39069],[81.58395,6.39162],[81.58586,6.39242],[81.58643,6.39293],[81.58725,6.3937],[81.58943,6.395],[81.59246,6.39651],[81.59598,6.39787],[81.59867,6.39898],[81.59968,6.39953],[81.60005,6.3999],[81.60037,6.40061],[81.60084,6.4013],[81.60171,6.40198],[81.6019,6.40251],[81.60244,6.40311],[81.6029,6.40343],[81.60294,6.40387],[81.60311,6.4043],[81.6039,6.40525],[81.60447,6.40626],[81.60486,6.40662],[81.60564,6.40708],[81.60612,6.40759],[81.60727,6.40884],[81.60829,6.4096],[81.60926,6.41028],[81.61042,6.4109],[81.6118,6.41178],[81.6135,6.41269],[81.61478,6.41322],[81.6157,6.41357],[81.61604,6.41377],[81.61617,6.41415],[81.6166,6.41474],[81.61728,6.4153],[81.61784,6.41558],[81.61807,6.41604],[81.61839,6.41631],[81.61906,6.41659],[81.61886,6.41692],[81.61892,6.41725],[81.61905,6.41751],[81.61912,6.41787],[81.61943,6.4182],[81.61977,6.41836],[81.61991,6.41865],[81.61944,6.41911],[81.6183,6.41947],[81.61753,6.41938],[81.61711,6.41975],[81.61673,6.41993],[81.61609,6.41982],[81.61567,6.42005],[81.61515,6.42053],[81.61473,6.42147],[81.61447,6.42243],[81.61448,6.4233],[81.61483,6.42525],[81.61603,6.4281],[81.62042,6.43259],[81.62409,6.4348],[81.62865,6.43691],[81.63244,6.43857],[81.64395,6.44272],[81.64946,6.44573],[81.6499,6.44655],[81.65093,6.44745],[81.65209,6.4482],[81.65317,6.44943],[81.65374,6.45052],[81.65386,6.45147],[81.654,6.45202],[81.65463,6.45263],[81.65625,6.45336],[81.65817,6.4542],[81.65852,6.45463],[81.6586,6.45503],[81.6584,6.45607],[81.6583,6.45696],[81.65869,6.45811],[81.65997,6.45937],[81.66031,6.46013],[81.66056,6.46099],[81.66072,6.46262],[81.66089,6.46355],[81.66137,6.46429],[81.66186,6.46472],[81.66401,6.46625],[81.66657,6.46769],[81.66889,6.46932],[81.67132,6.47102],[81.6775,6.47551],[81.68137,6.4786],[81.68555,6.48173],[81.68942,6.48454],[81.69311,6.48647],[81.69394,6.4881],[81.69469,6.48989],[81.69538,6.491],[81.69704,6.49247],[81.69766,6.49331],[81.69803,6.49448],[81.69883,6.49582],[81.70016,6.49716],[81.7025,6.49881],[81.70394,6.5004],[81.70461,6.50119],[81.70498,6.50204],[81.70538,6.50308],[81.70579,6.50449],[81.70668,6.50712],[81.70735,6.50908],[81.70788,6.51073],[81.70286,6.51339],[81.70206,6.51365],[81.7014,6.51387],[81.6993,6.51461],[81.69864,6.51467],[81.6982,6.51448],[81.69743,6.5141],[81.69534,6.51362],[81.69448,6.51341],[81.69226,6.51326],[81.69148,6.51314],[81.69062,6.51323],[81.68916,6.51348],[81.68839,6.51357],[81.68728,6.51406],[81.68613,6.51431],[81.6844,6.51525],[81.68241,6.51646],[81.67915,6.51859],[81.6772,6.5197],[81.67636,6.52045],[81.6749,6.52168],[81.67367,6.5224],[81.67311,6.52318],[81.6725,6.52409],[81.67097,6.52561],[81.67068,6.52631],[81.67046,6.52705],[81.67001,6.529],[81.66919,6.53172],[81.66875,6.53283],[81.6684,6.53351],[81.66799,6.53421],[81.66749,6.53476],[81.66627,6.5358],[81.66499,6.53721],[81.66452,6.5378],[81.66409,6.53849],[81.66358,6.53904],[81.66297,6.53946],[81.66235,6.54036],[81.6587,6.53998],[81.65747,6.54012],[81.65637,6.54034],[81.656,6.54048],[81.65532,6.54084],[81.6541,6.54171],[81.65359,6.54232],[81.65274,6.54356],[81.6522,6.54414],[81.65162,6.54461],[81.65097,6.54494],[81.65021,6.54504],[81.64948,6.54493],[81.64771,6.54411],[81.64585,6.54274],[81.64513,6.54228],[81.64441,6.54193],[81.64332,6.54152],[81.64253,6.54133],[81.64173,6.54124],[81.64132,6.54124],[81.64016,6.54137],[81.63868,6.54182],[81.63801,6.54222],[81.63749,6.54279],[81.63702,6.54345],[81.63641,6.5445],[81.63608,6.54524],[81.63552,6.54678],[81.63529,6.54752],[81.63483,6.54928],[81.63422,6.55065],[81.63364,6.55164],[81.63301,6.55254],[81.63164,6.55419],[81.63046,6.55576],[81.62879,6.55758],[81.62725,6.55913],[81.62549,6.56028],[81.62404,6.5615],[81.62301,6.56265],[81.6217,6.56438],[81.62109,6.56606],[81.62117,6.56938],[81.62091,6.57114],[81.61962,6.57223],[81.61542,6.57234],[81.61385,6.57351],[81.6127,6.57455],[81.61163,6.57672],[81.61028,6.57858],[81.60831,6.58004],[81.60777,6.57817],[81.60667,6.57382],[81.60643,6.57312],[81.60567,6.57129],[81.60514,6.56948],[81.60487,6.5688],[81.60422,6.56765],[81.60386,6.5671],[81.60291,6.56608],[81.60191,6.56371],[81.60137,6.56274],[81.60094,6.5622],[81.60039,6.56172],[81.59972,6.56127],[81.59902,6.56106],[81.59785,6.56112],[81.59691,6.56127],[81.59627,6.56149],[81.59497,6.56221],[81.59428,6.5625],[81.5936,6.56259],[81.59315,6.56254],[81.59205,6.56218],[81.59135,6.56206],[81.59056,6.56183],[81.58872,6.56084],[81.58817,6.56032],[81.58793,6.55969],[81.58784,6.55853],[81.58765,6.55742],[81.58744,6.55672],[81.5867,6.55551],[81.58625,6.55494],[81.58514,6.55379],[81.58462,6.55314],[81.58329,6.55196],[81.58274,6.55151],[81.58214,6.5511],[81.58179,6.55091],[81.58109,6.55076],[81.5803,6.55067],[81.57954,6.55065],[81.57838,6.55088],[81.57766,6.55109],[81.57656,6.55124],[81.57439,6.55171],[81.57304,6.55206],[81.57114,6.55272],[81.56953,6.55347],[81.56783,6.55444],[81.56634,6.5547],[81.56562,6.55466],[81.56523,6.55451],[81.56462,6.55416],[81.5633,6.55315],[81.56156,6.55161],[81.56099,6.55106],[81.56026,6.55017],[81.55945,6.54931],[81.55863,6.54857],[81.5582,6.54803],[81.55744,6.54744],[81.55706,6.54705],[81.55671,6.5466],[81.55646,6.54614],[81.55612,6.54566],[81.55525,6.54464],[81.554,6.54339],[81.55228,6.54191],[81.55017,6.53976],[81.54945,6.53886],[81.54823,6.53753],[81.54694,6.53645],[81.54589,6.53615],[81.54479,6.53603],[81.54308,6.53624],[81.54257,6.53648],[81.54153,6.53686],[81.5406,6.53748],[81.5401,6.53775],[81.53959,6.53798],[81.53903,6.53815],[81.53845,6.53811],[81.53792,6.53796],[81.53737,6.53795],[81.53626,6.53775],[81.53522,6.53738],[81.53377,6.53654],[81.53288,6.53587],[81.53245,6.53549],[81.53209,6.53507],[81.53081,6.53316],[81.52988,6.53177],[81.52819,6.52881],[81.52725,6.52675],[81.52641,6.52472],[81.5261,6.52365],[81.525,6.52106],[81.52476,6.52056],[81.52444,6.52011],[81.52399,6.51967],[81.5231,6.51923],[81.52269,6.51885],[81.52157,6.5184],[81.51903,6.51713],[81.51794,6.5168],[81.51742,6.51658],[81.51687,6.5164],[81.5157,6.51633],[81.51455,6.51632],[81.5134,6.5162],[81.51231,6.51578],[81.50951,6.51483],[81.50829,6.51423],[81.50455,6.51202],[81.50211,6.51071],[81.50054,6.50965],[81.49628,6.50622],[81.49511,6.50558],[81.49364,6.50485],[81.49255,6.50409],[81.49037,6.50235],[81.4895,6.50138],[81.48866,6.50028],[81.48821,6.49906],[81.48726,6.49799],[81.48591,6.49793],[81.4846,6.49748],[81.48327,6.49674],[81.4821,6.49585],[81.48121,6.4947],[81.48045,6.49335],[81.48011,6.49211],[81.47958,6.49075],[81.47923,6.4895],[81.47894,6.48817],[81.47837,6.4868],[81.47868,6.4837],[81.47864,6.48239],[81.47949,6.47991],[81.48025,6.47884],[81.48052,6.47724],[81.47967,6.47463],[81.47929,6.47309],[81.47958,6.47169],[81.48041,6.47038],[81.48148,6.46964],[81.48215,6.46845],[81.48309,6.46756],[81.48428,6.46708],[81.48567,6.46696],[81.48616,6.46574],[81.48617,6.46429],[81.48601,6.46301],[81.48576,6.46166],[81.4852,6.4605],[81.48487,6.45923],[81.48419,6.45794],[81.48332,6.45691],[81.48236,6.45605],[81.48131,6.45521],[81.48045,6.45414],[81.47988,6.45285],[81.47907,6.45173],[81.4782,6.45073],[81.47715,6.44979],[81.47624,6.44882],[81.47603,6.44741],[81.47632,6.44598],[81.47676,6.44459],[81.47727,6.4433],[81.47799,6.44203],[81.47914,6.43949],[81.479,6.43812],[81.47853,6.43682],[81.4783,6.43556],[81.47799,6.4343],[81.47777,6.43289],[81.47806,6.43014],[81.47789,6.42884],[81.47837,6.42763],[81.47885,6.42617],[81.47902,6.42477],[81.47949,6.42219],[81.47955,6.42066],[81.4798,6.41928],[81.47962,6.41797],[81.47897,6.41661],[81.47753,6.41418],[81.47665,6.41302],[81.47514,6.41089],[81.47336,6.40886],[81.47208,6.40814],[81.47084,6.40767],[81.46953,6.40725],[81.46805,6.40691],[81.46673,6.40713],[81.46547,6.40796],[81.46397,6.41031],[81.46308,6.41147],[81.46213,6.41259],[81.46102,6.41333],[81.45979,6.41294],[81.45822,6.41293],[81.45676,6.41343],[81.45531,6.41365],[81.45405,6.41404],[81.45117,6.41338],[81.4496,6.41341],[81.44814,6.41375],[81.44704,6.41444],[81.44582,6.41703],[81.4449,6.41818],[81.44378,6.41884],[81.44231,6.41947],[81.44101,6.41974],[81.4397,6.41989],[81.43826,6.41991],[81.43703,6.41931],[81.43682,6.41801],[81.43636,6.41676],[81.43227,6.41633],[81.43099,6.41635],[81.42969,6.41689],[81.42885,6.41788],[81.42757,6.41805],[81.42675,6.41706],[81.42638,6.41572],[81.42598,6.41448],[81.42525,6.41337],[81.42439,6.41235],[81.42322,6.41177],[81.42172,6.41201],[81.42038,6.41183],[81.42032,6.41054],[81.41994,6.40924],[81.41869,6.40882],[81.41728,6.4087],[81.41451,6.40918],[81.41299,6.40921],[81.41017,6.40828],[81.40875,6.40794],[81.40606,6.40796],[81.40465,6.4079],[81.40322,6.40742],[81.40209,6.40674],[81.40078,6.4064],[81.39967,6.40708],[81.39908,6.40831],[81.39874,6.40974],[81.39872,6.41113],[81.39892,6.41244],[81.39875,6.41386],[81.39761,6.41451],[81.39634,6.4147],[81.39483,6.41475],[81.39333,6.41469],[81.3925,6.4137],[81.39172,6.41246],[81.39102,6.41126],[81.39042,6.40989],[81.38966,6.40874],[81.38903,6.40747],[81.38853,6.406],[81.38797,6.40459],[81.38717,6.40331],[81.38648,6.40207],[81.38587,6.40077],[81.38508,6.39957],[81.38399,6.39847],[81.38149,6.39728],[81.38014,6.39729],[81.37879,6.39747],[81.37743,6.39766],[81.37613,6.39798],[81.37462,6.3982],[81.37326,6.39811],[81.3721,6.39756],[81.37102,6.39658],[81.36968,6.39404],[81.36888,6.39276],[81.3683,6.39137],[81.36726,6.39057],[81.36597,6.39038],[81.3646,6.39028],[81.3602,6.39091],[81.3589,6.39061],[81.35747,6.39022],[81.35607,6.39022],[81.35474,6.39032],[81.35335,6.3901],[81.35196,6.38975],[81.35068,6.38929],[81.34989,6.38811],[81.34897,6.38705],[81.34798,6.38607],[81.34661,6.38521],[81.34418,6.38412],[81.34301,6.3834],[81.34181,6.38277],[81.34057,6.38222],[81.33777,6.38107],[81.33656,6.38062],[81.33525,6.38021],[81.33372,6.37996],[81.33206,6.37977],[81.3307,6.37991],[81.32939,6.38048],[81.32856,6.38164],[81.32737,6.38229],[81.32616,6.38184],[81.32489,6.38118],[81.32362,6.38034],[81.32239,6.37934],[81.32145,6.37841],[81.32047,6.37756],[81.31936,6.37688],[81.31817,6.37605],[81.31699,6.37533],[81.31558,6.37549],[81.31454,6.37654],[81.31333,6.379],[81.31247,6.38002],[81.30996,6.37862],[81.30865,6.378],[81.30586,6.37681],[81.30298,6.37587],[81.30173,6.37527],[81.29941,6.374],[81.29802,6.37351],[81.29672,6.37314],[81.295,6.37279],[81.29347,6.37264],[81.29203,6.37264],[81.28909,6.37304],[81.28775,6.37251],[81.28517,6.37135],[81.28401,6.37078],[81.2827,6.37035],[81.27983,6.36958],[81.27842,6.3691],[81.27729,6.36844],[81.27635,6.36746],[81.27546,6.36632],[81.27512,6.36489],[81.27509,6.36327],[81.27516,6.3618],[81.275,6.36041],[81.27461,6.35919],[81.27425,6.3578],[81.274,6.35634],[81.2735,6.35507],[81.27263,6.35412],[81.27158,6.35326],[81.26923,6.35187],[81.26815,6.35111],[81.26717,6.35014],[81.26516,6.34782],[81.26417,6.34691],[81.26307,6.34611],[81.26177,6.34551],[81.26048,6.34529],[81.25914,6.345],[81.25781,6.34449],[81.25675,6.34371],[81.25468,6.34165],[81.25352,6.34084],[81.25214,6.34098],[81.24838,6.34234],[81.24704,6.34295],[81.24574,6.34338],[81.24441,6.34317],[81.24227,6.34253],[81.24065,6.34244],[81.23931,6.34243],[81.23799,6.34217],[81.23672,6.34171],[81.23531,6.34141],[81.234,6.34175],[81.23289,6.34242],[81.23193,6.34329],[81.23098,6.34423],[81.22967,6.34481],[81.22819,6.34489],[81.2269,6.34461],[81.22558,6.34471],[81.2244,6.34547],[81.22302,6.34769],[81.22204,6.34854],[81.22109,6.34952],[81.22068,6.35076],[81.22113,6.35207],[81.22189,6.35327],[81.22288,6.35429],[81.22393,6.35515],[81.22434,6.35637],[81.22437,6.35776],[81.22364,6.35883],[81.2215,6.36052],[81.2203,6.36129],[81.21901,6.36195],[81.21773,6.36235],[81.21642,6.363],[81.21523,6.3637],[81.21405,6.36425],[81.21283,6.36508],[81.21099,6.36721],[81.21006,6.36835],[81.20697,6.37288],[81.20667,6.37415],[81.20647,6.3756],[81.20553,6.3766],[81.20355,6.37841],[81.20308,6.37976],[81.20358,6.381],[81.20415,6.38215],[81.20338,6.38327],[81.19986,6.3853],[81.19865,6.38587],[81.19747,6.38682],[81.19671,6.38803],[81.19646,6.39074],[81.1956,6.39176],[81.19438,6.39221],[81.1932,6.39282],[81.19229,6.39387],[81.19157,6.395],[81.19103,6.39629],[81.19075,6.39756],[81.19063,6.40033],[81.19022,6.40172],[81.1891,6.40271],[81.18782,6.40343],[81.18665,6.40421],[81.18553,6.40484],[81.18427,6.40548],[81.1829,6.40598],[81.18141,6.40627],[81.18011,6.4059],[81.17892,6.40494],[81.17788,6.40396],[81.17668,6.40319],[81.17539,6.403],[81.17266,6.40313],[81.17138,6.40328],[81.17011,6.40282],[81.17014,6.4015],[81.17021,6.40013],[81.16952,6.39891],[81.16866,6.39691],[81.16698,6.39616],[81.16659,6.39544],[81.16681,6.39372],[81.1661,6.39285],[81.16486,6.39245],[81.16381,6.39303],[81.16246,6.39353],[81.16099,6.39351],[81.15969,6.39287],[81.15838,6.39249],[81.15689,6.39257],[81.15555,6.39308],[81.15424,6.3939],[81.15355,6.39529],[81.15375,6.39669],[81.15315,6.39801],[81.15204,6.39903],[81.15059,6.39966],[81.1498,6.39959],[81.14906,6.39935],[81.14785,6.3989],[81.14751,6.39758],[81.14676,6.39651],[81.14546,6.3965],[81.14462,6.39753],[81.14434,6.39889],[81.1443,6.40019],[81.14404,6.4016],[81.14343,6.4028],[81.14265,6.40419],[81.14227,6.40551],[81.14249,6.40818],[81.14227,6.40947],[81.14167,6.41064],[81.14071,6.4115],[81.13958,6.41221],[81.13856,6.41326],[81.13784,6.41442],[81.13792,6.41583],[81.13808,6.41717],[81.13794,6.41862],[81.13756,6.41996],[81.13687,6.42106],[81.13555,6.42135],[81.13425,6.42123],[81.13166,6.4213],[81.13013,6.42114],[81.12885,6.42073],[81.1276,6.42044],[81.12622,6.42055],[81.12487,6.4206],[81.12348,6.42076],[81.12216,6.42098],[81.12079,6.42084],[81.11945,6.42051],[81.11817,6.4203],[81.11545,6.42054],[81.11407,6.42035],[81.11369,6.42076],[81.11209,6.42088],[81.11049,6.42093],[81.10893,6.42069],[81.1072,6.42018],[81.10563,6.42016],[81.10417,6.41967],[81.10274,6.41897],[81.10124,6.41829],[81.09972,6.41857],[81.09836,6.41966],[81.09712,6.42075],[81.09429,6.42258],[81.09267,6.42313],[81.09076,6.4237],[81.0891,6.42413],[81.08727,6.42414],[81.08562,6.42395],[81.08382,6.42381],[81.08215,6.42391],[81.08037,6.42426],[81.07871,6.42419],[81.07709,6.42346],[81.07549,6.42294],[81.07384,6.42249],[81.07091,6.4238],[81.07045,6.42227],[81.07078,6.42066],[81.06997,6.41932],[81.06874,6.41818],[81.06771,6.41702],[81.06731,6.41552],[81.06729,6.41389],[81.06575,6.4135],[81.06434,6.41288],[81.06302,6.41194],[81.06161,6.41132],[81.06009,6.41166],[81.05891,6.41277],[81.0576,6.41381],[81.05605,6.41466],[81.05455,6.41529],[81.05341,6.41642],[81.05273,6.4179],[81.05178,6.41921],[81.05104,6.42057],[81.05062,6.42205],[81.04907,6.42178],[81.04943,6.42022],[81.05033,6.41893],[81.05123,6.41745],[81.0509,6.41593],[81.04985,6.4146],[81.04875,6.41335],[81.04907,6.41168],[81.0495,6.41016],[81.04972,6.40846],[81.04944,6.4068],[81.04774,6.40409],[81.04686,6.40285],[81.04582,6.40154],[81.04457,6.40034],[81.04324,6.39916],[81.04211,6.39806],[81.04103,6.39691],[81.03878,6.39425],[81.03789,6.39261],[81.03702,6.3913],[81.03548,6.3914],[81.03423,6.3924],[81.03288,6.39337],[81.03134,6.39357],[81.02979,6.39321],[81.02808,6.39335],[81.02669,6.39409],[81.02502,6.39415],[81.02319,6.39414],[81.0215,6.39449],[81.01996,6.39494],[81.01485,6.39599],[81.01323,6.396],[81.01186,6.39514],[81.01174,6.39352],[81.01115,6.39193],[81.01015,6.39054],[81.00896,6.38932],[81.00827,6.38778],[81.00818,6.38616],[81.00843,6.38449],[81.00882,6.38291],[81.00826,6.38142],[81.00704,6.38036],[81.00674,6.37885],[81.00683,6.37724],[81.0071,6.37564],[81.00726,6.37403],[81.00712,6.37248],[81.00709,6.37069],[81.00746,6.36918],[81.00869,6.36803],[81.01028,6.36801],[81.01183,6.3685],[81.01346,6.3691],[81.01504,6.3687],[81.01553,6.3671],[81.01699,6.36635],[81.01853,6.36607],[81.01967,6.36296],[81.02073,6.36152],[81.0218,6.36039],[81.02255,6.35892],[81.02205,6.35721],[81.0211,6.35588],[81.02012,6.35426],[81.01978,6.35266],[81.01906,6.34603],[81.01817,6.3447],[81.01684,6.34386],[81.01546,6.34317],[81.01222,6.34212],[81.01073,6.34138],[81.00961,6.34012],[81.00818,6.33912],[81.00666,6.33848],[81.00494,6.33804],[81.00326,6.33775],[81.00144,6.33683],[81.00017,6.3358],[80.99867,6.335],[80.99699,6.33484],[80.99544,6.33479],[80.99388,6.33446],[80.99239,6.334],[80.99091,6.33337],[80.98953,6.33248],[80.98807,6.33167],[80.98646,6.33097],[80.98504,6.33007],[80.98388,6.32905],[80.98252,6.32831],[80.98089,6.32783],[80.97929,6.32748],[80.97797,6.32667],[80.97634,6.32624],[80.97468,6.32655],[80.97303,6.32661],[80.9713,6.32602],[80.96964,6.32539],[80.96795,6.32539],[80.96696,6.32418],[80.9668,6.32249],[80.96636,6.32081],[80.9653,6.31967],[80.96385,6.31878],[80.96092,6.31715],[80.95934,6.31616],[80.95606,6.31372],[80.95467,6.31302],[80.95333,6.31221],[80.95173,6.31132],[80.95026,6.31066],[80.94857,6.31008],[80.94702,6.31018],[80.94527,6.31003],[80.94384,6.30917],[80.94228,6.30837],[80.94079,6.30796],[80.93815,6.30596],[80.93662,6.30525],[80.93507,6.30511],[80.93378,6.30426],[80.9324,6.30352],[80.93074,6.30355],[80.92917,6.30335],[80.92804,6.30203],[80.92724,6.30182],[80.92457,6.30004],[80.92354,6.29877],[80.92278,6.29737],[80.92202,6.29682],[80.92139,6.29647],[80.92209,6.29569],[80.92316,6.29509],[80.92472,6.29467],[80.92648,6.29399],[80.92764,6.29267],[80.92836,6.29173],[80.92917,6.29058],[80.93011,6.28953],[80.93107,6.2883],[80.93157,6.28717],[80.93235,6.28536],[80.93317,6.28383],[80.93368,6.28203],[80.93436,6.28054],[80.93439,6.27896],[80.93326,6.27579],[80.93354,6.27415],[80.93415,6.27292],[80.93511,6.27236],[80.9365,6.27198],[80.93851,6.27231],[80.93924,6.27226],[80.93991,6.27203],[80.94126,6.27058],[80.94182,6.26907],[80.94154,6.26748],[80.94145,6.26588],[80.94181,6.2649],[80.94183,6.26312],[80.9414,6.26086],[80.94172,6.25931],[80.94266,6.25787],[80.94424,6.25669],[80.94598,6.25447],[80.94689,6.25304],[80.94738,6.25153],[80.94741,6.24994],[80.94739,6.24666],[80.94766,6.24506],[80.94853,6.24367],[80.94928,6.24226],[80.95091,6.24129],[80.95241,6.24053],[80.95314,6.23885],[80.95322,6.23705],[80.95207,6.23554],[80.9505,6.23484],[80.94971,6.2348],[80.94892,6.23497],[80.94676,6.23682],[80.94586,6.23619],[80.94421,6.23449],[80.94342,6.23312],[80.94253,6.23174],[80.94133,6.23066],[80.9402,6.22946],[80.93968,6.22795],[80.93809,6.22818],[80.9371,6.22943],[80.93599,6.23063],[80.93478,6.23174],[80.93392,6.23312],[80.93426,6.23473],[80.93401,6.2363],[80.93331,6.23774],[80.93239,6.23908],[80.93109,6.24007],[80.92946,6.24004],[80.92793,6.23958],[80.92637,6.23921],[80.92477,6.23944],[80.92316,6.23956],[80.92155,6.23926],[80.92008,6.23853],[80.91842,6.2383],[80.9168,6.23831],[80.91519,6.23801],[80.9136,6.23793],[80.91035,6.23806],[80.9089,6.23874],[80.90637,6.24075],[80.90364,6.2426],[80.9022,6.24327],[80.9006,6.24374],[80.89747,6.24482],[80.89631,6.24595],[80.89531,6.24728],[80.89405,6.2483],[80.89257,6.24908],[80.89097,6.24909],[80.88953,6.24827],[80.8864,6.24729],[80.88484,6.24666],[80.88346,6.24575],[80.88199,6.24635],[80.88108,6.24766],[80.87986,6.24878],[80.87894,6.25014],[80.87876,6.25173],[80.87848,6.25336],[80.87761,6.25477],[80.87649,6.25598],[80.87551,6.25729],[80.87447,6.25851],[80.87347,6.25978],[80.87276,6.26126],[80.87199,6.26272],[80.87031,6.26551],[80.86918,6.26672],[80.86803,6.26786],[80.86672,6.26878],[80.86518,6.26933],[80.86187,6.26941],[80.86036,6.26991],[80.85925,6.27106],[80.85793,6.272],[80.85636,6.27224],[80.85475,6.27224],[80.85316,6.27201],[80.85159,6.27146],[80.85016,6.27059],[80.84874,6.2699],[80.84718,6.26955],[80.84556,6.26925],[80.84393,6.26928],[80.84242,6.26983],[80.84079,6.26984],[80.83921,6.26974],[80.83762,6.26947],[80.83625,6.26856],[80.83468,6.26828],[80.83328,6.26912],[80.83162,6.2691],[80.8301,6.26843],[80.82884,6.26741],[80.82782,6.26611],[80.8262,6.2658],[80.82464,6.26544],[80.82306,6.26571],[80.82146,6.26583],[80.81984,6.26564],[80.81819,6.2658],[80.81694,6.26679],[80.81529,6.26672],[80.81369,6.26651],[80.81212,6.26629],[80.80894,6.26568],[80.80734,6.26579],[80.80588,6.26649],[80.80407,6.26726],[80.80287,6.26755],[80.80123,6.26744],[80.79962,6.26715],[80.79802,6.26709],[80.79648,6.26745],[80.79496,6.268],[80.7934,6.26834],[80.79179,6.26851],[80.7902,6.26889],[80.78865,6.2693],[80.78714,6.26995],[80.78587,6.27092],[80.78436,6.27375],[80.7831,6.27478],[80.78161,6.27537],[80.78001,6.27568],[80.77844,6.27606],[80.77691,6.27655],[80.77535,6.27688],[80.77374,6.27754],[80.77215,6.27858],[80.77096,6.27965],[80.7694,6.27995],[80.76779,6.28007],[80.76615,6.28008],[80.76454,6.28023],[80.76289,6.28025],[80.76129,6.2806],[80.75976,6.2811],[80.75829,6.2818],[80.75731,6.28309],[80.75604,6.28402],[80.75444,6.28433],[80.7529,6.28483],[80.75028,6.28664],[80.7488,6.28728],[80.74722,6.2877],[80.74561,6.28789],[80.74416,6.28854],[80.74264,6.28901],[80.74114,6.28961],[80.73989,6.29059],[80.73786,6.29311],[80.73658,6.29409],[80.73388,6.29595],[80.73239,6.29657],[80.73077,6.29663],[80.72917,6.29662],[80.72759,6.29695],[80.72617,6.29771],[80.72488,6.29866],[80.72348,6.29946],[80.72198,6.30005],[80.72035,6.30026],[80.71861,6.30041],[80.71814,6.30038],[80.71758,6.30029],[80.71702,6.30015],[80.71647,6.30009],[80.71487,6.30012],[80.71435,6.30017],[80.71343,6.30034],[80.71181,6.30078],[80.70992,6.30319],[80.70842,6.30454],[80.70765,6.30507],[80.70665,6.30559],[80.70399,6.30651],[80.70215,6.30706],[80.7002,6.3074],[80.69926,6.30773],[80.69835,6.30798],[80.69641,6.30822],[80.6953,6.30827],[80.69438,6.30816],[80.69341,6.30797],[80.69241,6.30765],[80.69118,6.30738],[80.69052,6.30739],[80.68963,6.30762],[80.68584,6.30752],[80.68497,6.30715],[80.68404,6.30712],[80.68305,6.30699],[80.68019,6.30601],[80.67929,6.30581],[80.6783,6.30567],[80.67536,6.30538],[80.67433,6.30519],[80.6723,6.30526],[80.67138,6.30546],[80.67006,6.30603]]]}},{"type":"Feature","properties":{"slug":"matara","name":"Matara","district_id":8,"iso":"LK-32"},"geometry":{"type":"Polygon","coordinates":[[[80.3818,5.96526],[80.38201,5.96527],[80.38214,5.96535],[80.38258,5.96548],[80.38291,5.96547],[80.38325,5.96534],[80.38347,5.96521],[80.38359,5.96503],[80.38356,5.96484],[80.38335,5.96487],[80.38332,5.96478],[80.38378,5.96466],[80.38382,5.96475],[80.38372,5.96481],[80.38373,5.9649],[80.3838,5.96495],[80.38415,5.96494],[80.38458,5.96478],[80.38439,5.96467],[80.38439,5.96463],[80.38443,5.96461],[80.3846,5.96469],[80.38476,5.96476],[80.38522,5.96459],[80.38592,5.96452],[80.38664,5.96451],[80.38765,5.96473],[80.38799,5.9648],[80.38858,5.96494],[80.3894,5.96504],[80.38992,5.96504],[80.39034,5.96501],[80.39059,5.96487],[80.39087,5.96468],[80.39122,5.96443],[80.39138,5.9641],[80.3914,5.96407],[80.39129,5.9638],[80.39125,5.96357],[80.3913,5.96349],[80.39164,5.96348],[80.39192,5.96351],[80.39219,5.96346],[80.39269,5.96327],[80.39339,5.96296],[80.3937,5.96264],[80.39501,5.96234],[80.39543,5.96214],[80.39568,5.96204],[80.3961,5.96177],[80.39643,5.96137],[80.39715,5.96136],[80.39822,5.96084],[80.39832,5.9607],[80.39848,5.96046],[80.39902,5.96059],[80.39937,5.96054],[80.39979,5.96046],[80.40015,5.96036],[80.40081,5.96025],[80.40171,5.96006],[80.40218,5.95996],[80.40257,5.95986],[80.40335,5.95946],[80.404,5.95933],[80.40434,5.95929],[80.40468,5.9593],[80.4051,5.95908],[80.40521,5.95895],[80.40551,5.95883],[80.40581,5.95878],[80.40602,5.95873],[80.40632,5.95853],[80.4064,5.95828],[80.40675,5.95817],[80.40741,5.95819],[80.40767,5.95831],[80.40796,5.95832],[80.40834,5.95822],[80.4087,5.95809],[80.40922,5.95793],[80.40925,5.95793],[80.4093,5.95785],[80.40952,5.95733],[80.40983,5.95714],[80.41047,5.95764],[80.41098,5.9579],[80.41113,5.9581],[80.41121,5.9583],[80.41155,5.95868],[80.41211,5.95876],[80.41268,5.9588],[80.41291,5.95863],[80.41297,5.95828],[80.41341,5.95815],[80.41372,5.95771],[80.41426,5.95715],[80.41466,5.95718],[80.41592,5.95725],[80.41637,5.95723],[80.41662,5.95709],[80.4176,5.95601],[80.41768,5.95572],[80.41759,5.95553],[80.41734,5.95545],[80.41736,5.95522],[80.41718,5.95493],[80.41744,5.95464],[80.41786,5.95501],[80.41812,5.95508],[80.41834,5.95502],[80.41858,5.95472],[80.41872,5.95565],[80.41854,5.95586],[80.41857,5.95605],[80.41892,5.95632],[80.41925,5.95638],[80.41961,5.95642],[80.41998,5.95632],[80.42014,5.95648],[80.42028,5.95687],[80.4201,5.95716],[80.42002,5.95744],[80.42013,5.95767],[80.4202,5.95774],[80.4203,5.95779],[80.42032,5.95792],[80.42032,5.95813],[80.42029,5.95826],[80.42014,5.95839],[80.42011,5.9585],[80.42013,5.95862],[80.42028,5.95884],[80.4206,5.95911],[80.42094,5.95927],[80.42133,5.95926],[80.42169,5.95929],[80.42174,5.95947],[80.42175,5.95968],[80.42173,5.96003],[80.4216,5.96029],[80.42147,5.96049],[80.4212,5.9614],[80.4212,5.9616],[80.42119,5.96242],[80.42118,5.96301],[80.42157,5.96428],[80.42193,5.96482],[80.4226,5.9655],[80.42281,5.96528],[80.42286,5.96535],[80.42261,5.96563],[80.42284,5.96615],[80.42436,5.96795],[80.42478,5.96818],[80.42541,5.96829],[80.4254,5.96869],[80.42561,5.96941],[80.42617,5.97035],[80.42687,5.97091],[80.42735,5.9711],[80.42792,5.9713],[80.42949,5.97164],[80.43089,5.97181],[80.43336,5.97198],[80.43369,5.972],[80.43536,5.97246],[80.43634,5.97263],[80.43674,5.97261],[80.43796,5.97249],[80.4392,5.97211],[80.44155,5.9708],[80.4451,5.96951],[80.44687,5.96881],[80.44904,5.96785],[80.4501,5.96688],[80.45211,5.96496],[80.45394,5.96329],[80.45381,5.96282],[80.45372,5.96248],[80.45386,5.96165],[80.45441,5.96061],[80.45461,5.96019],[80.45466,5.95962],[80.45463,5.95916],[80.45451,5.95911],[80.45402,5.95891],[80.45372,5.9588],[80.45357,5.95838],[80.45359,5.95796],[80.45322,5.95723],[80.45277,5.95701],[80.4527,5.95695],[80.4523,5.95672],[80.45225,5.95632],[80.45205,5.95626],[80.4518,5.95627],[80.4515,5.95627],[80.45142,5.95617],[80.45144,5.95585],[80.45177,5.95539],[80.4519,5.9551],[80.45215,5.9545],[80.45237,5.95407],[80.45268,5.9532],[80.45292,5.95226],[80.45306,5.95165],[80.45292,5.95041],[80.4523,5.94934],[80.45217,5.94922],[80.452,5.94912],[80.45181,5.949],[80.45166,5.94895],[80.45117,5.94885],[80.45127,5.94866],[80.45191,5.9482],[80.45175,5.94788],[80.45156,5.94781],[80.45122,5.94736],[80.4509,5.94698],[80.45047,5.94697],[80.44943,5.94698],[80.44829,5.94771],[80.44889,5.94858],[80.45004,5.94909],[80.45052,5.94987],[80.45072,5.95022],[80.45064,5.95026],[80.44987,5.94924],[80.44856,5.9486],[80.44776,5.94743],[80.44775,5.94726],[80.44596,5.94721],[80.44411,5.94661],[80.44372,5.94652],[80.44456,5.94631],[80.44459,5.94613],[80.44483,5.94617],[80.4454,5.94642],[80.44598,5.94634],[80.44607,5.94621],[80.44665,5.9461],[80.44667,5.94629],[80.4471,5.94622],[80.44747,5.94578],[80.44741,5.94551],[80.44691,5.94556],[80.44682,5.94518],[80.44723,5.94509],[80.44724,5.94489],[80.44856,5.94409],[80.44883,5.94391],[80.44903,5.94379],[80.44925,5.94366],[80.44945,5.94356],[80.4496,5.94348],[80.44979,5.94334],[80.44999,5.94323],[80.45014,5.94308],[80.45025,5.94318],[80.45027,5.94328],[80.45052,5.94354],[80.45083,5.94364],[80.45109,5.94349],[80.45126,5.94334],[80.45147,5.94324],[80.45168,5.94299],[80.45201,5.94231],[80.45294,5.942],[80.45322,5.94187],[80.45345,5.94166],[80.4535,5.94148],[80.45384,5.9412],[80.45405,5.94157],[80.45458,5.94162],[80.45496,5.94187],[80.45505,5.94218],[80.45489,5.94267],[80.45475,5.94302],[80.45473,5.94317],[80.4547,5.94389],[80.45477,5.94395],[80.45503,5.94412],[80.45534,5.94427],[80.45562,5.94424],[80.45586,5.94423],[80.45604,5.94431],[80.45621,5.94436],[80.45682,5.94455],[80.45747,5.9447],[80.45864,5.94459],[80.45975,5.94425],[80.46015,5.94406],[80.46058,5.9439],[80.46119,5.94349],[80.46166,5.94313],[80.46199,5.94282],[80.46214,5.94259],[80.46222,5.94237],[80.46257,5.94244],[80.46276,5.94256],[80.46317,5.94261],[80.46335,5.94265],[80.46376,5.94259],[80.46411,5.94244],[80.46473,5.94214],[80.46489,5.94169],[80.46513,5.94131],[80.46543,5.94141],[80.46569,5.94137],[80.46597,5.94131],[80.46628,5.94124],[80.46641,5.94121],[80.46678,5.94105],[80.46689,5.94105],[80.46724,5.94093],[80.46738,5.94082],[80.46788,5.94046],[80.468,5.94022],[80.46822,5.93999],[80.46831,5.93985],[80.46833,5.93972],[80.46819,5.9396],[80.468,5.93949],[80.46788,5.93938],[80.46785,5.93928],[80.46808,5.93902],[80.46837,5.93889],[80.46855,5.93888],[80.46874,5.93893],[80.46893,5.93893],[80.46951,5.93883],[80.46978,5.93873],[80.47015,5.93863],[80.4709,5.93854],[80.47163,5.93821],[80.47202,5.93812],[80.47228,5.93813],[80.47256,5.93813],[80.47276,5.93809],[80.47299,5.93804],[80.47345,5.93777],[80.47367,5.93759],[80.47383,5.93748],[80.47426,5.93739],[80.4746,5.93744],[80.47485,5.93744],[80.47493,5.93742],[80.47558,5.9373],[80.47582,5.93734],[80.47627,5.93734],[80.47666,5.9373],[80.47684,5.93727],[80.47804,5.937],[80.47856,5.93694],[80.47876,5.93695],[80.47905,5.93701],[80.47915,5.93706],[80.47924,5.93707],[80.47973,5.937],[80.48021,5.93691],[80.48073,5.937],[80.48112,5.93696],[80.48148,5.93686],[80.48187,5.93683],[80.48217,5.93684],[80.48233,5.93688],[80.48367,5.93726],[80.4841,5.93727],[80.48417,5.93724],[80.48453,5.93703],[80.4848,5.93692],[80.48557,5.93682],[80.48611,5.93705],[80.4866,5.93737],[80.48715,5.93786],[80.48828,5.93868],[80.4891,5.93913],[80.49034,5.93965],[80.49097,5.93983],[80.49126,5.93987],[80.49153,5.93989],[80.49204,5.93997],[80.49231,5.94],[80.4926,5.94003],[80.49316,5.94015],[80.49383,5.94023],[80.49449,5.94019],[80.4951,5.94],[80.49555,5.93984],[80.49581,5.93979],[80.49633,5.93962],[80.49711,5.93952],[80.49758,5.93948],[80.49807,5.93922],[80.49828,5.93906],[80.49841,5.93901],[80.49857,5.939],[80.49996,5.93924],[80.50078,5.93942],[80.50167,5.9394],[80.50227,5.93894],[80.50285,5.93863],[80.50314,5.93829],[80.50378,5.93804],[80.5042,5.93779],[80.50455,5.93754],[80.50497,5.93725],[80.50631,5.93717],[80.50697,5.93708],[80.50765,5.93706],[80.50819,5.9371],[80.50873,5.93714],[80.50928,5.93707],[80.50954,5.93713],[80.50984,5.93715],[80.5101,5.9371],[80.51035,5.93695],[80.51052,5.93675],[80.51076,5.93661],[80.51101,5.93661],[80.51126,5.93669],[80.51145,5.9368],[80.51167,5.93686],[80.51201,5.93679],[80.51234,5.93666],[80.51309,5.93664],[80.51341,5.93648],[80.51398,5.93622],[80.51453,5.9363],[80.51477,5.93639],[80.51505,5.93644],[80.51548,5.93629],[80.51583,5.93608],[80.51687,5.93603],[80.51717,5.936],[80.5179,5.93582],[80.51886,5.93582],[80.51967,5.93542],[80.5209,5.93547],[80.522,5.9356],[80.52329,5.93616],[80.52366,5.93629],[80.52433,5.93605],[80.52485,5.9363],[80.52554,5.9362],[80.5261,5.9359],[80.52646,5.93593],[80.52655,5.93618],[80.52676,5.93644],[80.52764,5.93659],[80.52802,5.93675],[80.52822,5.9368],[80.5284,5.93695],[80.52849,5.9374],[80.52863,5.93768],[80.52883,5.93786],[80.52914,5.93828],[80.52928,5.93852],[80.52943,5.93857],[80.52957,5.93853],[80.53077,5.93877],[80.53145,5.93807],[80.53168,5.93794],[80.53204,5.93766],[80.53218,5.93744],[80.5324,5.93737],[80.53268,5.93762],[80.53313,5.93754],[80.53313,5.93791],[80.53406,5.93839],[80.53431,5.93836],[80.53456,5.93839],[80.53498,5.9387],[80.53581,5.93934],[80.53694,5.93972],[80.53732,5.93982],[80.53735,5.94002],[80.53741,5.94027],[80.53895,5.94134],[80.5393,5.94135],[80.53964,5.94147],[80.54034,5.94181],[80.54097,5.94223],[80.54219,5.94271],[80.54349,5.94311],[80.54609,5.94294],[80.5487,5.94267],[80.5493,5.94234],[80.55034,5.94242],[80.5573,5.94149],[80.55941,5.94097],[80.56147,5.94041],[80.564,5.93997],[80.56439,5.93974],[80.56497,5.93989],[80.56832,5.93902],[80.57302,5.93761],[80.57332,5.93719],[80.57312,5.93695],[80.57316,5.93638],[80.57358,5.93585],[80.57405,5.93564],[80.57536,5.93583],[80.57775,5.93464],[80.58225,5.93114],[80.58234,5.93108],[80.58242,5.93095],[80.58435,5.92763],[80.5846,5.92666],[80.58473,5.92616],[80.5847,5.9259],[80.58455,5.92565],[80.58364,5.92523],[80.58269,5.92446],[80.58257,5.92434],[80.58255,5.92426],[80.58256,5.92421],[80.58262,5.92418],[80.5827,5.92422],[80.58293,5.92441],[80.58313,5.92455],[80.58361,5.92499],[80.58383,5.92506],[80.58444,5.92538],[80.5847,5.92519],[80.58479,5.92491],[80.58488,5.92489],[80.58497,5.92494],[80.58501,5.9251],[80.58519,5.92497],[80.58536,5.92466],[80.58545,5.92441],[80.58544,5.92418],[80.58544,5.92392],[80.58543,5.92338],[80.58542,5.92272],[80.58551,5.92197],[80.58558,5.92157],[80.58554,5.92146],[80.58531,5.92121],[80.58529,5.92119],[80.58528,5.92118],[80.58536,5.92107],[80.58528,5.92095],[80.58512,5.92081],[80.58476,5.92053],[80.58379,5.92063],[80.5837,5.92075],[80.5831,5.92149],[80.583,5.92151],[80.58282,5.92202],[80.58267,5.92265],[80.5826,5.92279],[80.5825,5.9229],[80.58204,5.92327],[80.58198,5.92329],[80.58192,5.92327],[80.5819,5.9232],[80.58194,5.92315],[80.58215,5.92299],[80.58221,5.9229],[80.58237,5.92275],[80.58245,5.9226],[80.58257,5.92218],[80.58255,5.92203],[80.58267,5.92192],[80.58272,5.9218],[80.58277,5.9216],[80.58295,5.92126],[80.58305,5.92114],[80.58308,5.92108],[80.58307,5.921],[80.58309,5.92093],[80.58315,5.92089],[80.58326,5.92089],[80.58391,5.92016],[80.58387,5.9199],[80.58397,5.91976],[80.58464,5.91953],[80.58494,5.91932],[80.5851,5.91894],[80.58521,5.91893],[80.58549,5.91917],[80.58529,5.91937],[80.58512,5.9197],[80.58506,5.91998],[80.58519,5.92008],[80.58536,5.92017],[80.58579,5.91991],[80.58642,5.91981],[80.58676,5.91994],[80.58706,5.92021],[80.5873,5.92009],[80.5875,5.91994],[80.58752,5.91974],[80.58731,5.91964],[80.58742,5.91942],[80.58804,5.91936],[80.5885,5.91956],[80.58909,5.9197],[80.5896,5.91958],[80.58997,5.91932],[80.59096,5.91906],[80.59149,5.91902],[80.59199,5.91907],[80.5922,5.91934],[80.59225,5.9197],[80.5925,5.91993],[80.59288,5.92007],[80.59307,5.91978],[80.59322,5.91965],[80.59341,5.91957],[80.59384,5.91956],[80.59402,5.91941],[80.59414,5.91935],[80.59426,5.91936],[80.59433,5.9194],[80.59436,5.91945],[80.59438,5.91953],[80.59435,5.91959],[80.59423,5.91967],[80.59409,5.91971],[80.59402,5.91986],[80.59392,5.91995],[80.59384,5.92007],[80.59382,5.92026],[80.59386,5.92045],[80.59413,5.92073],[80.59431,5.92089],[80.59443,5.92108],[80.59447,5.92133],[80.59444,5.92158],[80.5943,5.92187],[80.59423,5.92187],[80.59417,5.92187],[80.5941,5.92177],[80.594,5.92168],[80.59388,5.92165],[80.59372,5.92157],[80.5937,5.92148],[80.59358,5.92142],[80.59354,5.92149],[80.59345,5.92152],[80.59336,5.92149],[80.59318,5.92155],[80.59304,5.92175],[80.5929,5.92222],[80.59293,5.92245],[80.59295,5.92259],[80.59361,5.92281],[80.59438,5.92334],[80.59439,5.92354],[80.5943,5.92364],[80.59439,5.9237],[80.5944,5.92378],[80.59431,5.92381],[80.59432,5.92409],[80.59407,5.92436],[80.59401,5.92454],[80.59428,5.92544],[80.59465,5.92585],[80.59495,5.92608],[80.59533,5.92616],[80.59568,5.92615],[80.59624,5.9254],[80.5978,5.92525],[80.59902,5.92522],[80.59944,5.92638],[80.59984,5.92556],[80.60073,5.92556],[80.60152,5.92583],[80.6017,5.92738],[80.6022,5.92757],[80.60279,5.92679],[80.60355,5.92634],[80.60682,5.92779],[80.60697,5.92822],[80.6077,5.92846],[80.60868,5.92877],[80.60999,5.92899],[80.61061,5.92918],[80.61119,5.92946],[80.61143,5.92963],[80.61172,5.9298],[80.61239,5.93001],[80.61306,5.9302],[80.61334,5.93035],[80.61353,5.9306],[80.61351,5.9311],[80.61335,5.93161],[80.61332,5.93187],[80.61325,5.93212],[80.61313,5.93237],[80.61307,5.93257],[80.61316,5.9327],[80.61333,5.93282],[80.6134,5.93284],[80.61356,5.93289],[80.61372,5.93285],[80.61386,5.93279],[80.61398,5.93265],[80.61405,5.93258],[80.61409,5.93247],[80.61418,5.93235],[80.61431,5.93229],[80.61449,5.93231],[80.61464,5.93221],[80.6147,5.93209],[80.61494,5.93199],[80.61507,5.93182],[80.61542,5.9308],[80.61555,5.93055],[80.61552,5.9304],[80.61558,5.93025],[80.61598,5.93021],[80.61641,5.9303],[80.61657,5.93047],[80.61667,5.93068],[80.61676,5.93112],[80.61687,5.93144],[80.61718,5.93167],[80.61731,5.93187],[80.6175,5.93204],[80.61774,5.93206],[80.61797,5.93199],[80.61877,5.93223],[80.61935,5.93251],[80.61961,5.9325],[80.61984,5.93239],[80.62002,5.93251],[80.62013,5.9327],[80.6201,5.93291],[80.61998,5.93314],[80.62011,5.93334],[80.62004,5.93366],[80.61989,5.93372],[80.61973,5.93389],[80.61969,5.93398],[80.61967,5.93413],[80.61979,5.93442],[80.61978,5.93458],[80.61972,5.93474],[80.6195,5.93492],[80.61929,5.93503],[80.61906,5.93512],[80.61852,5.93519],[80.61821,5.93528],[80.61795,5.93543],[80.61782,5.93546],[80.6177,5.93544],[80.61762,5.93534],[80.61754,5.93531],[80.61747,5.93533],[80.61733,5.93558],[80.61723,5.93585],[80.6172,5.93618],[80.61723,5.93652],[80.61729,5.93688],[80.61738,5.93729],[80.61751,5.93768],[80.6177,5.93805],[80.61791,5.93825],[80.61817,5.93833],[80.61838,5.93842],[80.61857,5.93858],[80.61874,5.93901],[80.61893,5.93918],[80.61917,5.93923],[80.61964,5.93921],[80.61984,5.939],[80.61996,5.93886],[80.62014,5.93881],[80.62039,5.93854],[80.62042,5.93837],[80.62054,5.93821],[80.62076,5.93828],[80.62093,5.9384],[80.62111,5.93871],[80.6213,5.93891],[80.62142,5.93915],[80.62136,5.93942],[80.62136,5.93968],[80.62148,5.94022],[80.62153,5.94072],[80.62156,5.94087],[80.62165,5.94103],[80.62186,5.94116],[80.62198,5.94128],[80.62204,5.94141],[80.62201,5.94149],[80.62202,5.94156],[80.62206,5.94163],[80.62213,5.94167],[80.62219,5.94185],[80.6222,5.94212],[80.62207,5.94238],[80.62193,5.94251],[80.62182,5.94256],[80.62171,5.94256],[80.62161,5.94252],[80.62147,5.94254],[80.62133,5.94281],[80.62126,5.94312],[80.62131,5.94346],[80.62143,5.94384],[80.62264,5.9453],[80.62521,5.9465],[80.62672,5.94688],[80.62914,5.94695],[80.62943,5.94673],[80.62954,5.94644],[80.62944,5.94612],[80.62953,5.94583],[80.63012,5.94577],[80.63051,5.94537],[80.63098,5.94532],[80.63117,5.94565],[80.63124,5.94631],[80.63196,5.94643],[80.63299,5.94693],[80.63332,5.94664],[80.63327,5.9456],[80.63383,5.94539],[80.63444,5.94559],[80.63454,5.94618],[80.63449,5.94678],[80.63454,5.94721],[80.63476,5.94763],[80.6357,5.94796],[80.63614,5.94797],[80.63655,5.94788],[80.63685,5.94764],[80.63709,5.94736],[80.63718,5.94701],[80.63754,5.9468],[80.63764,5.94663],[80.63769,5.94643],[80.63758,5.94609],[80.63722,5.94607],[80.63692,5.94595],[80.63683,5.94555],[80.63698,5.94518],[80.63764,5.94499],[80.63834,5.94523],[80.63895,5.94582],[80.63929,5.946],[80.6397,5.94593],[80.63978,5.94546],[80.63958,5.9451],[80.63913,5.94491],[80.63906,5.94413],[80.63939,5.94397],[80.63979,5.94405],[80.64025,5.94419],[80.64062,5.94446],[80.64079,5.94476],[80.64075,5.94507],[80.6413,5.94503],[80.64158,5.94512],[80.64171,5.94532],[80.64189,5.94558],[80.64177,5.9459],[80.6414,5.94624],[80.64108,5.94648],[80.64127,5.94707],[80.64143,5.94755],[80.64132,5.94832],[80.6416,5.9495],[80.64215,5.95028],[80.64291,5.95127],[80.64363,5.9525],[80.64533,5.95338],[80.64628,5.95336],[80.6472,5.95299],[80.64753,5.95315],[80.64776,5.95341],[80.64814,5.954],[80.64948,5.95479],[80.65382,5.95562],[80.65387,5.95563],[80.65479,5.95581],[80.65629,5.95622],[80.65702,5.95638],[80.65782,5.95643],[80.65837,5.95647],[80.65887,5.95632],[80.65911,5.95631],[80.65938,5.95635],[80.65991,5.95653],[80.66082,5.95684],[80.66607,5.95767],[80.67011,5.95885],[80.6731,5.95947],[80.6741,5.95944],[80.67479,5.95913],[80.67634,5.95861],[80.67701,5.95847],[80.67749,5.95828],[80.67807,5.95825],[80.67857,5.95829],[80.67871,5.95843],[80.6789,5.95844],[80.67916,5.95856],[80.67934,5.95867],[80.6793,5.95881],[80.67911,5.95899],[80.67912,5.95903],[80.67913,5.95905],[80.67918,5.95911],[80.67933,5.95934],[80.67958,5.95949],[80.67996,5.95962],[80.6803,5.9597],[80.68068,5.9598],[80.68093,5.95981],[80.68117,5.9598],[80.68149,5.95969],[80.68171,5.95951],[80.68184,5.95931],[80.68192,5.95902],[80.68187,5.95889],[80.6819,5.95878],[80.6824,5.95859],[80.68286,5.95858],[80.68298,5.95869],[80.68301,5.95882],[80.68264,5.95921],[80.6828,5.9596],[80.68319,5.95981],[80.68347,5.95989],[80.68372,5.95994],[80.68382,5.95995],[80.6839,5.95995],[80.68412,5.95996],[80.68451,5.95994],[80.68494,5.95986],[80.68515,5.95977],[80.68539,5.95962],[80.68562,5.95936],[80.6857,5.95921],[80.68569,5.95913],[80.68568,5.95906],[80.6855,5.95877],[80.6853,5.95869],[80.68522,5.95854],[80.68544,5.95824],[80.68616,5.95815],[80.68642,5.95824],[80.68663,5.95832],[80.68673,5.95843],[80.6868,5.95854],[80.68679,5.95869],[80.68675,5.95885],[80.6867,5.95912],[80.68661,5.95977],[80.6866,5.96],[80.68664,5.96052],[80.68672,5.96072],[80.68686,5.96105],[80.68717,5.96153],[80.68743,5.96176],[80.68762,5.96195],[80.68826,5.96238],[80.68859,5.96248],[80.68886,5.96257],[80.69118,5.96267],[80.6919,5.9627],[80.69417,5.9628],[80.69497,5.96302],[80.69596,5.96325],[80.69739,5.96341],[80.69819,5.96322],[80.69889,5.9628],[80.69949,5.96214],[80.70005,5.96131],[80.70016,5.96063],[80.70006,5.96042],[80.69978,5.96031],[80.69935,5.96015],[80.69894,5.9599],[80.69899,5.95959],[80.69915,5.95958],[80.69937,5.95948],[80.69951,5.95924],[80.69954,5.95921],[80.69968,5.9593],[80.6999,5.95921],[80.70032,5.95935],[80.70059,5.95936],[80.70098,5.95917],[80.70132,5.95924],[80.70141,5.95914],[80.70182,5.95899],[80.70209,5.95909],[80.70228,5.95896],[80.70242,5.9592],[80.70271,5.95923],[80.70307,5.95926],[80.70335,5.95938],[80.70347,5.9594],[80.70359,5.9592],[80.70379,5.95913],[80.7039,5.95928],[80.70406,5.95908],[80.70417,5.95913],[80.70426,5.95936],[80.7045,5.95922],[80.70468,5.95916],[80.70475,5.95916],[80.70478,5.95934],[80.70502,5.95919],[80.70514,5.95916],[80.70526,5.95917],[80.70539,5.95939],[80.70558,5.95931],[80.70578,5.95928],[80.70588,5.95944],[80.70603,5.95936],[80.70612,5.95925],[80.70617,5.95938],[80.70629,5.95939],[80.70646,5.9593],[80.70653,5.95934],[80.70672,5.95922],[80.70687,5.95945],[80.70696,5.95964],[80.70695,5.95981],[80.70712,5.95979],[80.70724,5.95988],[80.70733,5.96012],[80.70735,5.9603],[80.70735,5.96053],[80.7073,5.96078],[80.70718,5.96106],[80.70701,5.96132],[80.70679,5.96156],[80.70662,5.96162],[80.70655,5.96175],[80.7066,5.96193],[80.70676,5.96212],[80.70696,5.9623],[80.70722,5.96246],[80.70737,5.96255],[80.70752,5.96262],[80.70778,5.96272],[80.70807,5.96275],[80.70847,5.9627],[80.70869,5.9626],[80.70887,5.9625],[80.70895,5.96245],[80.70911,5.96237],[80.70924,5.96226],[80.70934,5.96213],[80.70945,5.96201],[80.7095,5.9619],[80.70957,5.96182],[80.70961,5.96174],[80.7096,5.96165],[80.70958,5.96149],[80.70959,5.96132],[80.70945,5.96115],[80.7093,5.96105],[80.70919,5.9609],[80.70921,5.96071],[80.70926,5.96053],[80.70905,5.96036],[80.709,5.96012],[80.70915,5.95983],[80.7098,5.95967],[80.71045,5.95962],[80.71075,5.9597],[80.71101,5.95983],[80.71111,5.96005],[80.71125,5.96026],[80.71134,5.96038],[80.71149,5.96045],[80.71165,5.96046],[80.71182,5.96037],[80.71215,5.96022],[80.71241,5.96021],[80.71263,5.96043],[80.71273,5.96063],[80.71286,5.96074],[80.71301,5.96079],[80.71307,5.96088],[80.71315,5.96089],[80.71322,5.96086],[80.71339,5.96077],[80.7135,5.96053],[80.71362,5.96039],[80.71368,5.9602],[80.71372,5.96011],[80.71379,5.96],[80.71382,5.95985],[80.71398,5.95981],[80.71402,5.9599],[80.71399,5.95999],[80.71412,5.95977],[80.71433,5.95969],[80.71444,5.95985],[80.71449,5.95994],[80.71453,5.95982],[80.71466,5.95987],[80.71478,5.9601],[80.71497,5.95997],[80.71501,5.96002],[80.7151,5.95996],[80.7152,5.95995],[80.71529,5.96],[80.71529,5.96018],[80.71536,5.95999],[80.71554,5.95983],[80.71557,5.95995],[80.71575,5.95995],[80.71584,5.95996],[80.7158,5.96001],[80.71605,5.9599],[80.71611,5.95996],[80.71612,5.96004],[80.71632,5.96001],[80.71644,5.96012],[80.71655,5.96013],[80.71661,5.96007],[80.71681,5.95996],[80.71686,5.96001],[80.71677,5.96012],[80.71686,5.96021],[80.71699,5.96025],[80.71707,5.96014],[80.71712,5.96022],[80.71721,5.96022],[80.71723,5.96008],[80.71717,5.96001],[80.71723,5.95993],[80.71739,5.95998],[80.71734,5.96009],[80.71746,5.96018],[80.7178,5.96024],[80.71781,5.96038],[80.71797,5.96036],[80.7181,5.96045],[80.71806,5.96062],[80.71821,5.96059],[80.71808,5.96069],[80.71828,5.96063],[80.71848,5.96069],[80.71848,5.96081],[80.71839,5.96099],[80.71841,5.9612],[80.71844,5.96131],[80.71857,5.96136],[80.71867,5.96137],[80.71875,5.96136],[80.71885,5.96131],[80.71892,5.96126],[80.71899,5.96118],[80.719,5.96104],[80.71892,5.96094],[80.71881,5.96083],[80.71879,5.96073],[80.71879,5.96064],[80.71895,5.96059],[80.71905,5.96056],[80.7191,5.96053],[80.71899,5.96051],[80.71896,5.96047],[80.71903,5.96043],[80.71916,5.96046],[80.71956,5.96002],[80.71988,5.95981],[80.71979,5.95959],[80.7199,5.95945],[80.72005,5.95939],[80.72014,5.9594],[80.72029,5.95947],[80.72044,5.95957],[80.72055,5.95971],[80.72056,5.9598],[80.72046,5.95989],[80.72045,5.95995],[80.72052,5.95997],[80.7206,5.95989],[80.7207,5.95993],[80.72078,5.95991],[80.72085,5.95996],[80.72101,5.95983],[80.7212,5.95994],[80.72126,5.96002],[80.72133,5.95989],[80.72161,5.95975],[80.72176,5.95986],[80.72184,5.95986],[80.72203,5.95984],[80.72207,5.96003],[80.7222,5.96012],[80.72223,5.96009],[80.72224,5.96],[80.72231,5.95998],[80.72237,5.96003],[80.72248,5.96012],[80.72242,5.96024],[80.72231,5.96018],[80.72226,5.96024],[80.72225,5.96032],[80.72219,5.96042],[80.72215,5.96042],[80.72206,5.96064],[80.72198,5.96062],[80.72192,5.96053],[80.72184,5.96064],[80.72171,5.96063],[80.72144,5.96071],[80.7215,5.96094],[80.72153,5.96109],[80.72153,5.9612],[80.72149,5.96124],[80.72139,5.96102],[80.72129,5.96087],[80.72126,5.96102],[80.72108,5.96114],[80.72099,5.96125],[80.72103,5.96111],[80.72088,5.96118],[80.7206,5.96117],[80.72041,5.96123],[80.72026,5.96136],[80.72015,5.96144],[80.72006,5.96148],[80.71998,5.9616],[80.71991,5.96166],[80.71959,5.96144],[80.71941,5.96136],[80.7193,5.96136],[80.7192,5.96127],[80.71914,5.96132],[80.719,5.9614],[80.71878,5.96158],[80.71872,5.9617],[80.71862,5.9619],[80.71868,5.96212],[80.71856,5.96223],[80.7194,5.96289],[80.71931,5.963],[80.71868,5.96251],[80.7183,5.96284],[80.7181,5.96294],[80.71795,5.96309],[80.71785,5.96337],[80.71767,5.96377],[80.71759,5.96386],[80.71749,5.96392],[80.7174,5.9641],[80.71731,5.9643],[80.71731,5.9645],[80.71736,5.96465],[80.71747,5.96495],[80.71774,5.96535],[80.71791,5.96551],[80.71863,5.9661],[80.71854,5.96618],[80.71872,5.96629],[80.71894,5.96634],[80.7191,5.96635],[80.7192,5.96632],[80.71929,5.9663],[80.71952,5.96616],[80.71976,5.96598],[80.71984,5.96595],[80.7199,5.96598],[80.72006,5.96586],[80.72023,5.96571],[80.72028,5.96566],[80.7203,5.96549],[80.72033,5.96522],[80.72033,5.96505],[80.72029,5.96488],[80.72023,5.9647],[80.72016,5.96454],[80.72005,5.96429],[80.71996,5.96421],[80.71992,5.96412],[80.71994,5.96408],[80.71982,5.96381],[80.71979,5.96376],[80.71952,5.96382],[80.7195,5.96373],[80.71976,5.96367],[80.7197,5.96353],[80.71974,5.96352],[80.71991,5.96362],[80.72009,5.96401],[80.7202,5.96426],[80.72033,5.96457],[80.72047,5.96489],[80.72049,5.96498],[80.72049,5.96513],[80.72048,5.96537],[80.72046,5.96559],[80.72044,5.96568],[80.7204,5.96576],[80.72033,5.96583],[80.72025,5.9659],[80.71997,5.9661],[80.7199,5.96626],[80.71985,5.96633],[80.71979,5.96633],[80.71972,5.96632],[80.71965,5.96633],[80.71939,5.96651],[80.71909,5.96673],[80.71911,5.96677],[80.71912,5.96682],[80.71906,5.96689],[80.71897,5.96695],[80.71888,5.96704],[80.71882,5.96713],[80.7188,5.96724],[80.71882,5.96737],[80.71876,5.96746],[80.71882,5.9675],[80.71876,5.96756],[80.71879,5.96761],[80.71874,5.96764],[80.71879,5.96771],[80.7187,5.96778],[80.71864,5.96786],[80.7187,5.96791],[80.7186,5.96796],[80.71855,5.96798],[80.71847,5.96807],[80.71846,5.96811],[80.71846,5.96836],[80.71849,5.96837],[80.71848,5.96846],[80.71856,5.96857],[80.71857,5.9686],[80.71858,5.96874],[80.71905,5.96985],[80.71908,5.96998],[80.71908,5.96999],[80.71912,5.97012],[80.71918,5.97026],[80.71927,5.97036],[80.71939,5.97048],[80.71952,5.97058],[80.71966,5.97067],[80.71977,5.97073],[80.7199,5.97082],[80.71996,5.97086],[80.72011,5.97097],[80.72014,5.971],[80.7202,5.97107],[80.72014,5.97111],[80.7201,5.97116],[80.7201,5.97124],[80.72013,5.9713],[80.72015,5.97134],[80.7202,5.97141],[80.72026,5.97146],[80.72031,5.9715],[80.72037,5.97154],[80.72047,5.97158],[80.72053,5.97161],[80.7206,5.97163],[80.72069,5.97164],[80.72077,5.97162],[80.72076,5.9715],[80.72083,5.97148],[80.72089,5.97145],[80.72091,5.97141],[80.72088,5.97135],[80.7209,5.9713],[80.72108,5.97136],[80.72123,5.97144],[80.72136,5.97139],[80.72142,5.97139],[80.72149,5.97143],[80.72156,5.97151],[80.72163,5.97157],[80.72156,5.97167],[80.72148,5.97171],[80.7215,5.97173],[80.72156,5.97175],[80.72163,5.9718],[80.72167,5.97181],[80.72177,5.97184],[80.72182,5.97191],[80.7217,5.97194],[80.72176,5.97202],[80.72176,5.97214],[80.72179,5.97216],[80.72181,5.97219],[80.72178,5.97225],[80.72183,5.97227],[80.7218,5.97231],[80.72182,5.9724],[80.72185,5.97243],[80.72189,5.9725],[80.72192,5.97263],[80.72185,5.97264],[80.72186,5.97274],[80.72191,5.97288],[80.72197,5.97293],[80.72203,5.97294],[80.72215,5.97291],[80.72221,5.97298],[80.72224,5.97295],[80.7224,5.97302],[80.72253,5.97303],[80.72257,5.973],[80.72251,5.97291],[80.72255,5.97285],[80.72265,5.97304],[80.72277,5.97314],[80.72281,5.97317],[80.72289,5.97323],[80.72295,5.97327],[80.72308,5.97343],[80.72304,5.97349],[80.72308,5.97352],[80.72315,5.9736],[80.72321,5.97373],[80.72328,5.97381],[80.72322,5.9739],[80.72327,5.97398],[80.72316,5.97392],[80.72308,5.97395],[80.72314,5.97406],[80.72308,5.97419],[80.72303,5.97437],[80.72307,5.97456],[80.72308,5.97459],[80.72298,5.97477],[80.72288,5.97482],[80.72283,5.97493],[80.72287,5.97508],[80.72294,5.97532],[80.72284,5.97543],[80.72293,5.97546],[80.72293,5.97556],[80.72294,5.97572],[80.72294,5.97591],[80.72291,5.97611],[80.72271,5.97618],[80.72249,5.97621],[80.72229,5.97614],[80.72211,5.97636],[80.72208,5.97667],[80.72212,5.97699],[80.72221,5.97722],[80.72301,5.97802],[80.72412,5.97872],[80.72409,5.9788],[80.72384,5.9791],[80.72351,5.97937],[80.72322,5.97969],[80.7227,5.98043],[80.7223,5.98122],[80.72201,5.98157],[80.72122,5.98196],[80.72048,5.98246],[80.71963,5.98291],[80.71919,5.98319],[80.71802,5.98375],[80.71703,5.9846],[80.71665,5.9848],[80.71623,5.98495],[80.71581,5.98504],[80.7149,5.9851],[80.71448,5.98528],[80.71411,5.98556],[80.71381,5.98589],[80.71326,5.98661],[80.71277,5.98737],[80.71251,5.98771],[80.71214,5.98808],[80.71151,5.98875],[80.71116,5.98903],[80.71029,5.98943],[80.70905,5.98975],[80.7082,5.9899],[80.70692,5.9902],[80.70653,5.99032],[80.70606,5.99055],[80.70567,5.9908],[80.70495,5.9914],[80.70333,5.99302],[80.70292,5.99318],[80.702,5.99314],[80.70154,5.99317],[80.70023,5.99367],[80.69983,5.99369],[80.69944,5.99342],[80.6993,5.99303],[80.6994,5.99162],[80.69917,5.99128],[80.69875,5.9911],[80.69836,5.99098],[80.69741,5.99087],[80.6963,5.99086],[80.695,5.99072],[80.69364,5.99083],[80.69319,5.99082],[80.69187,5.99069],[80.69049,5.99046],[80.69006,5.99033],[80.68961,5.9903],[80.68916,5.99033],[80.68869,5.99045],[80.68831,5.99067],[80.68806,5.99104],[80.68797,5.99147],[80.68801,5.99187],[80.68813,5.9923],[80.68836,5.99266],[80.68927,5.99353],[80.68952,5.99389],[80.68962,5.99432],[80.68959,5.99474],[80.68941,5.99557],[80.68899,5.99681],[80.68856,5.99848],[80.68817,6.00075],[80.68804,6.00122],[80.68746,6.00283],[80.68713,6.00408],[80.68677,6.00728],[80.6868,6.00816],[80.68688,6.00859],[80.68712,6.009],[80.68742,6.00928],[80.68782,6.00955],[80.68867,6.0098],[80.68918,6.00989],[80.69103,6.01006],[80.69144,6.01018],[80.69183,6.01034],[80.69225,6.01059],[80.69323,6.01135],[80.69361,6.01152],[80.69399,6.01168],[80.69532,6.01189],[80.69624,6.01215],[80.69666,6.01236],[80.69702,6.01265],[80.69762,6.01331],[80.69785,6.01366],[80.69802,6.01404],[80.69818,6.01486],[80.69826,6.01569],[80.69842,6.01611],[80.69881,6.01689],[80.69893,6.01728],[80.6989,6.01772],[80.69878,6.01812],[80.69856,6.0185],[80.69823,6.0188],[80.69786,6.01904],[80.69701,6.01923],[80.69608,6.01953],[80.69554,6.01983],[80.69485,6.02046],[80.6946,6.02081],[80.69437,6.02162],[80.69427,6.02256],[80.69427,6.02301],[80.69411,6.02394],[80.69397,6.0244],[80.69363,6.02523],[80.69337,6.02563],[80.69299,6.02601],[80.69221,6.02642],[80.69174,6.02652],[80.69131,6.02646],[80.69088,6.02631],[80.69048,6.02623],[80.69007,6.02621],[80.68965,6.02625],[80.68925,6.02636],[80.68721,6.02712],[80.68622,6.02734],[80.68569,6.02737],[80.68302,6.02714],[80.68125,6.0271],[80.68079,6.02701],[80.67906,6.02648],[80.67775,6.02647],[80.67622,6.02635],[80.67541,6.02618],[80.67412,6.02581],[80.67244,6.02513],[80.67202,6.02502],[80.6712,6.02485],[80.66939,6.02461],[80.66855,6.02464],[80.66811,6.02473],[80.66766,6.02485],[80.66661,6.02526],[80.66648,6.02597],[80.66645,6.02641],[80.66659,6.02807],[80.66661,6.02932],[80.66652,6.02977],[80.66634,6.03059],[80.66594,6.03136],[80.66491,6.03288],[80.66455,6.03362],[80.66408,6.03495],[80.66395,6.03543],[80.66393,6.03594],[80.66399,6.03813],[80.66396,6.03854],[80.66381,6.03893],[80.66354,6.03924],[80.66318,6.03949],[80.66276,6.03963],[80.66019,6.03992],[80.65938,6.04023],[80.6586,6.04061],[80.65629,6.04192],[80.65554,6.04246],[80.65521,6.04278],[80.65504,6.04314],[80.65513,6.04361],[80.65533,6.04397],[80.65644,6.04526],[80.65663,6.04562],[80.65708,6.04742],[80.65724,6.0478],[80.65783,6.04839],[80.65854,6.04885],[80.65882,6.04917],[80.65904,6.04956],[80.6593,6.05039],[80.65948,6.05075],[80.65974,6.05108],[80.66006,6.05139],[80.66074,6.05189],[80.66153,6.05235],[80.66235,6.05278],[80.66418,6.05354],[80.67042,6.05398],[80.67239,6.05451],[80.6742,6.05554],[80.67566,6.05701],[80.67687,6.05863],[80.67774,6.06043],[80.67946,6.06147],[80.68148,6.06166],[80.68301,6.06291],[80.68497,6.06245],[80.68639,6.06101],[80.68791,6.05957],[80.68996,6.05981],[80.69212,6.06324],[80.69246,6.06517],[80.69241,6.06712],[80.6933,6.06892],[80.69191,6.07037],[80.69041,6.07169],[80.69193,6.07294],[80.69375,6.07373],[80.69367,6.07575],[80.69181,6.07661],[80.6908,6.07832],[80.69013,6.08024],[80.68871,6.08183],[80.68738,6.08342],[80.68458,6.08629],[80.683,6.08777],[80.68204,6.08951],[80.68227,6.09151],[80.68326,6.09328],[80.68343,6.09546],[80.6826,6.097],[80.6812,6.09844],[80.68025,6.10015],[80.68016,6.10211],[80.68141,6.10362],[80.68173,6.10556],[80.68304,6.1071],[80.6842,6.10876],[80.68791,6.11006],[80.68931,6.1116],[80.69104,6.1127],[80.69281,6.11358],[80.69474,6.11394],[80.69598,6.11551],[80.69563,6.11751],[80.69402,6.11871],[80.69411,6.12066],[80.69275,6.12211],[80.691,6.12315],[80.68904,6.12385],[80.68708,6.12382],[80.68513,6.12349],[80.68321,6.12295],[80.6813,6.12229],[80.67924,6.12198],[80.67726,6.12215],[80.67517,6.12213],[80.67325,6.12178],[80.67141,6.12112],[80.66943,6.12064],[80.66764,6.11987],[80.66577,6.11916],[80.66377,6.11922],[80.66245,6.1207],[80.66251,6.12279],[80.66209,6.12478],[80.66139,6.12667],[80.6605,6.1285],[80.65898,6.12973],[80.65712,6.13038],[80.65577,6.13185],[80.65407,6.13287],[80.65,6.13274],[80.64807,6.13341],[80.64679,6.13493],[80.64646,6.13687],[80.64656,6.14081],[80.64816,6.14207],[80.64906,6.14386],[80.6504,6.14533],[80.65156,6.14695],[80.65509,6.14872],[80.65612,6.15042],[80.65682,6.1523],[80.6565,6.15422],[80.65599,6.1562],[80.65721,6.15776],[80.65797,6.15964],[80.66048,6.16265],[80.66128,6.1646],[80.66228,6.16639],[80.66238,6.16835],[80.6611,6.16988],[80.66109,6.17188],[80.66016,6.17362],[80.65822,6.17386],[80.65642,6.17298],[80.65519,6.17139],[80.65378,6.16991],[80.65182,6.16932],[80.6501,6.1703],[80.64805,6.17025],[80.64635,6.16916],[80.64462,6.1701],[80.64265,6.17025],[80.64071,6.1706],[80.63873,6.17111],[80.63708,6.17005],[80.63537,6.17096],[80.63479,6.17293],[80.63535,6.17491],[80.6348,6.17678],[80.63286,6.17705],[80.63128,6.17823],[80.63007,6.17984],[80.62878,6.18131],[80.62673,6.18166],[80.62505,6.18278],[80.62307,6.18303],[80.62129,6.18225],[80.61929,6.18261],[80.61816,6.18434],[80.61652,6.18545],[80.61459,6.18602],[80.61308,6.18731],[80.61148,6.18855],[80.61198,6.19044],[80.61184,6.19251],[80.61027,6.19383],[80.60976,6.19579],[80.6089,6.19762],[80.60827,6.19957],[80.60848,6.20157],[80.60925,6.20344],[80.60984,6.20549],[80.61099,6.20721],[80.61225,6.20884],[80.61335,6.21058],[80.61457,6.21222],[80.61587,6.2137],[80.6171,6.21537],[80.6182,6.21718],[80.61963,6.21869],[80.62095,6.2202],[80.62254,6.2215],[80.62419,6.22268],[80.62521,6.2245],[80.62499,6.2265],[80.62485,6.22848],[80.62514,6.23044],[80.62571,6.23243],[80.62663,6.23423],[80.62772,6.23809],[80.6285,6.23995],[80.62953,6.24166],[80.63078,6.24333],[80.63332,6.24646],[80.63741,6.25091],[80.63855,6.25263],[80.63997,6.25397],[80.64182,6.25463],[80.64331,6.2559],[80.64498,6.25693],[80.64697,6.25716],[80.64906,6.25728],[80.65098,6.2575],[80.6549,6.25849],[80.65691,6.25936],[80.65888,6.25947],[80.66093,6.26001],[80.661,6.26101],[80.66032,6.262],[80.65867,6.26326],[80.6584,6.26525],[80.65727,6.26694],[80.65568,6.26809],[80.6543,6.26952],[80.65273,6.27096],[80.65257,6.27293],[80.65364,6.27462],[80.6543,6.2765],[80.65579,6.27793],[80.65731,6.27928],[80.65887,6.28075],[80.66143,6.28387],[80.66238,6.28559],[80.66362,6.28729],[80.66305,6.28924],[80.66364,6.2911],[80.66339,6.29306],[80.66232,6.29487],[80.66064,6.29585],[80.65938,6.29742],[80.65897,6.29941],[80.65776,6.30101],[80.65668,6.3026],[80.65735,6.3034],[80.65817,6.30396],[80.65998,6.30469],[80.66088,6.30491],[80.66188,6.30502],[80.66279,6.30519],[80.6637,6.30524],[80.66464,6.30534],[80.66657,6.30533],[80.66753,6.30544],[80.66941,6.30553],[80.67006,6.30603],[80.67038,6.3069],[80.67045,6.30782],[80.67061,6.30876],[80.67047,6.30976],[80.67028,6.31074],[80.67017,6.31269],[80.67004,6.31367],[80.67009,6.31484],[80.66976,6.31771],[80.66968,6.31875],[80.67015,6.3196],[80.67084,6.32027],[80.67166,6.32072],[80.67261,6.32087],[80.67447,6.3204],[80.67528,6.32091],[80.67516,6.32184],[80.67468,6.32265],[80.67357,6.3242],[80.67293,6.32498],[80.67165,6.32645],[80.67082,6.32696],[80.66991,6.32725],[80.66894,6.32731],[80.66803,6.32719],[80.66715,6.32697],[80.66623,6.32668],[80.66524,6.32678],[80.66448,6.3273],[80.66404,6.32818],[80.66374,6.32909],[80.66336,6.33],[80.6628,6.3319],[80.66191,6.3325],[80.66098,6.33245],[80.66016,6.33291],[80.65985,6.33376],[80.65967,6.3347],[80.65942,6.3356],[80.6585,6.33594],[80.65761,6.33633],[80.65723,6.33719],[80.65747,6.33808],[80.65816,6.33872],[80.65983,6.33956],[80.66081,6.33978],[80.66179,6.33953],[80.66264,6.33918],[80.66336,6.33978],[80.66281,6.34057],[80.66238,6.34103],[80.6623,6.34155],[80.66229,6.34248],[80.6626,6.34337],[80.66304,6.34428],[80.6632,6.34519],[80.66319,6.34617],[80.66305,6.3472],[80.66276,6.34816],[80.662,6.35018],[80.66183,6.35112],[80.66196,6.35302],[80.66131,6.35376],[80.66039,6.35401],[80.65949,6.35385],[80.65863,6.35335],[80.6577,6.35297],[80.65676,6.3528],[80.65574,6.35312],[80.65478,6.35337],[80.65378,6.35344],[80.65083,6.35352],[80.64686,6.35287],[80.64485,6.35258],[80.64196,6.35201],[80.64102,6.3519],[80.6391,6.3518],[80.63815,6.35163],[80.63712,6.3515],[80.63612,6.35153],[80.63432,6.35123],[80.63241,6.35146],[80.6314,6.35148],[80.63045,6.35123],[80.62963,6.35067],[80.62901,6.35],[80.62822,6.34952],[80.62621,6.34931],[80.6254,6.34876],[80.62345,6.34833],[80.6225,6.34823],[80.6216,6.34791],[80.62064,6.34772],[80.61967,6.34787],[80.61866,6.34796],[80.6177,6.34792],[80.6168,6.34772],[80.61593,6.34735],[80.61519,6.34671],[80.61451,6.34601],[80.61375,6.34547],[80.61283,6.34517],[80.6119,6.34523],[80.61116,6.34587],[80.61076,6.34675],[80.61045,6.34771],[80.60996,6.34972],[80.60976,6.3507],[80.60966,6.35163],[80.60944,6.35254],[80.60901,6.35343],[80.60791,6.35513],[80.60759,6.35604],[80.60719,6.35695],[80.60671,6.35788],[80.60646,6.35876],[80.60653,6.35968],[80.60686,6.36062],[80.60857,6.3641],[80.60906,6.36496],[80.60958,6.36575],[80.61029,6.36641],[80.611,6.367],[80.61179,6.36755],[80.6133,6.36882],[80.61593,6.36999],[80.6168,6.37046],[80.6175,6.37107],[80.61778,6.37196],[80.61768,6.37291],[80.61679,6.37461],[80.61641,6.37549],[80.61592,6.37642],[80.61563,6.3774],[80.61551,6.37832],[80.61558,6.37928],[80.61562,6.38115],[80.61581,6.38205],[80.61614,6.38297],[80.61657,6.38379],[80.61728,6.38451],[80.61816,6.38482],[80.61907,6.38525],[80.61975,6.38589],[80.6201,6.38674],[80.61997,6.38769],[80.62021,6.38858],[80.62062,6.38941],[80.62074,6.39037],[80.62034,6.39225],[80.62073,6.39338],[80.62048,6.39373],[80.62047,6.39418],[80.6203,6.39508],[80.6197,6.39581],[80.61885,6.39626],[80.6179,6.39635],[80.61698,6.39616],[80.6161,6.39588],[80.61528,6.39522],[80.61433,6.39497],[80.61341,6.39523],[80.61181,6.39631],[80.61092,6.39661],[80.61004,6.39637],[80.60924,6.3959],[80.6074,6.39648],[80.6064,6.39641],[80.60547,6.39626],[80.60445,6.39635],[80.60251,6.39611],[80.60065,6.39656],[80.59973,6.39661],[80.59878,6.39674],[80.5978,6.39707],[80.59698,6.39754],[80.59608,6.39719],[80.59518,6.39698],[80.59421,6.39714],[80.59296,6.39574],[80.59203,6.39551],[80.59011,6.39574],[80.58912,6.39557],[80.58833,6.39508],[80.58748,6.3947],[80.58554,6.39415],[80.58458,6.39397],[80.58362,6.39366],[80.58271,6.39344],[80.58177,6.39302],[80.58048,6.39144],[80.57971,6.39089],[80.57878,6.39061],[80.57787,6.39075],[80.57641,6.39195],[80.57548,6.39206],[80.57465,6.39247],[80.57383,6.393],[80.57209,6.39386],[80.57118,6.39415],[80.57023,6.39427],[80.56818,6.3944],[80.56532,6.3943],[80.56454,6.39382],[80.56269,6.39322],[80.56089,6.39247],[80.56009,6.392],[80.55923,6.39164],[80.55759,6.39076],[80.55661,6.39041],[80.55494,6.38949],[80.55402,6.38961],[80.55331,6.39028],[80.55278,6.39109],[80.55253,6.39204],[80.55237,6.39294],[80.55213,6.39481],[80.55136,6.39536],[80.55045,6.39569],[80.54962,6.39614],[80.54791,6.39515],[80.54702,6.39491],[80.54603,6.39507],[80.54524,6.39459],[80.54478,6.39368],[80.54453,6.3928],[80.54455,6.39187],[80.54475,6.39084],[80.54514,6.38995],[80.54468,6.38911],[80.54379,6.38876],[80.54286,6.38872],[80.54077,6.389],[80.53987,6.38929],[80.53893,6.38912],[80.53791,6.38909],[80.53704,6.38937],[80.5361,6.38952],[80.53517,6.38946],[80.53439,6.38892],[80.53384,6.38819],[80.53347,6.38732],[80.5334,6.38639],[80.53349,6.38547],[80.53349,6.38446],[80.53325,6.38138],[80.53329,6.37939],[80.53336,6.37845],[80.53327,6.37753],[80.53366,6.37656],[80.53435,6.37585],[80.53446,6.37488],[80.53374,6.37432],[80.53279,6.3741],[80.52987,6.37435],[80.52796,6.37426],[80.52616,6.37347],[80.52435,6.37274],[80.52342,6.37255],[80.52254,6.37224],[80.52165,6.37179],[80.52077,6.37151],[80.51983,6.37129],[80.51788,6.37145],[80.51689,6.37127],[80.51598,6.37093],[80.5143,6.37002],[80.51331,6.36966],[80.51235,6.36958],[80.51144,6.36973],[80.50969,6.37067],[80.50877,6.37078],[80.50783,6.37055],[80.50572,6.36862],[80.50494,6.36812],[80.504,6.36761],[80.50309,6.36742],[80.50012,6.3673],[80.49903,6.36739],[80.49812,6.36755],[80.49623,6.3674],[80.49531,6.36758],[80.49408,6.36684],[80.49359,6.36601],[80.49204,6.36496],[80.49009,6.36433],[80.4892,6.36409],[80.48827,6.36392],[80.48731,6.36399],[80.48644,6.36427],[80.48556,6.36464],[80.48477,6.36517],[80.48325,6.36635],[80.48242,6.36673],[80.48149,6.36649],[80.48077,6.3659],[80.47993,6.36547],[80.47812,6.36519],[80.47736,6.36444],[80.47689,6.3636],[80.47617,6.36296],[80.47527,6.36272],[80.47468,6.36189],[80.47429,6.36106],[80.47352,6.36046],[80.47274,6.35996],[80.47207,6.35926],[80.47135,6.35865],[80.47066,6.35793],[80.47004,6.35714],[80.46916,6.35676],[80.46833,6.35628],[80.46792,6.35529],[80.4675,6.35443],[80.46695,6.3536],[80.46622,6.35298],[80.46539,6.35261],[80.46476,6.35181],[80.46377,6.35181],[80.4629,6.35212],[80.46196,6.35235],[80.46105,6.3523],[80.46053,6.35151],[80.46046,6.34962],[80.46065,6.34871],[80.46115,6.34786],[80.46262,6.34672],[80.46328,6.34598],[80.46374,6.34511],[80.46406,6.34421],[80.46404,6.34328],[80.46387,6.34236],[80.46381,6.34144],[80.46382,6.34052],[80.46396,6.33953],[80.46436,6.33866],[80.4649,6.33791],[80.46567,6.33737],[80.46645,6.33691],[80.46717,6.3362],[80.4676,6.33539],[80.46826,6.33475],[80.46881,6.33395],[80.46944,6.33322],[80.47027,6.33277],[80.47122,6.33275],[80.47219,6.33258],[80.47301,6.33218],[80.47382,6.33161],[80.47446,6.33089],[80.47518,6.33023],[80.4763,6.32865],[80.47719,6.32699],[80.4775,6.3261],[80.47774,6.32415],[80.47836,6.32342],[80.47926,6.32311],[80.48022,6.32305],[80.48112,6.32286],[80.48203,6.32276],[80.48293,6.32241],[80.48369,6.32189],[80.48464,6.32163],[80.48549,6.32126],[80.48604,6.32051],[80.48621,6.31959],[80.48615,6.31859],[80.48619,6.31764],[80.48649,6.31667],[80.48758,6.31512],[80.48841,6.31459],[80.48914,6.31403],[80.4899,6.31329],[80.4905,6.31253],[80.49094,6.31168],[80.49109,6.31078],[80.49141,6.30985],[80.49135,6.30786],[80.49189,6.30604],[80.49236,6.30517],[80.49309,6.30447],[80.49392,6.3039],[80.49451,6.30317],[80.49505,6.3015],[80.49574,6.29964],[80.49439,6.29821],[80.49265,6.2973],[80.49126,6.29582],[80.48984,6.29448],[80.48802,6.29361],[80.48686,6.29193],[80.48623,6.29003],[80.4861,6.28806],[80.48676,6.28617],[80.48573,6.28451],[80.48378,6.28493],[80.48195,6.28564],[80.48007,6.28625],[80.4788,6.28473],[80.4783,6.28281],[80.47682,6.28147],[80.47514,6.28039],[80.47317,6.28017],[80.47124,6.28061],[80.46921,6.28087],[80.46745,6.28187],[80.46593,6.28316],[80.46463,6.28461],[80.46267,6.28806],[80.46129,6.2895],[80.45937,6.29007],[80.45744,6.28946],[80.45582,6.28832],[80.45482,6.2884],[80.45392,6.2888],[80.45346,6.29007],[80.4529,6.29195],[80.45162,6.29341],[80.45038,6.29502],[80.44885,6.29625],[80.44735,6.29756],[80.44656,6.29943],[80.44611,6.30135],[80.4439,6.30263],[80.4411,6.303],[80.44017,6.30307],[80.4392,6.30334],[80.43762,6.30446],[80.43678,6.30494],[80.43596,6.30552],[80.43427,6.30654],[80.43347,6.30711],[80.43265,6.30756],[80.43188,6.3082],[80.43129,6.30899],[80.43089,6.30991],[80.43058,6.31078],[80.43007,6.3116],[80.42955,6.31453],[80.42914,6.31552],[80.42826,6.31604],[80.4264,6.31645],[80.4236,6.31731],[80.42179,6.31821],[80.4212,6.31892],[80.41956,6.32004],[80.41882,6.32071],[80.41797,6.32132],[80.41615,6.32213],[80.41435,6.3233],[80.41351,6.32397],[80.41282,6.32464],[80.41191,6.32631],[80.41085,6.32781],[80.41027,6.32853],[80.40951,6.3292],[80.40875,6.32977],[80.4076,6.33127],[80.40624,6.33266],[80.40548,6.3333],[80.40463,6.33374],[80.40363,6.33365],[80.40267,6.33335],[80.40176,6.33325],[80.40084,6.33333],[80.3999,6.33354],[80.39896,6.33358],[80.39819,6.33306],[80.39745,6.33244],[80.39678,6.33177],[80.39551,6.33025],[80.39456,6.32995],[80.39369,6.32945],[80.39276,6.32912],[80.39177,6.32915],[80.38985,6.32934],[80.38897,6.32976],[80.38651,6.33123],[80.38554,6.33132],[80.38485,6.33072],[80.38405,6.33013],[80.38319,6.32978],[80.38226,6.32965],[80.38132,6.32928],[80.37975,6.3281],[80.37886,6.32764],[80.37834,6.32686],[80.37791,6.32603],[80.3775,6.32508],[80.37739,6.32399],[80.37767,6.32332],[80.37834,6.32256],[80.37913,6.32193],[80.38006,6.32155],[80.38082,6.32101],[80.38128,6.32014],[80.38137,6.31913],[80.38156,6.31823],[80.3819,6.31728],[80.38241,6.31646],[80.38307,6.31573],[80.38383,6.31515],[80.38443,6.31441],[80.3849,6.31357],[80.38532,6.31164],[80.38599,6.31093],[80.38639,6.31011],[80.38702,6.30944],[80.38779,6.30889],[80.39034,6.30728],[80.39112,6.30664],[80.39215,6.30497],[80.39282,6.30413],[80.39353,6.30336],[80.39428,6.30269],[80.39568,6.30163],[80.39774,6.30161],[80.39954,6.30084],[80.4015,6.30036],[80.40331,6.29952],[80.40496,6.29839],[80.40664,6.29733],[80.40849,6.29652],[80.41029,6.29565],[80.41195,6.29443],[80.4132,6.29287],[80.41272,6.29093],[80.41325,6.28897],[80.41425,6.2872],[80.41487,6.28534],[80.41629,6.28387],[80.4192,6.28108],[80.42036,6.27941],[80.42142,6.27774],[80.42263,6.27611],[80.42135,6.2746],[80.4219,6.27272],[80.42361,6.27176],[80.42493,6.27025],[80.42601,6.26861],[80.42966,6.26391],[80.43086,6.26222],[80.43243,6.26106],[80.4344,6.26106],[80.43588,6.25965],[80.43686,6.25786],[80.43812,6.2563],[80.43918,6.25463],[80.43761,6.25332],[80.43604,6.25212],[80.43504,6.25038],[80.43523,6.24834],[80.43599,6.24652],[80.43717,6.24486],[80.43863,6.24345],[80.43989,6.24195],[80.44126,6.24049],[80.44096,6.23855],[80.43902,6.23812],[80.43709,6.23785],[80.43552,6.23662],[80.43618,6.23479],[80.43723,6.23304],[80.43815,6.23128],[80.43938,6.22964],[80.44045,6.22792],[80.43996,6.22601],[80.43853,6.22467],[80.43517,6.22246],[80.43377,6.22091],[80.43286,6.21908],[80.43169,6.2175],[80.43021,6.2161],[80.4286,6.215],[80.42674,6.21418],[80.42476,6.21393],[80.42271,6.21396],[80.42076,6.21412],[80.41927,6.21542],[80.41786,6.21678],[80.41578,6.21716],[80.4138,6.2171],[80.41183,6.21715],[80.40991,6.21677],[80.40782,6.21659],[80.40428,6.21846],[80.40219,6.21841],[80.39831,6.21922],[80.39456,6.22087],[80.39273,6.22157],[80.39068,6.22121],[80.38885,6.22041],[80.38689,6.21969],[80.38523,6.22076],[80.38449,6.22262],[80.38338,6.22101],[80.3842,6.21924],[80.38531,6.21753],[80.3868,6.21618],[80.3886,6.21516],[80.39051,6.21437],[80.39224,6.21343],[80.39306,6.21155],[80.39678,6.20672],[80.39785,6.20509],[80.39884,6.20332],[80.39996,6.20169],[80.40058,6.1998],[80.40034,6.19774],[80.40116,6.19594],[80.40209,6.19419],[80.40294,6.19241],[80.4031,6.19039],[80.40121,6.18958],[80.39925,6.18892],[80.39728,6.18866],[80.39515,6.18858],[80.3932,6.18828],[80.39125,6.18814],[80.3892,6.18763],[80.38788,6.18618],[80.38825,6.18419],[80.38925,6.18246],[80.39058,6.18094],[80.39179,6.17942],[80.39092,6.17757],[80.39196,6.17581],[80.39342,6.17442],[80.39504,6.17325],[80.39614,6.17162],[80.396,6.16964],[80.39455,6.1683],[80.39294,6.16713],[80.39129,6.16606],[80.3893,6.16604],[80.38764,6.16706],[80.38564,6.16691],[80.38465,6.16521],[80.38461,6.16469],[80.38427,6.16323],[80.38403,6.16125],[80.38348,6.15725],[80.38289,6.15539],[80.38253,6.1534],[80.38294,6.15142],[80.38306,6.14944],[80.38361,6.14752],[80.38403,6.14552],[80.38421,6.14357],[80.38484,6.1417],[80.38556,6.13986],[80.38623,6.13791],[80.38705,6.13609],[80.38805,6.13427],[80.38942,6.13273],[80.39109,6.13164],[80.39282,6.13072],[80.39473,6.13026],[80.39672,6.13],[80.39858,6.12941],[80.40037,6.12839],[80.40127,6.12659],[80.40279,6.12528],[80.40418,6.12158],[80.40526,6.11995],[80.40544,6.11599],[80.4061,6.11405],[80.40773,6.11291],[80.40959,6.11207],[80.41123,6.11076],[80.41292,6.10971],[80.41488,6.10986],[80.41674,6.11044],[80.4186,6.11113],[80.42056,6.11059],[80.42219,6.10949],[80.42378,6.10831],[80.4235,6.10631],[80.42294,6.10439],[80.42469,6.10347],[80.42657,6.10276],[80.42775,6.10114],[80.42973,6.10088],[80.43136,6.09974],[80.43248,6.09804],[80.43436,6.09734],[80.43589,6.09608],[80.43765,6.09525],[80.43888,6.09368],[80.43864,6.08972],[80.43812,6.08777],[80.43668,6.08638],[80.43472,6.08611],[80.43311,6.08495],[80.4313,6.08417],[80.42937,6.08365],[80.42749,6.08304],[80.42462,6.08017],[80.42309,6.07886],[80.42146,6.07778],[80.41962,6.07685],[80.41777,6.07616],[80.41669,6.07442],[80.41403,6.07136],[80.41242,6.07024],[80.41085,6.06908],[80.41096,6.06708],[80.41066,6.06512],[80.40987,6.06331],[80.40941,6.06142],[80.40806,6.05994],[80.40791,6.0579],[80.40562,6.05468],[80.4047,6.05294],[80.40301,6.0519],[80.40115,6.05133],[80.39908,6.05157],[80.39771,6.05299],[80.39714,6.05487],[80.39559,6.05622],[80.39423,6.05763],[80.39231,6.05708],[80.3906,6.05609],[80.38931,6.05462],[80.38863,6.05274],[80.38886,6.0507],[80.38952,6.04881],[80.38975,6.04826],[80.38959,6.04692],[80.39014,6.04468],[80.39021,6.04423],[80.39024,6.04376],[80.39018,6.04329],[80.38998,6.04243],[80.38984,6.04141],[80.3898,6.03905],[80.38986,6.03809],[80.38992,6.03761],[80.39009,6.03718],[80.39031,6.03681],[80.39049,6.03639],[80.39082,6.0351],[80.39128,6.03426],[80.39158,6.03391],[80.39197,6.03365],[80.39285,6.03328],[80.39367,6.0328],[80.39443,6.03218],[80.39511,6.03145],[80.39546,6.03118],[80.39587,6.03101],[80.39629,6.0309],[80.3972,6.03095],[80.39815,6.03123],[80.39974,6.03181],[80.40064,6.03204],[80.40114,6.03212],[80.40209,6.03213],[80.40348,6.03192],[80.40398,6.03192],[80.40492,6.03207],[80.40576,6.03245],[80.40618,6.03257],[80.40707,6.03261],[80.41078,6.03259],[80.41126,6.03254],[80.41211,6.03226],[80.41251,6.032],[80.41278,6.03158],[80.41299,6.03119],[80.41336,6.02984],[80.41361,6.0294],[80.41392,6.02911],[80.41425,6.02887],[80.41471,6.02876],[80.41611,6.0288],[80.41651,6.02876],[80.41688,6.02849],[80.41704,6.02808],[80.41698,6.02707],[80.41701,6.02662],[80.41715,6.02617],[80.41736,6.02572],[80.41796,6.02493],[80.41829,6.0246],[80.41899,6.02403],[80.41969,6.02359],[80.4209,6.02263],[80.42207,6.02157],[80.42241,6.02121],[80.42288,6.02047],[80.42307,6.02009],[80.42321,6.01962],[80.42329,6.01913],[80.42329,6.01868],[80.42322,6.01826],[80.42306,6.01788],[80.42283,6.01754],[80.42245,6.01735],[80.42161,6.01731],[80.4212,6.01742],[80.42047,6.01781],[80.42005,6.01787],[80.41947,6.01786],[80.41898,6.0178],[80.4181,6.01757],[80.41766,6.01736],[80.41679,6.0171],[80.41588,6.0167],[80.41449,6.01617],[80.41318,6.01579],[80.41232,6.01547],[80.4121,6.01513],[80.41201,6.01469],[80.41197,6.01418],[80.41215,6.01286],[80.41206,6.01241],[80.41185,6.01206],[80.41151,6.01179],[80.41112,6.01161],[80.40881,6.01115],[80.40788,6.01113],[80.40745,6.01118],[80.407,6.01136],[80.40663,6.01156],[80.40566,6.01238],[80.40489,6.01282],[80.40398,6.01315],[80.40305,6.01329],[80.40108,6.01338],[80.39963,6.01318],[80.39873,6.01314],[80.39785,6.01289],[80.39698,6.01257],[80.39608,6.01219],[80.39477,6.01151],[80.3941,6.01094],[80.39372,6.01068],[80.39295,6.01026],[80.39217,6.0097],[80.39181,6.00939],[80.39117,6.00869],[80.3906,6.00792],[80.39011,6.00718],[80.38957,6.0059],[80.38923,6.00479],[80.38913,6.00423],[80.38906,6.00332],[80.38884,6.00227],[80.38833,6.00096],[80.38767,5.99904],[80.38731,5.99749],[80.38708,5.99601],[80.38698,5.99502],[80.38696,5.99403],[80.38689,5.9932],[80.38671,5.99224],[80.38634,5.99149],[80.38605,5.99105],[80.38432,5.98882],[80.38298,5.98637],[80.38218,5.98462],[80.38194,5.98372],[80.38187,5.98325],[80.38182,5.98238],[80.38185,5.9819],[80.38232,5.98067],[80.3827,5.9794],[80.38216,5.97831],[80.38328,5.97687],[80.38534,5.97637],[80.38583,5.97326],[80.38539,5.97232],[80.38537,5.97224],[80.38512,5.97182],[80.38472,5.97128],[80.38426,5.97033],[80.38395,5.96987],[80.38395,5.96931],[80.384,5.96879],[80.38471,5.96814],[80.38488,5.96779],[80.38482,5.96727],[80.38373,5.96724],[80.38145,5.96636],[80.3818,5.96526]]]}},{"type":"Feature","properties":{"slug":"ampara","name":"Ampara","district_id":17,"iso":"LK-52"},"geometry":{"type":"Polygon","coordinates":[[[81.70788,6.51073],[81.70864,6.5122],[81.70922,6.51443],[81.71013,6.51612],[81.71282,6.5214],[81.71576,6.52611],[81.71677,6.52791],[81.72173,6.5337],[81.72411,6.53566],[81.72468,6.53652],[81.72501,6.53692],[81.72438,6.53733],[81.72392,6.53797],[81.72386,6.53878],[81.72466,6.54065],[81.72646,6.54457],[81.72709,6.5458],[81.7291,6.54808],[81.7288,6.54834],[81.7289,6.54908],[81.72928,6.55032],[81.72882,6.551],[81.72853,6.55125],[81.72838,6.55129],[81.72821,6.55155],[81.72819,6.55182],[81.72837,6.55252],[81.72883,6.55358],[81.72974,6.55527],[81.73062,6.55644],[81.73305,6.5595],[81.73371,6.56061],[81.73449,6.56157],[81.73547,6.56268],[81.73602,6.56346],[81.73672,6.56527],[81.7375,6.56687],[81.73822,6.56791],[81.73889,6.56869],[81.74006,6.56982],[81.74026,6.56993],[81.74021,6.57004],[81.73986,6.57005],[81.73954,6.57005],[81.73919,6.57014],[81.73894,6.57025],[81.73874,6.57064],[81.73877,6.57111],[81.73882,6.57151],[81.73913,6.57245],[81.73949,6.57313],[81.73975,6.57357],[81.74014,6.57422],[81.7408,6.57511],[81.74168,6.57604],[81.74334,6.57789],[81.74531,6.5798],[81.74742,6.58179],[81.7483,6.58259],[81.7498,6.5836],[81.75417,6.58729],[81.75605,6.58886],[81.75623,6.58949],[81.75647,6.5901],[81.75687,6.59063],[81.75799,6.59155],[81.75979,6.59329],[81.7611,6.5948],[81.76205,6.59559],[81.76242,6.59623],[81.76261,6.59646],[81.7629,6.59649],[81.76297,6.59666],[81.76272,6.59685],[81.76259,6.59725],[81.76273,6.59821],[81.76294,6.59846],[81.76272,6.59874],[81.76279,6.59916],[81.76307,6.59948],[81.763,6.59971],[81.76281,6.59984],[81.76289,6.60035],[81.76311,6.60071],[81.76294,6.60127],[81.76315,6.60166],[81.76321,6.6019],[81.76296,6.60193],[81.76289,6.60175],[81.76261,6.60173],[81.76238,6.60208],[81.76231,6.60226],[81.76236,6.6025],[81.76192,6.60283],[81.76163,6.60272],[81.76117,6.60267],[81.76077,6.60285],[81.76055,6.60332],[81.76042,6.60422],[81.76031,6.60445],[81.76023,6.6055],[81.76024,6.60635],[81.76069,6.60861],[81.76115,6.61014],[81.76194,6.61184],[81.7631,6.61381],[81.76421,6.61552],[81.76561,6.61764],[81.76715,6.62006],[81.76829,6.62176],[81.7695,6.62346],[81.77064,6.62494],[81.77098,6.62569],[81.77144,6.62649],[81.7716,6.62665],[81.77166,6.62716],[81.77179,6.62728],[81.77189,6.6274],[81.77181,6.62751],[81.77173,6.62758],[81.77158,6.62773],[81.77157,6.62826],[81.77201,6.62949],[81.77219,6.63026],[81.77228,6.63072],[81.7726,6.63116],[81.77271,6.63195],[81.77284,6.6325],[81.77274,6.63295],[81.77322,6.63423],[81.77383,6.63501],[81.7737,6.63541],[81.77383,6.63583],[81.77396,6.63676],[81.77444,6.63866],[81.77519,6.64044],[81.77622,6.64276],[81.77661,6.64408],[81.77668,6.64505],[81.77699,6.64575],[81.77739,6.64609],[81.7777,6.64689],[81.77751,6.64692],[81.77743,6.6468],[81.77703,6.64671],[81.77688,6.64688],[81.77697,6.64719],[81.77691,6.64735],[81.77658,6.64718],[81.77631,6.64766],[81.77635,6.64849],[81.77617,6.64932],[81.77605,6.65029],[81.77603,6.65104],[81.77552,6.65164],[81.77543,6.65204],[81.77546,6.65254],[81.77523,6.65274],[81.77494,6.65275],[81.77466,6.65257],[81.77451,6.65238],[81.77415,6.65245],[81.77386,6.65273],[81.77319,6.6536],[81.77294,6.65363],[81.77274,6.6539],[81.77213,6.65539],[81.77176,6.65687],[81.77175,6.65817],[81.7717,6.65868],[81.77124,6.65877],[81.77102,6.65946],[81.77097,6.66082],[81.77101,6.66193],[81.77117,6.66356],[81.77151,6.6659],[81.7719,6.66737],[81.77247,6.66988],[81.77302,6.67166],[81.77607,6.67659],[81.77638,6.67699],[81.77673,6.67728],[81.77684,6.67763],[81.77736,6.67837],[81.77779,6.6789],[81.77812,6.6796],[81.7786,6.68043],[81.77935,6.68146],[81.78012,6.68263],[81.78045,6.68283],[81.78067,6.68317],[81.78075,6.68355],[81.78123,6.68416],[81.78145,6.6845],[81.78161,6.68488],[81.78195,6.68534],[81.78206,6.68567],[81.78253,6.68694],[81.78307,6.68794],[81.7836,6.68877],[81.7843,6.68966],[81.7847,6.69028],[81.78472,6.69057],[81.78499,6.69102],[81.78554,6.6917],[81.78604,6.69226],[81.78621,6.69269],[81.78662,6.6934],[81.78763,6.69468],[81.78861,6.69567],[81.78909,6.69635],[81.78961,6.69702],[81.79045,6.69779],[81.7913,6.69864],[81.79252,6.69994],[81.79364,6.70098],[81.79485,6.70219],[81.7959,6.70326],[81.79661,6.70403],[81.79698,6.70446],[81.79749,6.70477],[81.79802,6.7053],[81.79848,6.70573],[81.79881,6.7061],[81.79926,6.70669],[81.79958,6.70727],[81.79998,6.70784],[81.80023,6.70825],[81.80063,6.70916],[81.80101,6.71012],[81.80115,6.7107],[81.80126,6.71149],[81.80142,6.71201],[81.80154,6.71226],[81.80156,6.71255],[81.8016,6.71293],[81.80144,6.71338],[81.80127,6.71363],[81.80122,6.71385],[81.80103,6.71408],[81.8009,6.71466],[81.80094,6.71554],[81.80103,6.71577],[81.80098,6.71609],[81.80106,6.71726],[81.80127,6.71822],[81.80164,6.71934],[81.80195,6.72012],[81.80246,6.72133],[81.80247,6.72184],[81.80271,6.72285],[81.80307,6.7235],[81.80307,6.72397],[81.80316,6.72429],[81.80293,6.72442],[81.8027,6.72441],[81.80244,6.72477],[81.80205,6.72492],[81.80183,6.72505],[81.80153,6.72572],[81.80128,6.72693],[81.80113,6.7278],[81.80116,6.72879],[81.80154,6.73042],[81.80195,6.73179],[81.80275,6.73359],[81.80327,6.73462],[81.80434,6.73608],[81.80589,6.73857],[81.80725,6.7408],[81.80943,6.74512],[81.81078,6.74727],[81.81216,6.74909],[81.81355,6.75066],[81.81519,6.75249],[81.81727,6.75476],[81.81921,6.75669],[81.82101,6.75836],[81.82278,6.76014],[81.82441,6.76216],[81.8253,6.76332],[81.82573,6.7637],[81.82574,6.7639],[81.82605,6.7642],[81.82594,6.76435],[81.82613,6.76474],[81.82619,6.76523],[81.82596,6.76553],[81.82593,6.7664],[81.82597,6.76745],[81.82578,6.76769],[81.8255,6.76782],[81.82426,6.7683],[81.82374,6.77154],[81.8234,6.77512],[81.8246,6.78091],[81.82288,6.78364],[81.82031,6.78432],[81.81911,6.78841],[81.82048,6.79353],[81.82321,6.79899],[81.82325,6.80038],[81.82384,6.80197],[81.82415,6.80325],[81.8242,6.80479],[81.82401,6.80511],[81.82399,6.8059],[81.82414,6.80698],[81.82429,6.80903],[81.82488,6.80971],[81.82477,6.81025],[81.82449,6.81036],[81.82406,6.81021],[81.8239,6.81028],[81.82366,6.81031],[81.82354,6.81039],[81.82342,6.81063],[81.82339,6.81094],[81.82321,6.81112],[81.82327,6.81153],[81.82305,6.81284],[81.82294,6.81374],[81.8246,6.81807],[81.82466,6.81819],[81.82677,6.8231],[81.83015,6.82728],[81.83113,6.82797],[81.83236,6.82935],[81.83585,6.8326],[81.83696,6.83356],[81.83789,6.83459],[81.83919,6.83478],[81.83974,6.83546],[81.84023,6.83704],[81.83959,6.83932],[81.83941,6.83979],[81.83785,6.84052],[81.83703,6.84061],[81.83655,6.84024],[81.83613,6.83965],[81.83592,6.83954],[81.83489,6.84003],[81.8338,6.84134],[81.83257,6.84367],[81.83228,6.84455],[81.83197,6.84742],[81.83204,6.84923],[81.83228,6.85068],[81.8324,6.85156],[81.83231,6.85182],[81.83222,6.85196],[81.83234,6.85208],[81.8324,6.85212],[81.83257,6.85239],[81.83343,6.85588],[81.83505,6.85876],[81.84129,6.86644],[81.84631,6.87196],[81.84583,6.87303],[81.84636,6.87477],[81.84625,6.87562],[81.84595,6.87563],[81.84566,6.87703],[81.84546,6.87963],[81.84572,6.88086],[81.84589,6.8825],[81.84563,6.88302],[81.84511,6.8828],[81.84429,6.88323],[81.84405,6.8849],[81.84418,6.88706],[81.84604,6.89111],[81.84749,6.89645],[81.8483,6.89737],[81.84833,6.89782],[81.84788,6.89795],[81.84699,6.89875],[81.84638,6.89841],[81.84593,6.89844],[81.84562,6.89884],[81.84552,6.89897],[81.84512,6.89921],[81.84502,6.8998],[81.84505,6.9006],[81.84484,6.90317],[81.8452,6.90465],[81.84537,6.91062],[81.85207,6.92885],[81.8547,6.93792],[81.86116,6.9539],[81.86333,6.95946],[81.8656,6.96527],[81.86597,6.96694],[81.86712,6.97058],[81.86791,6.97244],[81.86818,6.97335],[81.86797,6.97422],[81.86754,6.97521],[81.86696,6.97532],[81.86644,6.97614],[81.86614,6.9768],[81.86599,6.97733],[81.86597,6.9774],[81.86554,6.97887],[81.86541,6.98106],[81.86579,6.98336],[81.86584,6.98533],[81.86668,6.98845],[81.8678,6.9915],[81.8702,6.99625],[81.87241,7.00002],[81.87259,7.0009],[81.87244,7.00167],[81.87278,7.00302],[81.87276,7.00435],[81.87317,7.0054],[81.87291,7.00615],[81.87309,7.00738],[81.87435,7.01015],[81.87568,7.0139],[81.87693,7.01758],[81.87794,7.01965],[81.87873,7.02146],[81.87896,7.02227],[81.87898,7.02279],[81.87854,7.02321],[81.8784,7.02387],[81.87873,7.02538],[81.87878,7.02595],[81.87812,7.02631],[81.87797,7.02705],[81.87766,7.02818],[81.8765,7.02932],[81.87594,7.03045],[81.87541,7.03104],[81.87469,7.03345],[81.87459,7.03529],[81.87447,7.03638],[81.87418,7.03678],[81.87346,7.03705],[81.8727,7.03772],[81.8719,7.03888],[81.87117,7.0403],[81.8706,7.04209],[81.87004,7.04394],[81.86948,7.04658],[81.86891,7.04893],[81.86881,7.04971],[81.86884,7.05087],[81.86852,7.05242],[81.86831,7.05467],[81.86808,7.05694],[81.86802,7.05885],[81.86792,7.05963],[81.86771,7.06105],[81.86705,7.06446],[81.8668,7.06575],[81.86684,7.06618],[81.86663,7.06693],[81.86643,7.06766],[81.86639,7.06819],[81.86601,7.06956],[81.86544,7.07154],[81.86523,7.07286],[81.86499,7.07377],[81.86453,7.07486],[81.864,7.07535],[81.86363,7.07601],[81.86353,7.0771],[81.86342,7.07872],[81.86337,7.08077],[81.86285,7.08338],[81.86283,7.08436],[81.86234,7.08598],[81.86188,7.08766],[81.86151,7.08958],[81.86107,7.09063],[81.86065,7.09243],[81.86015,7.09321],[81.85965,7.0938],[81.8591,7.0973],[81.85853,7.09947],[81.85807,7.10053],[81.85792,7.10346],[81.85792,7.10654],[81.85795,7.10991],[81.85807,7.1116],[81.85832,7.11246],[81.85847,7.11366],[81.85836,7.11421],[81.85849,7.11458],[81.85832,7.11504],[81.85856,7.11572],[81.85867,7.11666],[81.85858,7.11814],[81.85807,7.1194],[81.85801,7.12026],[81.85738,7.12094],[81.8571,7.12152],[81.85715,7.12316],[81.8574,7.12696],[81.85757,7.13128],[81.85766,7.13316],[81.8578,7.13423],[81.85776,7.13505],[81.85821,7.13801],[81.85853,7.14018],[81.8593,7.1446],[81.86012,7.14864],[81.86071,7.15175],[81.86086,7.15439],[81.86141,7.16517],[81.86118,7.16682],[81.86132,7.16982],[81.86121,7.17223],[81.86115,7.17245],[81.86129,7.17392],[81.86134,7.17773],[81.86183,7.18372],[81.86189,7.1864],[81.86177,7.1871],[81.86199,7.18827],[81.86191,7.19045],[81.86231,7.19723],[81.86228,7.1996],[81.86223,7.20272],[81.8621,7.20883],[81.86192,7.21194],[81.86219,7.21978],[81.86234,7.22658],[81.86251,7.22979],[81.86316,7.23516],[81.86373,7.24001],[81.86414,7.24501],[81.86425,7.24943],[81.8648,7.25768],[81.86556,7.26431],[81.86605,7.26684],[81.86667,7.26907],[81.86699,7.26991],[81.86733,7.27097],[81.86751,7.27154],[81.86983,7.27512],[81.86928,7.27696],[81.8685,7.27949],[81.86728,7.27988],[81.86707,7.2799],[81.86685,7.27996],[81.86675,7.28031],[81.86675,7.28188],[81.86664,7.28201],[81.86676,7.28269],[81.86722,7.28433],[81.86781,7.28556],[81.86806,7.28605],[81.86828,7.28614],[81.86827,7.28647],[81.86788,7.28646],[81.86749,7.28648],[81.86722,7.28665],[81.86708,7.2871],[81.86701,7.28772],[81.86709,7.28883],[81.86728,7.28991],[81.86747,7.29078],[81.86782,7.2916],[81.86817,7.29202],[81.86834,7.29217],[81.86835,7.2923],[81.86788,7.2922],[81.86767,7.29236],[81.86752,7.29264],[81.86748,7.29316],[81.86738,7.29471],[81.86738,7.29604],[81.86731,7.29627],[81.86745,7.29791],[81.86725,7.29821],[81.86725,7.29939],[81.86725,7.30013],[81.8671,7.30106],[81.86674,7.30195],[81.86627,7.30313],[81.86613,7.30438],[81.86605,7.3052],[81.86585,7.30666],[81.86576,7.30822],[81.86566,7.31019],[81.86574,7.31213],[81.86581,7.31395],[81.86594,7.31584],[81.86598,7.31699],[81.866,7.31808],[81.86596,7.31835],[81.86603,7.31884],[81.86602,7.3198],[81.86607,7.32051],[81.86595,7.32141],[81.86597,7.32254],[81.86581,7.32444],[81.86548,7.32638],[81.86537,7.32659],[81.86531,7.32741],[81.8651,7.32784],[81.86508,7.32836],[81.86487,7.32893],[81.86478,7.32951],[81.86446,7.32992],[81.86426,7.33057],[81.86422,7.33115],[81.86405,7.33169],[81.86373,7.33333],[81.86316,7.33623],[81.86269,7.33804],[81.86224,7.33987],[81.86172,7.34197],[81.86092,7.34563],[81.86063,7.3468],[81.86046,7.34699],[81.85979,7.34939],[81.85896,7.35217],[81.85844,7.35394],[81.85782,7.3561],[81.8573,7.35762],[81.85637,7.36044],[81.85605,7.36162],[81.85577,7.36189],[81.85538,7.36328],[81.85498,7.36435],[81.8543,7.36628],[81.85406,7.36675],[81.85388,7.36761],[81.8535,7.36848],[81.85276,7.37028],[81.8519,7.37293],[81.85149,7.37417],[81.85117,7.37454],[81.85077,7.3755],[81.85076,7.37582],[81.85037,7.37669],[81.84986,7.37785],[81.84894,7.38061],[81.84826,7.38246],[81.8474,7.38519],[81.84607,7.38959],[81.84467,7.39421],[81.84142,7.40684],[81.84017,7.41084],[81.83874,7.41498],[81.83801,7.41656],[81.83639,7.417],[81.83535,7.41929],[81.83365,7.42149],[81.8299,7.4253],[81.82628,7.43035],[81.82344,7.43692],[81.82157,7.44566],[81.82004,7.4527],[81.818,7.46092],[81.81694,7.46937],[81.81651,7.47224],[81.81651,7.47457],[81.81547,7.47656],[81.81443,7.48043],[81.79349,7.47055],[81.77643,7.48191],[81.76747,7.46834],[81.76071,7.45982],[81.75249,7.45654],[81.75148,7.45605],[81.75109,7.45574],[81.75069,7.45552],[81.75003,7.45536],[81.74905,7.45521],[81.748,7.45523],[81.7458,7.45534],[81.74497,7.45543],[81.74301,7.45581],[81.74116,7.45595],[81.73988,7.45598],[81.7385,7.45595],[81.73772,7.45591],[81.73348,7.45567],[81.73026,7.45577],[81.72911,7.45574],[81.72814,7.4558],[81.72714,7.4558],[81.72547,7.4556],[81.72497,7.45535],[81.72457,7.45509],[81.72425,7.45471],[81.72396,7.45426],[81.72351,7.4534],[81.72302,7.45263],[81.72219,7.45163],[81.72065,7.44997],[81.71986,7.44901],[81.71961,7.44862],[81.71914,7.44753],[81.71881,7.44696],[81.71852,7.44657],[81.71808,7.44616],[81.71771,7.44588],[81.71585,7.44463],[81.71475,7.44355],[81.7144,7.44328],[81.71366,7.44257],[81.71287,7.44177],[81.71081,7.43912],[81.7097,7.43781],[81.70903,7.43708],[81.70745,7.4357],[81.7058,7.4347],[81.70546,7.43435],[81.70489,7.43347],[81.70427,7.43271],[81.70387,7.43233],[81.70349,7.43204],[81.70168,7.43077],[81.7012,7.43051],[81.70025,7.43017],[81.69928,7.42976],[81.69869,7.42937],[81.69821,7.42898],[81.69784,7.42865],[81.69717,7.42773],[81.69587,7.42615],[81.69522,7.42551],[81.69386,7.4246],[81.69348,7.42427],[81.69263,7.42294],[81.69227,7.42247],[81.69214,7.42243],[81.69159,7.42181],[81.69046,7.42088],[81.68968,7.42028],[81.68967,7.42027],[81.68924,7.42001],[81.68869,7.41978],[81.68694,7.41919],[81.68551,7.4189],[81.68317,7.41873],[81.68224,7.41828],[81.67932,7.41619],[81.67823,7.41548],[81.67781,7.41528],[81.6749,7.41433],[81.67407,7.41393],[81.67367,7.41354],[81.67343,7.41313],[81.67332,7.41268],[81.67331,7.41213],[81.67359,7.41119],[81.6737,7.41013],[81.67322,7.4085],[81.67281,7.40582],[81.6727,7.40529],[81.67253,7.40484],[81.6721,7.40394],[81.67029,7.40118],[81.66999,7.40083],[81.66961,7.40047],[81.66914,7.4003],[81.66756,7.40003],[81.66648,7.39973],[81.66591,7.3995],[81.66454,7.3988],[81.66404,7.3987],[81.66361,7.39874],[81.66321,7.39906],[81.66285,7.39957],[81.66191,7.40109],[81.66148,7.40212],[81.66127,7.40277],[81.66105,7.40368],[81.66101,7.40489],[81.66117,7.40636],[81.66153,7.40775],[81.66236,7.41026],[81.66283,7.4129],[81.66287,7.41359],[81.66285,7.41409],[81.6627,7.41562],[81.6624,7.41674],[81.66187,7.41777],[81.66043,7.41942],[81.65991,7.42021],[81.65969,7.42068],[81.65962,7.42127],[81.65971,7.42334],[81.65982,7.42399],[81.66,7.42581],[81.66056,7.42744],[81.66061,7.42787],[81.66074,7.43337],[81.66013,7.43616],[81.66005,7.43709],[81.6601,7.43821],[81.66005,7.43874],[81.65991,7.43923],[81.65972,7.44042],[81.65968,7.44113],[81.65967,7.44147],[81.6597,7.44202],[81.65982,7.44309],[81.66019,7.44367],[81.66053,7.4464],[81.66056,7.44734],[81.66034,7.44996],[81.66,7.45175],[81.65982,7.45375],[81.65965,7.4549],[81.65927,7.45595],[81.65898,7.4569],[81.6584,7.45778],[81.65759,7.45971],[81.65735,7.46044],[81.65728,7.46125],[81.65732,7.46194],[81.6574,7.46241],[81.65765,7.4633],[81.65781,7.46372],[81.65823,7.4646],[81.65909,7.46598],[81.66016,7.46814],[81.66029,7.46858],[81.66061,7.47107],[81.66061,7.47204],[81.66056,7.47248],[81.65983,7.4737],[81.65924,7.47444],[81.6579,7.47556],[81.65543,7.47809],[81.65463,7.47905],[81.65412,7.47998],[81.65378,7.48115],[81.65371,7.48165],[81.65372,7.4821],[81.65426,7.48463],[81.65442,7.48571],[81.6545,7.48665],[81.65483,7.48886],[81.65483,7.48986],[81.65476,7.49036],[81.65446,7.49147],[81.65416,7.49239],[81.65371,7.49332],[81.65326,7.49393],[81.65266,7.49479],[81.65181,7.4961],[81.65115,7.49694],[81.64993,7.4981],[81.64962,7.49851],[81.64939,7.49892],[81.64919,7.49948],[81.64877,7.50038],[81.64804,7.50251],[81.6478,7.50476],[81.64782,7.50495],[81.64809,7.5079],[81.64837,7.50944],[81.64843,7.51004],[81.6484,7.51052],[81.64832,7.51096],[81.64817,7.51139],[81.64696,7.51457],[81.64677,7.515],[81.64594,7.51626],[81.64599,7.51693],[81.64618,7.51756],[81.64639,7.51795],[81.64677,7.51847],[81.64731,7.51943],[81.6477,7.51997],[81.64807,7.52036],[81.64843,7.52065],[81.64892,7.52113],[81.64928,7.52158],[81.64976,7.52251],[81.64977,7.52356],[81.64964,7.52455],[81.64962,7.52515],[81.64919,7.52505],[81.64843,7.52478],[81.64371,7.52234],[81.64161,7.5215],[81.64055,7.52135],[81.6395,7.52076],[81.63723,7.51979],[81.63613,7.51922],[81.63517,7.51861],[81.63249,7.51644],[81.6273,7.51285],[81.62619,7.51215],[81.62429,7.51122],[81.62347,7.51075],[81.62246,7.51004],[81.62166,7.5094],[81.62025,7.50847],[81.61981,7.50824],[81.61916,7.50815],[81.61784,7.50809],[81.61589,7.50819],[81.61418,7.50817],[81.61296,7.50803],[81.61238,7.50803],[81.61018,7.50822],[81.60707,7.50836],[81.60376,7.50821],[81.60035,7.50846],[81.59701,7.50837],[81.5953,7.50825],[81.59067,7.50822],[81.58253,7.50867],[81.58101,7.50866],[81.57588,7.50848],[81.57352,7.50882],[81.57196,7.50891],[81.56824,7.5086],[81.5657,7.50853],[81.55915,7.5087],[81.55461,7.50871],[81.55167,7.50882],[81.54766,7.5088],[81.54412,7.50896],[81.53869,7.50891],[81.5362,7.50898],[81.53217,7.50886],[81.52707,7.50889],[81.52445,7.5088],[81.52417,7.5088],[81.52208,7.50885],[81.52091,7.50896],[81.51822,7.50869],[81.51763,7.50926],[81.51683,7.50914],[81.51605,7.50922],[81.51243,7.50986],[81.51198,7.50998],[81.51071,7.51033],[81.50825,7.51139],[81.50709,7.51171],[81.50508,7.51237],[81.50409,7.51282],[81.503,7.51308],[81.50095,7.51386],[81.49865,7.51434],[81.49645,7.51491],[81.4954,7.51511],[81.49431,7.51523],[81.49395,7.51621],[81.49605,7.51692],[81.49697,7.51738],[81.49779,7.51802],[81.49873,7.51886],[81.49943,7.51975],[81.49983,7.52076],[81.4996,7.52121],[81.49921,7.52158],[81.49916,7.52163],[81.49816,7.52205],[81.49511,7.52354],[81.49308,7.52442],[81.49188,7.5247],[81.49091,7.52529],[81.4898,7.52586],[81.48876,7.52633],[81.48554,7.52804],[81.4845,7.52848],[81.48239,7.52904],[81.48005,7.53013],[81.47793,7.53129],[81.47694,7.53176],[81.47484,7.53257],[81.47328,7.53345],[81.47267,7.5338],[81.47167,7.53426],[81.46852,7.53541],[81.46736,7.53589],[81.46293,7.53794],[81.46085,7.53898],[81.45744,7.5404],[81.45507,7.54112],[81.45403,7.54152],[81.45308,7.54206],[81.45205,7.54279],[81.45129,7.54369],[81.44992,7.54557],[81.44815,7.5476],[81.44686,7.54958],[81.4462,7.5504],[81.44556,7.55131],[81.44389,7.55431],[81.44326,7.55523],[81.44089,7.55823],[81.44031,7.55909],[81.43917,7.5611],[81.43762,7.563],[81.43652,7.56503],[81.43591,7.56601],[81.43447,7.56791],[81.43348,7.56997],[81.43319,7.57102],[81.433,7.57214],[81.43271,7.57319],[81.43258,7.57424],[81.43263,7.57539],[81.4329,7.57764],[81.43331,7.57984],[81.43359,7.58086],[81.43405,7.58195],[81.43441,7.58303],[81.43542,7.58377],[81.43608,7.58579],[81.4366,7.58781],[81.43728,7.58988],[81.43882,7.59379],[81.43978,7.59571],[81.44102,7.59745],[81.44265,7.59875],[81.44294,7.60091],[81.44201,7.60278],[81.44049,7.60432],[81.44083,7.60641],[81.44173,7.60839],[81.44415,7.61198],[81.44524,7.61379],[81.44609,7.61569],[81.44685,7.61766],[81.44753,7.61966],[81.44748,7.62184],[81.44694,7.62386],[81.44625,7.62588],[81.44543,7.62789],[81.44454,7.62982],[81.44352,7.63176],[81.44287,7.63382],[81.44325,7.63593],[81.44426,7.63785],[81.44497,7.63984],[81.44558,7.64201],[81.44506,7.64221],[81.43879,7.64398],[81.43657,7.64438],[81.43454,7.64498],[81.4324,7.64553],[81.43033,7.64599],[81.42805,7.64638],[81.42379,7.64721],[81.41958,7.64824],[81.41746,7.64879],[81.41322,7.65013],[81.40899,7.65141],[81.40665,7.65196],[81.40458,7.65227],[81.40245,7.65279],[81.40033,7.65297],[81.3961,7.6537],[81.39172,7.65474],[81.38957,7.65531],[81.38745,7.65575],[81.38338,7.65671],[81.38139,7.65753],[81.37954,7.65877],[81.37848,7.66058],[81.3769,7.66195],[81.37518,7.66314],[81.37143,7.66518],[81.36996,7.66622],[81.36972,7.66639],[81.36781,7.66726],[81.36723,7.66929],[81.36597,7.67096],[81.36537,7.67296],[81.36431,7.67475],[81.36365,7.67675],[81.36217,7.67825],[81.36107,7.68006],[81.35944,7.68145],[81.35865,7.68341],[81.35586,7.6866],[81.3544,7.68813],[81.35387,7.69033],[81.35315,7.6923],[81.35144,7.69355],[81.3505,7.6955],[81.34901,7.69702],[81.34797,7.69885],[81.34686,7.70063],[81.34569,7.70235],[81.34418,7.7038],[81.34235,7.70487],[81.34027,7.7052],[81.33866,7.70653],[81.33758,7.7083],[81.33505,7.71171],[81.33344,7.71316],[81.33226,7.71488],[81.33196,7.71698],[81.33051,7.71851],[81.32866,7.71948],[81.32853,7.7216],[81.3294,7.72365],[81.3292,7.7258],[81.32877,7.72783],[81.32853,7.72994],[81.32759,7.7318],[81.32613,7.73342],[81.29181,7.7353],[81.28962,7.73541],[81.28748,7.7354],[81.28521,7.73532],[81.28301,7.73538],[81.27873,7.73561],[81.27658,7.7356],[81.27439,7.73572],[81.26984,7.73574],[81.26759,7.73582],[81.26537,7.73585],[81.26321,7.73582],[81.26127,7.73504],[81.26018,7.73313],[81.25847,7.73187],[81.25637,7.7318],[81.25443,7.73085],[81.25341,7.73268],[81.25317,7.73478],[81.25137,7.73605],[81.24939,7.73692],[81.24744,7.73794],[81.24555,7.73884],[81.24339,7.73888],[81.24133,7.73911],[81.2412,7.73875],[81.24086,7.73669],[81.2379,7.73368],[81.23751,7.73158],[81.23699,7.72955],[81.23594,7.7277],[81.23451,7.72609],[81.23382,7.72412],[81.23372,7.72196],[81.23396,7.71982],[81.23468,7.7178],[81.23642,7.71643],[81.23821,7.71524],[81.2394,7.71344],[81.23961,7.71137],[81.2379,7.7074],[81.23795,7.7053],[81.23824,7.70101],[81.23931,7.69916],[81.23999,7.69716],[81.24035,7.69507],[81.23976,7.69305],[81.23679,7.69003],[81.23655,7.68786],[81.23731,7.68583],[81.23818,7.68391],[81.23887,7.68187],[81.23936,7.67978],[81.2383,7.67796],[81.23627,7.67748],[81.23419,7.67706],[81.232,7.67693],[81.22984,7.67653],[81.22785,7.67567],[81.22587,7.67472],[81.22413,7.67355],[81.22263,7.67209],[81.22182,7.67009],[81.22124,7.66809],[81.22092,7.666],[81.21996,7.66183],[81.21965,7.65976],[81.21989,7.65766],[81.22095,7.65578],[81.22084,7.65365],[81.22001,7.65168],[81.21907,7.64982],[81.2179,7.64809],[81.21579,7.648],[81.21395,7.64696],[81.21197,7.64794],[81.21034,7.64942],[81.20601,7.65427],[81.20449,7.6557],[81.20122,7.65851],[81.19956,7.65978],[81.19789,7.66115],[81.19588,7.66193],[81.19386,7.66289],[81.19179,7.66372],[81.18981,7.66463],[81.18777,7.66549],[81.18382,7.66727],[81.18183,7.66806],[81.17773,7.66935],[81.17577,7.67014],[81.17384,7.67114],[81.16987,7.67271],[81.16591,7.67418],[81.16394,7.67486],[81.16197,7.67561],[81.16,7.67641],[81.15593,7.67821],[81.15393,7.67904],[81.15189,7.67965],[81.14983,7.67896],[81.14871,7.67712],[81.1471,7.67578],[81.14507,7.67627],[81.14104,7.67782],[81.13711,7.67996],[81.13527,7.68111],[81.13328,7.68227],[81.12746,7.68523],[81.12552,7.68605],[81.12339,7.6869],[81.12137,7.68784],[81.1195,7.68878],[81.11761,7.68993],[81.11542,7.6916],[81.11329,7.69412],[81.11058,7.69773],[81.10879,7.7025],[81.10779,7.70388],[81.10695,7.70518],[81.10625,7.70652],[81.10545,7.70786],[81.1047,7.70933],[81.10407,7.71084],[81.10231,7.71365],[81.10156,7.71494],[81.10087,7.71635],[81.10008,7.71772],[81.09921,7.71912],[81.09842,7.72059],[81.09671,7.72328],[81.09569,7.72446],[81.09435,7.72519],[81.09283,7.72557],[81.09125,7.72572],[81.08792,7.7264],[81.08495,7.72721],[81.08333,7.72755],[81.08173,7.72769],[81.08004,7.72798],[81.07836,7.72859],[81.07675,7.7291],[81.07511,7.72933],[81.07337,7.72934],[81.07181,7.72953],[81.06874,7.73079],[81.06732,7.73021],[81.06468,7.72843],[81.06338,7.72766],[81.05942,7.72459],[81.05815,7.7237],[81.05659,7.72274],[81.05362,7.72128],[81.05221,7.72046],[81.05068,7.71949],[81.04927,7.71885],[81.04775,7.71878],[81.04607,7.71903],[81.04276,7.71922],[81.0418,7.71939],[81.04031,7.71939],[81.03855,7.71969],[81.03702,7.71987],[81.03524,7.72018],[81.03191,7.72116],[81.02875,7.72192],[81.02567,7.72289],[81.02403,7.72306],[81.02247,7.7228],[81.0209,7.72234],[81.01949,7.7218],[81.0167,7.72045],[81.01517,7.71961],[81.01376,7.71898],[81.01229,7.71843],[81.01078,7.71826],[81.00924,7.71828],[81.00771,7.71849],[81.00594,7.71881],[81.00249,7.71932],[81.00094,7.71962],[80.99935,7.72003],[80.99791,7.7205],[80.99647,7.72113],[80.99482,7.72144],[80.99311,7.72168],[80.99157,7.72172],[80.98998,7.72167],[80.98913,7.72169],[80.98901,7.72091],[80.98962,7.71991],[80.99,7.71832],[80.99055,7.71674],[80.99114,7.71517],[80.99176,7.71211],[80.99225,7.70886],[80.99238,7.70719],[80.99244,7.70387],[80.99271,7.70056],[80.99264,7.69872],[80.99217,7.69702],[80.99139,7.69564],[80.98933,7.69319],[80.98852,7.69189],[80.98785,7.69031],[80.98753,7.68883],[80.98805,7.68741],[80.98885,7.68616],[80.98959,7.68466],[80.99052,7.68337],[80.99132,7.68208],[80.99188,7.6806],[80.99282,7.67768],[80.99317,7.67611],[80.99343,7.6744],[80.99363,7.67271],[80.99374,7.67096],[80.99383,7.66754],[80.99397,7.66595],[80.99457,7.66294],[80.99468,7.66145],[80.99438,7.6599],[80.99376,7.65842],[80.993,7.65704],[80.99196,7.65565],[80.99094,7.65452],[80.98964,7.65338],[80.98846,7.65244],[80.98716,7.65119],[80.98514,7.64863],[80.9833,7.64611],[80.98167,7.64324],[80.98131,7.64138],[80.98115,7.63818],[80.98102,7.63666],[80.98059,7.63521],[80.98004,7.63369],[80.97958,7.63223],[80.97807,7.62582],[80.97791,7.62496],[80.97917,7.62245],[80.97988,7.62115],[80.98095,7.61987],[80.98232,7.61908],[80.98373,7.61858],[80.9847,7.6173],[80.98496,7.61575],[80.98478,7.61405],[80.98495,7.61256],[80.98556,7.61119],[80.98709,7.61122],[80.98835,7.61035],[80.98946,7.60935],[80.99094,7.60885],[80.99246,7.60855],[80.99416,7.60837],[80.99573,7.608],[80.99868,7.60653],[81.00003,7.60569],[81.00146,7.60495],[81.00294,7.60433],[81.00449,7.60377],[81.00592,7.60313],[81.00737,7.60241],[81.00885,7.6015],[81.01,7.60052],[81.01004,7.59903],[81.01093,7.59782],[81.0133,7.59588],[81.01387,7.59446],[81.01316,7.59142],[81.01311,7.58985],[81.01341,7.58822],[81.01361,7.58668],[81.01405,7.58515],[81.01462,7.58362],[81.01459,7.58235],[81.01442,7.58127],[81.01436,7.58013],[81.01474,7.5791],[81.01452,7.57692],[81.01426,7.57578],[81.01425,7.57462],[81.01416,7.57358],[81.01347,7.57157],[81.01272,7.56964],[81.01275,7.56861],[81.01304,7.56758],[81.01326,7.56656],[81.01318,7.56551],[81.01302,7.56437],[81.01313,7.56333],[81.01396,7.56254],[81.01457,7.56161],[81.01462,7.56047],[81.01457,7.55935],[81.01465,7.55832],[81.01483,7.55725],[81.0151,7.55617],[81.0152,7.55508],[81.0154,7.55396],[81.01552,7.55295],[81.01611,7.55207],[81.01709,7.55153],[81.01747,7.55054],[81.01803,7.54957],[81.01868,7.54878],[81.0195,7.54805],[81.02003,7.54707],[81.02027,7.54591],[81.02043,7.54482],[81.02081,7.54376],[81.02133,7.54282],[81.0219,7.54194],[81.02289,7.54143],[81.02381,7.54088],[81.02797,7.53937],[81.02885,7.53876],[81.0295,7.5379],[81.02986,7.53677],[81.03001,7.53574],[81.0301,7.53459],[81.03008,7.53236],[81.03029,7.53135],[81.03118,7.53059],[81.03216,7.53009],[81.03328,7.52928],[81.03404,7.52849],[81.03468,7.52766],[81.03598,7.52581],[81.03638,7.52474],[81.03662,7.52373],[81.03675,7.52266],[81.03681,7.52155],[81.03671,7.52049],[81.03681,7.51942],[81.0375,7.5186],[81.03773,7.51759],[81.03818,7.51664],[81.03879,7.51558],[81.03929,7.51462],[81.0396,7.51361],[81.03936,7.51133],[81.03948,7.51028],[81.03987,7.50921],[81.04034,7.50824],[81.04064,7.50712],[81.04109,7.50617],[81.04177,7.50533],[81.04282,7.50523],[81.04345,7.50623],[81.04437,7.50566],[81.04542,7.50574],[81.04641,7.50607],[81.04689,7.50507],[81.04778,7.50443],[81.04876,7.50482],[81.04917,7.50585],[81.05026,7.50571],[81.05124,7.50522],[81.0522,7.50577],[81.05265,7.50673],[81.05366,7.50622],[81.05459,7.50568],[81.05562,7.50609],[81.05642,7.50679],[81.05735,7.50742],[81.05841,7.5077],[81.05673,7.51042],[81.0587,7.51214],[81.05975,7.51215],[81.06088,7.5119],[81.06201,7.51185],[81.06313,7.51242],[81.06403,7.51323],[81.06455,7.51417],[81.06483,7.51516],[81.06595,7.51503],[81.06695,7.51465],[81.06795,7.51433],[81.069,7.51421],[81.07014,7.51417],[81.07121,7.51429],[81.07231,7.51424],[81.07281,7.51321],[81.07305,7.51212],[81.07406,7.51188],[81.07518,7.51184],[81.07631,7.51207],[81.07735,7.51271],[81.0781,7.51349],[81.07904,7.5141],[81.08182,7.51616],[81.08271,7.517],[81.0834,7.51784],[81.08591,7.52035],[81.08823,7.52252],[81.089,7.52333],[81.09352,7.52776],[81.09793,7.53158],[81.10278,7.53616],[81.10525,7.53835],[81.11047,7.54283],[81.11228,7.54423],[81.11318,7.54486],[81.11524,7.54618],[81.11629,7.54654],[81.1173,7.54708],[81.11927,7.54829],[81.12015,7.54889],[81.12099,7.54959],[81.12397,7.55131],[81.12574,7.55259],[81.12682,7.55321],[81.12885,7.55428],[81.12989,7.55498],[81.13068,7.55568],[81.13161,7.5562],[81.13277,7.55644],[81.13478,7.55709],[81.13676,7.55795],[81.13776,7.55827],[81.13973,7.55918],[81.14175,7.55998],[81.14279,7.56062],[81.1449,7.56169],[81.14592,7.56194],[81.14699,7.56238],[81.14791,7.5629],[81.14901,7.56301],[81.15008,7.56321],[81.15107,7.56369],[81.15218,7.56407],[81.15311,7.56454],[81.1542,7.56497],[81.1553,7.56518],[81.15745,7.56619],[81.15951,7.5669],[81.16058,7.56775],[81.16171,7.5688],[81.16258,7.56948],[81.1636,7.56987],[81.16461,7.57012],[81.16576,7.57052],[81.16686,7.57059],[81.16801,7.57056],[81.16908,7.57034],[81.17008,7.56991],[81.17097,7.56919],[81.17214,7.56944],[81.17297,7.57025],[81.17391,7.57079],[81.17496,7.57086],[81.17603,7.57078],[81.17706,7.57078],[81.17892,7.57209],[81.17999,7.57214],[81.18112,7.57197],[81.18216,7.57176],[81.18333,7.57169],[81.18441,7.57176],[81.18526,7.57236],[81.1859,7.57337],[81.18686,7.57404],[81.18791,7.57412],[81.18893,7.57383],[81.18949,7.57371],[81.19049,7.57136],[81.19097,7.57042],[81.19266,7.56886],[81.19363,7.5685],[81.1946,7.56806],[81.19557,7.56748],[81.19653,7.56677],[81.19874,7.56437],[81.19927,7.5635],[81.19962,7.56245],[81.19987,7.56137],[81.20026,7.56038],[81.20145,7.55837],[81.20218,7.55754],[81.20322,7.55724],[81.20425,7.55705],[81.20519,7.55648],[81.2054,7.55541],[81.20519,7.55422],[81.2046,7.55333],[81.20393,7.55249],[81.20393,7.5514],[81.20422,7.54921],[81.20477,7.54588],[81.20524,7.54487],[81.20566,7.54372],[81.20556,7.54268],[81.20525,7.54158],[81.20513,7.54026],[81.20557,7.53932],[81.20642,7.53841],[81.20709,7.53752],[81.20724,7.53648],[81.20719,7.53529],[81.20662,7.53315],[81.20644,7.53208],[81.20635,7.53105],[81.20618,7.52993],[81.20612,7.52875],[81.20607,7.52659],[81.20617,7.5243],[81.20635,7.52193],[81.20631,7.5207],[81.20633,7.5195],[81.20687,7.51746],[81.20678,7.51635],[81.20613,7.51539],[81.20529,7.5145],[81.20458,7.51362],[81.20405,7.51263],[81.20371,7.51148],[81.20343,7.50931],[81.2031,7.50721],[81.20264,7.50604],[81.2018,7.50536],[81.20094,7.50477],[81.2002,7.50391],[81.19959,7.50298],[81.1992,7.50193],[81.19892,7.50094],[81.19867,7.49868],[81.19833,7.49664],[81.19834,7.49551],[81.19852,7.49448],[81.19878,7.49348],[81.19923,7.49248],[81.19961,7.49146],[81.19994,7.49032],[81.20033,7.48816],[81.19984,7.48723],[81.19907,7.48631],[81.19857,7.48539],[81.19854,7.48317],[81.19864,7.48212],[81.19983,7.47789],[81.19996,7.47681],[81.19999,7.47572],[81.19922,7.47152],[81.19878,7.47048],[81.1981,7.46957],[81.19724,7.46878],[81.19537,7.46764],[81.19347,7.46674],[81.19253,7.46606],[81.19208,7.4651],[81.19213,7.46403],[81.19267,7.46308],[81.19362,7.46254],[81.19453,7.46184],[81.19496,7.46083],[81.19481,7.45978],[81.19427,7.45883],[81.19292,7.45725],[81.19119,7.45596],[81.1904,7.45523],[81.1897,7.4544],[81.18956,7.45337],[81.1899,7.45232],[81.19003,7.45127],[81.18931,7.45051],[81.18736,7.44942],[81.1862,7.44911],[81.18512,7.4487],[81.18421,7.44808],[81.18334,7.44737],[81.18283,7.44639],[81.18269,7.4453],[81.18264,7.44419],[81.18281,7.44314],[81.18349,7.44211],[81.18534,7.44096],[81.18732,7.44005],[81.18817,7.43939],[81.18868,7.43828],[81.18887,7.43719],[81.18914,7.43609],[81.19017,7.43403],[81.19086,7.432],[81.19118,7.43089],[81.19153,7.42882],[81.1916,7.42772],[81.19162,7.42655],[81.19172,7.42535],[81.19204,7.42328],[81.1928,7.42255],[81.19376,7.42218],[81.19431,7.42129],[81.19368,7.41912],[81.19346,7.41794],[81.1934,7.41685],[81.19347,7.4157],[81.19363,7.41461],[81.19425,7.41241],[81.19458,7.41143],[81.19604,7.40841],[81.19649,7.40731],[81.1967,7.40628],[81.19673,7.40521],[81.19689,7.40415],[81.19723,7.40304],[81.19878,7.40145],[81.19938,7.40056],[81.19989,7.39952],[81.20033,7.39838],[81.2007,7.39733],[81.20098,7.39629],[81.20136,7.39298],[81.2016,7.39198],[81.20164,7.38876],[81.20132,7.38771],[81.20051,7.38699],[81.19948,7.38671],[81.19852,7.38632],[81.19753,7.38603],[81.1954,7.38567],[81.19444,7.3853],[81.1939,7.38441],[81.19381,7.38327],[81.19386,7.38212],[81.19347,7.37996],[81.19345,7.37889],[81.19372,7.37764],[81.19419,7.37667],[81.19507,7.37606],[81.1972,7.37587],[81.19811,7.37535],[81.19874,7.37452],[81.19884,7.37346],[81.19921,7.37243],[81.19999,7.37169],[81.20165,7.37031],[81.20254,7.36977],[81.20374,7.36798],[81.20416,7.36702],[81.2045,7.366],[81.20473,7.36495],[81.20481,7.36387],[81.20544,7.36058],[81.20586,7.35951],[81.20642,7.3586],[81.20754,7.35663],[81.2082,7.35577],[81.20865,7.35469],[81.20889,7.35367],[81.20912,7.3514],[81.20933,7.35037],[81.20968,7.34933],[81.21045,7.34836],[81.21145,7.34806],[81.21357,7.34813],[81.21463,7.34784],[81.21495,7.34684],[81.21448,7.34586],[81.21439,7.34477],[81.2148,7.34369],[81.21541,7.3428],[81.21632,7.3423],[81.21742,7.34203],[81.2184,7.34151],[81.2188,7.34051],[81.21812,7.33815],[81.21826,7.33675],[81.21853,7.33573],[81.21888,7.33471],[81.21938,7.33374],[81.22006,7.3329],[81.22102,7.33236],[81.22217,7.33216],[81.22335,7.33203],[81.22423,7.33225],[81.22525,7.33286],[81.226,7.33358],[81.22704,7.33362],[81.22823,7.33385],[81.2293,7.33418],[81.23038,7.33464],[81.23133,7.33524],[81.23199,7.33627],[81.23243,7.33749],[81.23297,7.33844],[81.23369,7.33921],[81.23449,7.33995],[81.23722,7.34181],[81.23826,7.34166],[81.23911,7.34086],[81.2399,7.33999],[81.2407,7.33925],[81.24162,7.33863],[81.24346,7.33724],[81.2443,7.33646],[81.24516,7.33583],[81.2461,7.33529],[81.24673,7.33441],[81.24693,7.33336],[81.24689,7.33222],[81.24665,7.33114],[81.24608,7.32899],[81.24522,7.32688],[81.24554,7.32599],[81.24606,7.32519],[81.24679,7.32444],[81.24766,7.32391],[81.24845,7.32331],[81.24993,7.32206],[81.25055,7.32136],[81.2517,7.31982],[81.25276,7.31813],[81.25645,7.31398],[81.25725,7.31334],[81.25806,7.31287],[81.25978,7.31173],[81.26055,7.31128],[81.26121,7.31062],[81.26186,7.30985],[81.2633,7.30845],[81.26393,7.30768],[81.2658,7.30465],[81.26678,7.30186],[81.26716,7.30096],[81.26762,7.30005],[81.26869,7.29733],[81.26913,7.29657],[81.26939,7.29574],[81.26981,7.29471],[81.27019,7.29391],[81.27071,7.29303],[81.27156,7.2913],[81.2716,7.29043],[81.2714,7.28955],[81.27094,7.28872],[81.26977,7.28714],[81.26846,7.28572],[81.26795,7.28493],[81.26754,7.28418],[81.26734,7.28322],[81.26724,7.2823],[81.26721,7.2814],[81.26743,7.28057],[81.2684,7.27902],[81.26971,7.27745],[81.27052,7.2769],[81.27076,7.27624],[81.27174,7.27476],[81.27219,7.27386],[81.27254,7.27299],[81.273,7.27222],[81.27417,7.27057],[81.27466,7.26979],[81.27602,7.26719],[81.27648,7.26644],[81.27701,7.26569],[81.27844,7.26329],[81.27888,7.26235],[81.27916,7.26152],[81.27902,7.26067],[81.27861,7.25984],[81.27757,7.25815],[81.27722,7.25733],[81.27712,7.25634],[81.27744,7.25544],[81.27834,7.25392],[81.27959,7.25255],[81.2812,7.25148],[81.28191,7.25094],[81.28271,7.25056],[81.28443,7.25009],[81.28618,7.24938],[81.2866,7.24856],[81.28661,7.24768],[81.28632,7.24673],[81.28459,7.24433],[81.28432,7.2435],[81.28429,7.24172],[81.28467,7.24093],[81.28549,7.24056],[81.28639,7.2408],[81.2871,7.24137],[81.28775,7.242],[81.28871,7.24265],[81.28948,7.24304],[81.29007,7.24375],[81.29079,7.24436],[81.29429,7.24622],[81.29498,7.24681],[81.29563,7.24755],[81.29621,7.24831],[81.29738,7.25001],[81.29801,7.25062],[81.29932,7.25214],[81.2998,7.253],[81.30041,7.25373],[81.30199,7.25505],[81.3036,7.25615],[81.30512,7.25742],[81.30597,7.25792],[81.30766,7.25856],[81.30952,7.25901],[81.3114,7.25927],[81.314,7.26018],[81.3148,7.26049],[81.31558,7.26093],[81.31632,7.26143],[81.31708,7.26185],[81.31864,7.26256],[81.31946,7.26283],[81.3222,7.26272],[81.32298,7.26307],[81.32311,7.26403],[81.32295,7.26497],[81.32252,7.26579],[81.32224,7.26662],[81.32203,7.26755],[81.32176,7.26838],[81.32091,7.26991],[81.32058,7.27078],[81.32011,7.27255],[81.32002,7.27344],[81.31982,7.2744],[81.31957,7.27523],[81.31912,7.27704],[81.31899,7.27792],[81.31912,7.27883],[81.31942,7.28008],[81.3198,7.28113],[81.32008,7.28297],[81.32033,7.28389],[81.32073,7.28474],[81.32127,7.28544],[81.32174,7.28621],[81.3221,7.28711],[81.32222,7.28809],[81.32224,7.28903],[81.32216,7.29177],[81.32225,7.29358],[81.32289,7.29417],[81.32333,7.29501],[81.32379,7.29574],[81.32407,7.29657],[81.32454,7.29737],[81.32487,7.29819],[81.32504,7.29911],[81.32469,7.3],[81.32382,7.30175],[81.32349,7.30258],[81.32308,7.30337],[81.32246,7.30419],[81.32184,7.30491],[81.32132,7.30592],[81.32094,7.30692],[81.32051,7.30781],[81.31892,7.31023],[81.31851,7.31102],[81.31822,7.31193],[81.31805,7.3129],[81.31793,7.31481],[81.318,7.31577],[81.31841,7.31768],[81.31865,7.31862],[81.31922,7.32037],[81.32054,7.32302],[81.32084,7.32396],[81.32156,7.32747],[81.32105,7.32837],[81.32035,7.32924],[81.31957,7.32998],[81.31998,7.33099],[81.31925,7.33299],[81.32028,7.33325],[81.32133,7.33339],[81.32104,7.33447],[81.32066,7.33549],[81.32035,7.33654],[81.32066,7.33752],[81.3217,7.33709],[81.3226,7.33518],[81.32321,7.33424],[81.32424,7.33412],[81.32619,7.33493],[81.32722,7.33504],[81.32828,7.33507],[81.32936,7.33492],[81.33126,7.33407],[81.33235,7.33442],[81.33339,7.33461],[81.33441,7.3344],[81.33549,7.33494],[81.33627,7.33565],[81.33717,7.33622],[81.33937,7.33609],[81.34147,7.33655],[81.34237,7.33601],[81.34333,7.33557],[81.3445,7.33558],[81.34555,7.33585],[81.34773,7.3363],[81.34892,7.3366],[81.35007,7.33678],[81.35222,7.3372],[81.35454,7.33745],[81.35654,7.33823],[81.35764,7.33872],[81.35897,7.3392],[81.36014,7.33956],[81.36108,7.33999],[81.36328,7.34105],[81.36418,7.3416],[81.36506,7.34223],[81.36704,7.34345],[81.36724,7.34458],[81.36686,7.34567],[81.36632,7.34667],[81.36574,7.34756],[81.36388,7.35014],[81.36341,7.35118],[81.36313,7.35229],[81.36329,7.35351],[81.36411,7.3555],[81.36515,7.35749],[81.36587,7.35832],[81.36693,7.35864],[81.36808,7.35866],[81.36909,7.35839],[81.37026,7.35818],[81.37241,7.35823],[81.37347,7.35816],[81.37448,7.35852],[81.37528,7.35918],[81.37575,7.36013],[81.37609,7.36112],[81.37669,7.36208],[81.37735,7.36291],[81.37815,7.36372],[81.38088,7.3659],[81.38246,7.36742],[81.38332,7.36799],[81.3842,7.36869],[81.38598,7.36992],[81.38639,7.37087],[81.38618,7.37189],[81.38571,7.37285],[81.38512,7.37374],[81.38432,7.37444],[81.3834,7.37505],[81.38254,7.37576],[81.38183,7.37657],[81.38142,7.37752],[81.38091,7.37997],[81.38094,7.38235],[81.38086,7.38342],[81.38069,7.38452],[81.38058,7.38675],[81.38034,7.3878],[81.37963,7.38863],[81.37804,7.39005],[81.37723,7.39084],[81.37593,7.39261],[81.3753,7.39356],[81.37434,7.39552],[81.37369,7.39762],[81.37359,7.39873],[81.37361,7.40316],[81.37366,7.40427],[81.37382,7.40533],[81.37431,7.40643],[81.37542,7.40832],[81.37499,7.40937],[81.37499,7.4104],[81.37593,7.41094],[81.377,7.41079],[81.38005,7.40935],[81.3811,7.40889],[81.38217,7.40852],[81.38328,7.40804],[81.3844,7.40768],[81.38544,7.40758],[81.38663,7.4077],[81.38768,7.40795],[81.38883,7.40789],[81.38978,7.40829],[81.39066,7.40886],[81.3915,7.40955],[81.39257,7.41004],[81.39364,7.41068],[81.39441,7.41144],[81.39592,7.41311],[81.39691,7.4136],[81.39803,7.41363],[81.39911,7.41371],[81.39984,7.41455],[81.40029,7.41555],[81.40123,7.416],[81.40242,7.41599],[81.40352,7.41604],[81.4046,7.41631],[81.40571,7.41666],[81.40658,7.4173],[81.40707,7.41824],[81.40773,7.41913],[81.40835,7.42007],[81.40871,7.42121],[81.40893,7.42243],[81.40895,7.4235],[81.40873,7.42463],[81.40858,7.4257],[81.40786,7.42775],[81.40689,7.42991],[81.40683,7.43095],[81.40695,7.43213],[81.40752,7.43314],[81.40861,7.43365],[81.41074,7.43389],[81.41162,7.43453],[81.41266,7.43472],[81.41373,7.43433],[81.41475,7.43463],[81.41574,7.43511],[81.41693,7.43524],[81.41894,7.43465],[81.41995,7.43491],[81.42087,7.43552],[81.4219,7.43578],[81.42273,7.43649],[81.42342,7.43858],[81.42483,7.44154],[81.42592,7.44161],[81.42705,7.44136],[81.42811,7.4413],[81.42922,7.4416],[81.43035,7.44202],[81.43397,7.44318],[81.43519,7.44343],[81.43628,7.44357],[81.43726,7.44416],[81.43805,7.4449],[81.43896,7.44566],[81.43984,7.44627],[81.44171,7.44737],[81.44279,7.44787],[81.44367,7.44857],[81.44505,7.45056],[81.44586,7.45138],[81.44854,7.45364],[81.44953,7.45435],[81.45049,7.45494],[81.45249,7.4559],[81.45428,7.45728],[81.45526,7.45796],[81.45637,7.45844],[81.45753,7.45855],[81.45858,7.45835],[81.46059,7.45741],[81.46169,7.4572],[81.46263,7.45679],[81.46364,7.45645],[81.46492,7.45671],[81.46605,7.457],[81.46735,7.45708],[81.46845,7.45687],[81.4696,7.45679],[81.47063,7.45705],[81.47173,7.4569],[81.47246,7.45611],[81.47347,7.45586],[81.47465,7.45598],[81.47576,7.45592],[81.47684,7.45562],[81.47884,7.4547],[81.47907,7.45404],[81.47851,7.45287],[81.47744,7.45087],[81.47676,7.44987],[81.47605,7.44901],[81.47476,7.44715],[81.47315,7.44558],[81.47229,7.44499],[81.47146,7.44434],[81.47079,7.44328],[81.47026,7.44224],[81.46886,7.44031],[81.4677,7.43829],[81.46562,7.4355],[81.46498,7.43468],[81.46354,7.43315],[81.46224,7.43143],[81.462,7.43039],[81.46219,7.42934],[81.46268,7.42807],[81.46325,7.42701],[81.46398,7.4262],[81.465,7.42552],[81.46613,7.42505],[81.47093,7.42364],[81.47208,7.42343],[81.47327,7.42332],[81.4744,7.42334],[81.47558,7.42311],[81.47653,7.42257],[81.4771,7.42167],[81.47683,7.42058],[81.4762,7.41969],[81.47602,7.41856],[81.47577,7.41749],[81.47545,7.41637],[81.4751,7.4154],[81.47481,7.41416],[81.47459,7.41293],[81.47329,7.40865],[81.47264,7.4054],[81.47255,7.40415],[81.47232,7.39519],[81.4723,7.39406],[81.47241,7.39298],[81.47271,7.39198],[81.47319,7.39098],[81.47625,7.38612],[81.47851,7.38222],[81.47942,7.38016],[81.47985,7.37897],[81.48043,7.37684],[81.48084,7.37577],[81.48122,7.37459],[81.48155,7.37321],[81.48218,7.36994],[81.48267,7.36768],[81.48395,7.3635],[81.48416,7.3625],[81.48433,7.36129],[81.48491,7.35914],[81.48525,7.35814],[81.48551,7.35703],[81.48701,7.35269],[81.48753,7.35069],[81.48792,7.34973],[81.48794,7.34866],[81.48903,7.34433],[81.48937,7.34217],[81.49008,7.34004],[81.49056,7.3389],[81.4908,7.33782],[81.4903,7.33675],[81.48967,7.33593],[81.48814,7.33439],[81.48646,7.33292],[81.48552,7.33227],[81.48479,7.33155],[81.48448,7.33053],[81.48357,7.32972],[81.48251,7.32932],[81.48143,7.32923],[81.48047,7.32875],[81.47977,7.32798],[81.47929,7.32702],[81.47893,7.32569],[81.47901,7.32472],[81.47938,7.32385],[81.47985,7.323],[81.48035,7.32223],[81.48106,7.32135],[81.48175,7.32073],[81.48251,7.32025],[81.48321,7.31953],[81.48376,7.3187],[81.48415,7.31788],[81.48478,7.31723],[81.48555,7.31666],[81.4862,7.31606],[81.48678,7.31514],[81.4874,7.31443],[81.49109,7.31155],[81.49177,7.31092],[81.49241,7.31018],[81.49372,7.30878],[81.49492,7.30713],[81.4956,7.30631],[81.49639,7.30565],[81.49772,7.30435],[81.49852,7.30399],[81.49948,7.30365],[81.50137,7.3028],[81.50305,7.30174],[81.50386,7.30144],[81.50565,7.30108],[81.50743,7.30055],[81.51008,7.29942],[81.51163,7.29863],[81.51251,7.29834],[81.51286,7.29807],[81.51382,7.29651],[81.51617,7.29327],[81.51752,7.29186],[81.51882,7.29031],[81.52058,7.28675],[81.52065,7.28474],[81.51898,7.28372],[81.51745,7.28244],[81.51764,7.28047],[81.51846,7.27865],[81.51975,7.27717],[81.52318,7.27221],[81.52417,7.27054],[81.52405,7.26857],[81.52349,7.26667],[81.52395,7.26276],[81.52445,7.2608],[81.52537,7.259],[81.52642,7.25732],[81.52727,7.25555],[81.52757,7.25358],[81.52656,7.25182],[81.52527,7.25024],[81.5243,7.24855],[81.52347,7.24676],[81.52285,7.24489],[81.52307,7.24291],[81.52441,7.24149],[81.52631,7.24097],[81.52829,7.24102],[81.53005,7.24019],[81.53201,7.24023],[81.53398,7.24003],[81.53513,7.23838],[81.53701,7.23483],[81.53814,7.2332],[81.54014,7.23322],[81.5421,7.23308],[81.54362,7.23186],[81.54501,7.23048],[81.54589,7.22871],[81.54693,7.22706],[81.54766,7.22524],[81.5494,7.22433],[81.55106,7.22312],[81.55196,7.22135],[81.55271,7.21952],[81.55309,7.21758],[81.55131,7.21668],[81.54937,7.2163],[81.54553,7.21524],[81.54366,7.21462],[81.54198,7.21363],[81.5404,7.21246],[81.53731,7.20996],[81.5357,7.20886],[81.53422,7.20756],[81.53255,7.20646],[81.53066,7.2057],[81.52899,7.20459],[81.52787,7.20295],[81.52686,7.20126],[81.52535,7.20002],[81.52365,7.19899],[81.52242,7.19762],[81.52206,7.19568],[81.52122,7.19382],[81.51989,7.19231],[81.51836,7.19106],[81.51788,7.18912],[81.51651,7.1877],[81.51545,7.18604],[81.51481,7.18419],[81.51317,7.1831],[81.51144,7.18207],[81.51135,7.17942],[81.51,7.17734],[81.50976,7.1764],[81.50957,7.17541],[81.50774,7.17084],[81.50694,7.1692],[81.50662,7.16838],[81.50573,7.16637],[81.50522,7.1655],[81.50415,7.1639],[81.5037,7.16312],[81.5033,7.16229],[81.50289,7.16133],[81.50256,7.16032],[81.50175,7.15848],[81.50087,7.15669],[81.50047,7.15576],[81.50014,7.15481],[81.49998,7.1539],[81.50013,7.1528],[81.50011,7.15174],[81.50001,7.15086],[81.50007,7.14982],[81.50034,7.14891],[81.5009,7.14784],[81.50394,7.14506],[81.50469,7.14455],[81.50569,7.14405],[81.50733,7.1429],[81.50815,7.14249],[81.50965,7.14116],[81.51026,7.14041],[81.51077,7.13947],[81.51131,7.13867],[81.51232,7.13797],[81.51341,7.1363],[81.51321,7.13435],[81.51205,7.13276],[81.51113,7.13101],[81.5118,7.12918],[81.51286,7.1275],[81.51308,7.12556],[81.51289,7.1236],[81.51162,7.11983],[81.51133,7.11786],[81.51204,7.11601],[81.51315,7.1144],[81.5142,7.11269],[81.5151,7.11084],[81.51571,7.10895],[81.51556,7.10692],[81.51528,7.10496],[81.51541,7.103],[81.5167,7.10142],[81.51799,7.09995],[81.51953,7.09868],[81.52111,7.09747],[81.52296,7.09659],[81.52469,7.09562],[81.5264,7.09449],[81.52791,7.09321],[81.52957,7.09208],[81.5313,7.09103],[81.53317,7.09036],[81.53479,7.09146],[81.53503,7.09343],[81.53648,7.09478],[81.53751,7.09309],[81.53767,7.09113],[81.53941,7.0901],[81.54145,7.08979],[81.54324,7.08902],[81.54504,7.08815],[81.5466,7.08683],[81.54843,7.08596],[81.55044,7.08576],[81.55242,7.08528],[81.55416,7.08441],[81.55612,7.08356],[81.55799,7.0829],[81.55983,7.08202],[81.56175,7.08148],[81.56372,7.08114],[81.56568,7.08087],[81.56767,7.08106],[81.56954,7.08174],[81.57149,7.08198],[81.57334,7.08133],[81.57483,7.07998],[81.57649,7.07876],[81.57822,7.07768],[81.57967,7.07634],[81.58162,7.07595],[81.58362,7.07586],[81.58544,7.07504],[81.58735,7.07454],[81.58931,7.07459],[81.59043,7.07297],[81.59204,7.0718],[81.59374,7.07073],[81.59448,7.07047],[81.59612,7.06963],[81.59796,7.06962],[81.5997,7.07019],[81.60156,7.07047],[81.6034,7.07042],[81.60517,7.06989],[81.60702,7.06951],[81.60885,7.06949],[81.61055,7.06881],[81.61232,7.06845],[81.61416,7.06845],[81.61485,7.06671],[81.61486,7.06485],[81.61516,7.06306],[81.61601,7.06142],[81.61673,7.0597],[81.61732,7.05795],[81.61751,7.05614],[81.61824,7.05442],[81.61913,7.05278],[81.61944,7.05098],[81.61924,7.04918],[81.6185,7.04748],[81.61744,7.04594],[81.61607,7.04476],[81.61448,7.04388],[81.61289,7.04289],[81.6115,7.04167],[81.61108,7.03983],[81.6111,7.038],[81.6106,7.03623],[81.60978,7.03453],[81.60932,7.03274],[81.60742,7.02958],[81.60706,7.02777],[81.60717,7.02589],[81.60781,7.02408],[81.60896,7.02252],[81.61014,7.02117],[81.61108,7.01962],[81.61194,7.01805],[81.61259,7.01637],[81.61307,7.01462],[81.61349,7.01276],[81.61405,7.01099],[81.61429,7.00918],[81.61433,7.00735],[81.61398,7.00553],[81.61388,7.00374],[81.61539,7.00267],[81.61714,7.00194],[81.61889,7.00132],[81.62022,7.00009],[81.62094,6.99838],[81.62127,6.99654],[81.62125,6.99473],[81.621,6.99291],[81.62082,6.99107],[81.62024,6.98934],[81.61942,6.98765],[81.61855,6.98608],[81.61774,6.98444],[81.61722,6.98263],[81.61716,6.98082],[81.61775,6.97907],[81.61876,6.97738],[81.61997,6.97595],[81.6213,6.97462],[81.62244,6.97322],[81.62395,6.97212],[81.62524,6.97084],[81.62674,6.96962],[81.63023,6.96847],[81.63154,6.96722],[81.63258,6.96563],[81.63407,6.96439],[81.6355,6.96328],[81.63658,6.9618],[81.63715,6.96005],[81.63699,6.95824],[81.63646,6.95641],[81.63584,6.95284],[81.63496,6.94928],[81.63467,6.9475],[81.63415,6.94574],[81.63377,6.94393],[81.63397,6.94213],[81.63399,6.94033],[81.63377,6.93846],[81.63339,6.93667],[81.63281,6.93488],[81.63254,6.93307],[81.63203,6.93126],[81.63188,6.92944],[81.63149,6.92756],[81.63122,6.9257],[81.63103,6.92385],[81.63051,6.9221],[81.62992,6.92028],[81.62894,6.91486],[81.62875,6.913],[81.62864,6.90934],[81.62862,6.90569],[81.62853,6.90379],[81.62853,6.89825],[81.62842,6.89456],[81.62848,6.8927],[81.62839,6.88904],[81.6284,6.88723],[81.62832,6.88542],[81.62833,6.88359],[81.62826,6.88176],[81.62798,6.8781],[81.62798,6.8762],[81.62808,6.87438],[81.62807,6.87252],[81.62812,6.87073],[81.62801,6.86887],[81.62783,6.86708],[81.62755,6.86527],[81.62748,6.86339],[81.62724,6.85966],[81.62692,6.85775],[81.62671,6.85209],[81.62656,6.85015],[81.62649,6.84836],[81.6261,6.84468],[81.62573,6.83907],[81.62578,6.83725],[81.62477,6.82784],[81.62456,6.82396],[81.62441,6.82211],[81.62428,6.81851],[81.62403,6.81663],[81.62393,6.81483],[81.62398,6.81417],[81.62303,6.81233],[81.62274,6.81039],[81.62258,6.80634],[81.62184,6.79838],[81.62164,6.79441],[81.62133,6.79041],[81.62118,6.78639],[81.6207,6.77833],[81.62063,6.77633],[81.62066,6.77429],[81.6205,6.77229],[81.62039,6.77022],[81.62007,6.76825],[81.61991,6.76623],[81.61958,6.76014],[81.61914,6.75609],[81.61924,6.74568],[81.61915,6.74358],[81.61908,6.73728],[81.61899,6.73523],[81.61863,6.7311],[81.61852,6.72898],[81.61843,6.72695],[81.61826,6.72077],[81.61824,6.7168],[81.61855,6.71486],[81.6182,6.71286],[81.61812,6.70889],[81.61785,6.70461],[81.61782,6.70259],[81.61773,6.70062],[81.61756,6.69867],[81.61751,6.69664],[81.61729,6.6947],[81.61707,6.69064],[81.61606,6.68681],[81.61575,6.68484],[81.61577,6.68287],[81.61546,6.6809],[81.61529,6.67887],[81.61514,6.67689],[81.61494,6.67298],[81.61456,6.67092],[81.61448,6.66684],[81.61394,6.65869],[81.61386,6.65663],[81.61385,6.65465],[81.61349,6.65069],[81.61321,6.64654],[81.61302,6.64451],[81.61289,6.64244],[81.6128,6.6384],[81.61251,6.63447],[81.61208,6.63031],[81.6118,6.6263],[81.61159,6.6222],[81.61145,6.61821],[81.61108,6.61417],[81.611,6.61019],[81.61085,6.6081],[81.61045,6.6041],[81.6103,6.60209],[81.61022,6.60013],[81.61008,6.59802],[81.61002,6.59602],[81.61017,6.59403],[81.60992,6.59207],[81.60959,6.59011],[81.60941,6.5881],[81.60894,6.58412],[81.60834,6.58023],[81.60831,6.58004],[81.61028,6.57858],[81.61163,6.57672],[81.6127,6.57455],[81.61385,6.57351],[81.61542,6.57234],[81.61962,6.57223],[81.62091,6.57114],[81.62117,6.56938],[81.62109,6.56606],[81.6217,6.56438],[81.62301,6.56265],[81.62404,6.5615],[81.62549,6.56028],[81.62725,6.55913],[81.62879,6.55758],[81.63046,6.55576],[81.63164,6.55419],[81.63301,6.55254],[81.63364,6.55164],[81.63422,6.55065],[81.63483,6.54928],[81.63529,6.54752],[81.63552,6.54678],[81.63608,6.54524],[81.63641,6.5445],[81.63702,6.54345],[81.63749,6.54279],[81.63801,6.54222],[81.63868,6.54182],[81.64016,6.54137],[81.64132,6.54124],[81.64173,6.54124],[81.64253,6.54133],[81.64332,6.54152],[81.64441,6.54193],[81.64513,6.54228],[81.64585,6.54274],[81.64771,6.54411],[81.64948,6.54493],[81.65021,6.54504],[81.65097,6.54494],[81.65162,6.54461],[81.6522,6.54414],[81.65274,6.54356],[81.65359,6.54232],[81.6541,6.54171],[81.65532,6.54084],[81.656,6.54048],[81.65637,6.54034],[81.65747,6.54012],[81.6587,6.53998],[81.66235,6.54036],[81.66297,6.53946],[81.66358,6.53904],[81.66409,6.53849],[81.66452,6.5378],[81.66499,6.53721],[81.66627,6.5358],[81.66749,6.53476],[81.66799,6.53421],[81.6684,6.53351],[81.66875,6.53283],[81.66919,6.53172],[81.67001,6.529],[81.67046,6.52705],[81.67068,6.52631],[81.67097,6.52561],[81.6725,6.52409],[81.67311,6.52318],[81.67367,6.5224],[81.6749,6.52168],[81.67636,6.52045],[81.6772,6.5197],[81.67915,6.51859],[81.68241,6.51646],[81.6844,6.51525],[81.68613,6.51431],[81.68728,6.51406],[81.68839,6.51357],[81.68916,6.51348],[81.69062,6.51323],[81.69148,6.51314],[81.69226,6.51326],[81.69448,6.51341],[81.69534,6.51362],[81.69743,6.5141],[81.6982,6.51448],[81.69864,6.51467],[81.6993,6.51461],[81.7014,6.51387],[81.70206,6.51365],[81.70286,6.51339],[81.70788,6.51073]]]}},{"type":"Feature","properties":{"slug":"anuradhapura","name":"Anuradhapura","district_id":20,"iso":"LK-71"},"geometry":{"type":"Polygon","coordinates":[[[80.03237,8.52721],[80.03268,8.52444],[80.03305,8.52341],[80.03494,8.51894],[80.03859,8.51019],[80.0428,8.50005],[80.0428,8.49343],[80.03186,8.46535],[80.0215,8.45158],[80.02054,8.45052],[80.01998,8.44857],[80.02027,8.4471],[80.0203,8.44588],[80.01971,8.44505],[80.01828,8.44494],[80.01728,8.44459],[80.01647,8.44179],[80.01522,8.44072],[80.01293,8.44027],[80.01212,8.43995],[80.01039,8.4392],[80.00869,8.43957],[80.00751,8.43901],[80.00699,8.43811],[80.00713,8.43669],[80.00707,8.4353],[80.0068,8.4348],[80.00599,8.43421],[80.00446,8.43399],[80.00197,8.43434],[80.00057,8.43394],[79.99981,8.43247],[79.99957,8.43102],[79.99895,8.42964],[79.9963,8.4266],[79.99015,8.42318],[79.98869,8.42104],[79.99042,8.42024],[79.99204,8.41746],[79.99053,8.41388],[79.98718,8.41255],[79.98526,8.41209],[79.98492,8.41133],[79.98421,8.40891],[79.9811,8.40208],[79.97897,8.40074],[79.97709,8.39748],[79.96807,8.39878],[79.96181,8.39803],[79.95619,8.39429],[79.955,8.3835],[79.9523,8.37507],[79.95279,8.3694],[79.9582,8.36081],[79.96461,8.35174],[79.96699,8.35033],[79.97477,8.33709],[79.97566,8.32651],[79.9807,8.31271],[79.98169,8.30765],[79.98108,8.30621],[79.9781,8.30289],[79.97856,8.30153],[79.98039,8.30077],[79.98407,8.28429],[79.9819,8.27734],[79.98876,8.26695],[79.99575,8.25417],[79.99954,8.23839],[79.99934,8.23256],[80.0001,8.22848],[80.00826,8.22966],[80.01781,8.22478],[80.02755,8.22702],[80.03031,8.23049],[80.0323,8.23404],[80.03778,8.23789],[80.04323,8.23399],[80.04568,8.23056],[80.05314,8.22466],[80.06186,8.21981],[80.06699,8.21948],[80.07946,8.22357],[80.0865,8.21068],[80.09668,8.20949],[80.0982,8.20221],[80.10191,8.19726],[80.10765,8.19587],[80.10998,8.19311],[80.10857,8.191],[80.1101,8.18877],[80.11181,8.18733],[80.11693,8.18658],[80.11884,8.18537],[80.11956,8.18488],[80.12059,8.18393],[80.12124,8.18325],[80.12304,8.18133],[80.12596,8.18064],[80.12762,8.1801],[80.13429,8.17927],[80.13774,8.17656],[80.14509,8.17573],[80.15086,8.17559],[80.15959,8.16781],[80.16549,8.16406],[80.17274,8.16282],[80.17869,8.16356],[80.18385,8.16207],[80.18594,8.15993],[80.18487,8.15706],[80.1851,8.15412],[80.18815,8.15147],[80.19189,8.15313],[80.19531,8.15195],[80.2009,8.15419],[80.20712,8.15354],[80.21072,8.1496],[80.21186,8.14565],[80.21507,8.14363],[80.22037,8.14229],[80.22327,8.14253],[80.22587,8.14177],[80.23263,8.14011],[80.24293,8.13519],[80.24879,8.13357],[80.25119,8.13317],[80.2524,8.13256],[80.2531,8.13159],[80.25364,8.13053],[80.25748,8.12721],[80.26081,8.12409],[80.26163,8.1226],[80.26197,8.11971],[80.26312,8.11778],[80.26636,8.11544],[80.26768,8.11517],[80.26955,8.11541],[80.27252,8.11651],[80.27378,8.11707],[80.2744,8.11716],[80.27601,8.11673],[80.27728,8.11667],[80.27913,8.11607],[80.28057,8.1159],[80.28226,8.11652],[80.28434,8.1179],[80.28538,8.11861],[80.28596,8.11877],[80.28659,8.11863],[80.28865,8.11731],[80.28993,8.11725],[80.29092,8.11791],[80.29149,8.11827],[80.29302,8.11861],[80.29401,8.11863],[80.2949,8.11827],[80.2986,8.11594],[80.30119,8.11552],[80.30333,8.11564],[80.30463,8.11669],[80.30604,8.11741],[80.30711,8.11749],[80.3081,8.11715],[80.31139,8.1148],[80.31398,8.1131],[80.31494,8.11284],[80.3165,8.11284],[80.31718,8.11224],[80.31835,8.11037],[80.31878,8.10823],[80.32191,8.10294],[80.32407,8.09711],[80.32877,8.09369],[80.3325,8.08952],[80.33703,8.08877],[80.33924,8.08493],[80.34405,8.08095],[80.34513,8.08075],[80.34788,8.08145],[80.34896,8.08102],[80.35161,8.0784],[80.35544,8.07407],[80.35828,8.06897],[80.35956,8.06797],[80.36089,8.06748],[80.36364,8.06714],[80.36551,8.06472],[80.36876,8.05894],[80.37002,8.0578],[80.37273,8.05726],[80.37409,8.05663],[80.37703,8.05609],[80.37865,8.0569],[80.38038,8.0565],[80.38111,8.05561],[80.38138,8.055],[80.383,8.05406],[80.38348,8.05313],[80.38378,8.05265],[80.38545,8.05142],[80.3869,8.05063],[80.3881,8.05056],[80.38874,8.05017],[80.39055,8.04888],[80.39239,8.04803],[80.39319,8.04821],[80.39368,8.04855],[80.39473,8.05171],[80.39532,8.05273],[80.39617,8.05322],[80.39884,8.05328],[80.4013,8.05354],[80.40288,8.0542],[80.40386,8.05473],[80.40468,8.0549],[80.40539,8.05468],[80.40792,8.05217],[80.41095,8.04984],[80.41349,8.0485],[80.41405,8.0477],[80.41505,8.04573],[80.4161,8.04463],[80.41711,8.04397],[80.41875,8.04409],[80.41937,8.04363],[80.41983,8.04115],[80.41975,8.03902],[80.4196,8.02958],[80.41876,8.0211],[80.41807,8.01253],[80.41537,8.00722],[80.41922,7.99986],[80.4222,7.99215],[80.42357,7.98632],[80.42408,7.98243],[80.4228,7.97623],[80.42337,7.97294],[80.42501,7.97002],[80.42578,7.96611],[80.426,7.96286],[80.42468,7.96002],[80.42242,7.95836],[80.42067,7.95696],[80.41865,7.95469],[80.41868,7.95329],[80.41933,7.95239],[80.42059,7.95193],[80.42243,7.95172],[80.42486,7.95088],[80.42738,7.94914],[80.43143,7.94797],[80.43357,7.9479],[80.43456,7.94824],[80.43651,7.95035],[80.43845,7.95217],[80.44177,7.95413],[80.4454,7.95515],[80.4475,7.95508],[80.44994,7.95436],[80.45235,7.95236],[80.45449,7.94964],[80.45548,7.9479],[80.45723,7.94635],[80.45861,7.94582],[80.4611,7.94529],[80.46098,7.93806],[80.46123,7.93105],[80.4625,7.92699],[80.46236,7.92465],[80.46269,7.9178],[80.46587,7.90472],[80.46735,7.90266],[80.46754,7.90073],[80.46857,7.89964],[80.47075,7.89824],[80.4727,7.89729],[80.47438,7.89582],[80.47457,7.89457],[80.47468,7.89279],[80.47476,7.89139],[80.47621,7.8895],[80.47747,7.88644],[80.47947,7.88154],[80.47984,7.87728],[80.47898,7.87525],[80.47849,7.87375],[80.47849,7.87086],[80.47779,7.86872],[80.4766,7.86642],[80.47542,7.86092],[80.47525,7.85637],[80.47428,7.85439],[80.47212,7.85236],[80.46996,7.85092],[80.4691,7.85],[80.46928,7.84942],[80.46987,7.84889],[80.47269,7.84704],[80.47637,7.8443],[80.47896,7.84102],[80.47944,7.83952],[80.47958,7.83805],[80.4799,7.835],[80.47985,7.83115],[80.48068,7.83011],[80.48174,7.82963],[80.48305,7.82945],[80.4833,7.82926],[80.48347,7.82885],[80.48342,7.82739],[80.48345,7.82667],[80.48343,7.82404],[80.48393,7.82314],[80.48517,7.82224],[80.48651,7.82203],[80.48767,7.8216],[80.48867,7.82143],[80.49073,7.81973],[80.49188,7.81939],[80.49249,7.8189],[80.49323,7.81854],[80.49512,7.81866],[80.49707,7.81847],[80.49783,7.81811],[80.49977,7.81636],[80.50052,7.81795],[80.50109,7.81994],[80.50088,7.82206],[80.50018,7.82401],[80.49993,7.82606],[80.50181,7.82694],[80.5039,7.82695],[80.50577,7.82795],[80.50783,7.82823],[80.50991,7.82793],[80.51197,7.82742],[80.51412,7.82752],[80.51622,7.82774],[80.51828,7.82776],[80.52027,7.82704],[80.52238,7.8269],[80.52442,7.82732],[80.52636,7.82812],[80.52811,7.82927],[80.52989,7.83035],[80.5334,7.8326],[80.53525,7.83355],[80.53696,7.83478],[80.54087,7.83696],[80.54269,7.83805],[80.54448,7.83919],[80.54672,7.83979],[80.54728,7.84021],[80.54799,7.84056],[80.54855,7.84092],[80.54969,7.84177],[80.55035,7.84213],[80.55102,7.84229],[80.55169,7.84236],[80.55319,7.84272],[80.55474,7.84334],[80.55549,7.84377],[80.55603,7.84419],[80.55771,7.84575],[80.55893,7.84663],[80.56023,7.8475],[80.56093,7.8478],[80.56175,7.84793],[80.56311,7.84842],[80.5638,7.84856],[80.56455,7.84865],[80.56522,7.84892],[80.56553,7.84951],[80.56576,7.8502],[80.56612,7.85085],[80.56749,7.85246],[80.56788,7.85309],[80.56875,7.85432],[80.56911,7.85499],[80.56931,7.85564],[80.56941,7.8563],[80.56938,7.85932],[80.56974,7.86095],[80.57,7.8617],[80.57037,7.86245],[80.57108,7.86357],[80.57256,7.86537],[80.57304,7.86609],[80.57343,7.86675],[80.5739,7.86725],[80.57452,7.8677],[80.57595,7.86836],[80.57673,7.86851],[80.57823,7.86793],[80.57886,7.8676],[80.57966,7.86754],[80.58062,7.86769],[80.58132,7.86789],[80.58222,7.86799],[80.58309,7.86804],[80.58387,7.86776],[80.58456,7.86713],[80.58517,7.86679],[80.5861,7.86652],[80.58676,7.86655],[80.58957,7.86731],[80.59022,7.86719],[80.59076,7.86681],[80.59129,7.86616],[80.59162,7.86555],[80.59195,7.8648],[80.5921,7.86395],[80.59204,7.86225],[80.59212,7.86063],[80.59232,7.86],[80.59267,7.85937],[80.59283,7.85871],[80.59305,7.85811],[80.59356,7.85763],[80.59541,7.85653],[80.59695,7.85611],[80.599,7.85578],[80.59982,7.85576],[80.60072,7.85583],[80.60135,7.85622],[80.60248,7.85755],[80.60391,7.85869],[80.60452,7.8591],[80.6053,7.85941],[80.60662,7.86005],[80.60744,7.86058],[80.60801,7.86123],[80.60837,7.8618],[80.60859,7.86248],[80.609,7.86314],[80.60947,7.86374],[80.61009,7.864],[80.61082,7.86395],[80.6115,7.86408],[80.61224,7.86451],[80.61281,7.86506],[80.61468,7.86755],[80.6152,7.86815],[80.61592,7.86857],[80.61742,7.86868],[80.61927,7.86836],[80.61991,7.86841],[80.6214,7.8683],[80.62205,7.86834],[80.62277,7.86857],[80.62324,7.86911],[80.62335,7.86987],[80.62335,7.87056],[80.62309,7.87119],[80.62268,7.87173],[80.62243,7.87241],[80.62228,7.87387],[80.62246,7.87454],[80.62257,7.87518],[80.62258,7.87597],[80.62248,7.87671],[80.62209,7.87808],[80.62205,7.87873],[80.62224,7.88026],[80.62261,7.88192],[80.62288,7.88261],[80.6234,7.8831],[80.62638,7.88359],[80.62704,7.88383],[80.62826,7.88468],[80.62933,7.88554],[80.62991,7.88583],[80.63062,7.88593],[80.63141,7.88582],[80.6321,7.88565],[80.6328,7.88554],[80.6337,7.88578],[80.63486,7.88653],[80.63552,7.88668],[80.63622,7.88639],[80.63699,7.88644],[80.63774,7.88684],[80.63823,7.88732],[80.63898,7.88852],[80.63922,7.88937],[80.63925,7.89002],[80.63893,7.89071],[80.63818,7.89108],[80.63777,7.89162],[80.63777,7.89237],[80.6379,7.89388],[80.63739,7.89439],[80.636,7.89418],[80.63522,7.89416],[80.63457,7.89455],[80.63434,7.89526],[80.63339,7.89645],[80.63308,7.89706],[80.63284,7.89767],[80.63251,7.89907],[80.63244,7.90015],[80.63299,7.9009],[80.63397,7.9019],[80.63593,7.90432],[80.6369,7.9054],[80.63755,7.90596],[80.6395,7.90729],[80.64125,7.90865],[80.64259,7.90961],[80.64446,7.9107],[80.64643,7.91161],[80.64778,7.91208],[80.65008,7.9127],[80.65076,7.91301],[80.6515,7.91339],[80.65365,7.9147],[80.65409,7.91524],[80.65434,7.9159],[80.65448,7.91676],[80.65448,7.91779],[80.65455,7.91865],[80.65466,7.91941],[80.65492,7.92028],[80.65501,7.92097],[80.65522,7.92439],[80.65521,7.92507],[80.65511,7.92601],[80.65504,7.92766],[80.65487,7.92924],[80.65476,7.92994],[80.65441,7.93135],[80.65405,7.93358],[80.6541,7.93528],[80.65412,7.93917],[80.654,7.94188],[80.65388,7.94282],[80.65374,7.94347],[80.65324,7.94504],[80.65302,7.94599],[80.65293,7.94665],[80.65305,7.94729],[80.65357,7.94791],[80.65439,7.94829],[80.65509,7.94802],[80.65578,7.9479],[80.65648,7.94834],[80.65686,7.94977],[80.65738,7.95108],[80.65753,7.95185],[80.65765,7.95409],[80.65803,7.95667],[80.65822,7.95869],[80.65851,7.95932],[80.65871,7.96009],[80.6597,7.96044],[80.66041,7.9606],[80.66209,7.96074],[80.66277,7.96097],[80.6634,7.96124],[80.66531,7.96222],[80.66707,7.96327],[80.66779,7.9635],[80.66855,7.96344],[80.66935,7.96318],[80.67081,7.96252],[80.67289,7.96145],[80.67435,7.9606],[80.67741,7.95914],[80.67866,7.95828],[80.68019,7.9573],[80.6809,7.95694],[80.68157,7.95668],[80.68231,7.95669],[80.68287,7.95713],[80.68413,7.95875],[80.68732,7.96361],[80.68809,7.96496],[80.68963,7.968],[80.69135,7.97063],[80.69286,7.97255],[80.69424,7.97457],[80.6961,7.97795],[80.69767,7.98003],[80.69958,7.98278],[80.70066,7.98422],[80.70338,7.98812],[80.70446,7.98996],[80.70588,7.99182],[80.70656,7.99209],[80.70722,7.99182],[80.70793,7.99144],[80.70856,7.99118],[80.70935,7.99091],[80.71023,7.99085],[80.71159,7.99111],[80.71229,7.99128],[80.71301,7.99153],[80.71375,7.99186],[80.71437,7.99225],[80.71498,7.99265],[80.71546,7.9931],[80.71626,7.99438],[80.71666,7.99524],[80.71706,7.99575],[80.71778,7.99623],[80.71907,7.99732],[80.71905,7.99901],[80.71986,7.9991],[80.72087,7.99913],[80.72178,7.99929],[80.7226,7.99951],[80.72409,8.00058],[80.72537,8.00159],[80.7262,8.00201],[80.72788,8.00248],[80.72883,8.00271],[80.72975,8.00288],[80.73058,8.00297],[80.73335,8.003],[80.73423,8.00314],[80.73514,8.00351],[80.73825,8.00538],[80.73908,8.00561],[80.74005,8.00597],[80.74104,8.00609],[80.74391,8.00605],[80.74467,8.0064],[80.74543,8.007],[80.74684,8.00823],[80.74831,8.00958],[80.74897,8.01026],[80.74965,8.01081],[80.75043,8.0113],[80.7512,8.01164],[80.75303,8.01216],[80.75468,8.01219],[80.75611,8.01235],[80.75599,8.01357],[80.75615,8.01477],[80.75614,8.01605],[80.75557,8.01717],[80.75484,8.01813],[80.75376,8.01877],[80.75258,8.01931],[80.75123,8.01952],[80.75007,8.01985],[80.74936,8.02089],[80.74971,8.0221],[80.75085,8.02448],[80.7528,8.02798],[80.75395,8.0302],[80.75593,8.03356],[80.75675,8.03464],[80.75784,8.03557],[80.75887,8.03619],[80.75976,8.03719],[80.76043,8.0383],[80.76044,8.03955],[80.75941,8.04189],[80.759,8.04339],[80.75948,8.04458],[80.76026,8.04549],[80.76122,8.04643],[80.76331,8.04814],[80.76424,8.04896],[80.76512,8.05002],[80.76579,8.05102],[80.76666,8.05213],[80.76844,8.05415],[80.77022,8.05627],[80.77109,8.05718],[80.77195,8.05825],[80.77241,8.05941],[80.77288,8.06084],[80.77349,8.06206],[80.77423,8.06303],[80.77515,8.06405],[80.77618,8.06489],[80.77703,8.06587],[80.7764,8.0669],[80.7752,8.06728],[80.77398,8.06734],[80.77,8.067],[80.76864,8.06671],[80.76478,8.0655],[80.76352,8.06522],[80.76219,8.06523],[80.76099,8.06559],[80.75996,8.06632],[80.75916,8.06726],[80.75873,8.06858],[80.75846,8.07119],[80.75839,8.07255],[80.75814,8.0753],[80.75777,8.07779],[80.75793,8.08205],[80.75791,8.08463],[80.75809,8.08721],[80.7581,8.08851],[80.75824,8.08977],[80.75822,8.091],[80.75797,8.09229],[80.75811,8.09475],[80.75843,8.09596],[80.75759,8.09637],[80.75721,8.09803],[80.75697,8.09978],[80.75667,8.10154],[80.75656,8.10323],[80.75674,8.10488],[80.75729,8.10656],[80.75786,8.1081],[80.75839,8.10966],[80.75864,8.11137],[80.75872,8.11307],[80.75879,8.11644],[80.75872,8.11984],[80.75888,8.12338],[80.75884,8.1251],[80.75854,8.13012],[80.75858,8.13353],[80.75855,8.13522],[80.75835,8.137],[80.75873,8.13857],[80.76012,8.13957],[80.76106,8.14103],[80.76105,8.14266],[80.7607,8.14429],[80.76099,8.14591],[80.76046,8.14747],[80.75963,8.14894],[80.75938,8.15055],[80.75987,8.15215],[80.76048,8.15365],[80.76205,8.15668],[80.76281,8.15831],[80.76388,8.16155],[80.76451,8.16311],[80.76632,8.16607],[80.76785,8.16914],[80.76992,8.17373],[80.77089,8.17505],[80.77177,8.1766],[80.77226,8.17817],[80.77288,8.17983],[80.77385,8.18118],[80.77492,8.18251],[80.77584,8.18391],[80.77667,8.1853],[80.77751,8.18688],[80.77826,8.18848],[80.7789,8.19005],[80.78003,8.19328],[80.78129,8.19657],[80.78202,8.19812],[80.7846,8.20272],[80.78544,8.20413],[80.78598,8.20569],[80.78643,8.20916],[80.78676,8.21088],[80.78692,8.21251],[80.78746,8.216],[80.78765,8.21769],[80.7878,8.21937],[80.78744,8.22619],[80.78743,8.22782],[80.78751,8.22948],[80.78784,8.23125],[80.78897,8.23467],[80.78945,8.23632],[80.78999,8.23791],[80.79045,8.23956],[80.79149,8.24266],[80.79214,8.24421],[80.79289,8.24577],[80.79371,8.24721],[80.7944,8.24879],[80.79418,8.25054],[80.79373,8.25216],[80.79395,8.25377],[80.79456,8.25535],[80.79529,8.25681],[80.79595,8.25832],[80.79714,8.26155],[80.79779,8.26303],[80.79939,8.26606],[80.80197,8.27045],[80.80271,8.27199],[80.8029,8.27363],[80.80325,8.27525],[80.80441,8.27846],[80.80569,8.27951],[80.80761,8.27989],[80.81272,8.28044],[80.81783,8.28046],[80.82117,8.28032],[80.82289,8.28034],[80.82813,8.28053],[80.83583,8.28047],[80.83757,8.28042],[80.84311,8.28009],[80.8449,8.28006],[80.84849,8.28013],[80.85208,8.28048],[80.86186,8.28052],[80.86583,8.28048],[80.86936,8.28068],[80.8711,8.28089],[80.87294,8.28096],[80.87647,8.28061],[80.8781,8.28051],[80.88342,8.28058],[80.88677,8.2809],[80.89015,8.28084],[80.89374,8.28068],[80.89577,8.28051],[80.89755,8.28047],[80.89915,8.28092],[80.9001,8.28238],[80.90061,8.28402],[80.90085,8.289],[80.90084,8.29078],[80.9009,8.29247],[80.90118,8.29417],[80.90283,8.30092],[80.90334,8.3026],[80.9038,8.30591],[80.90423,8.30756],[80.90549,8.31064],[80.90731,8.31357],[80.9086,8.31678],[80.9093,8.32005],[80.90995,8.3216],[80.91055,8.32321],[80.91094,8.32485],[80.91142,8.32642],[80.91259,8.32762],[80.91536,8.3296],[80.91687,8.33059],[80.92004,8.33212],[80.92147,8.33304],[80.92256,8.33434],[80.92349,8.33575],[80.92423,8.33692],[80.9242,8.33745],[80.92411,8.33806],[80.92411,8.33874],[80.92397,8.34012],[80.92397,8.34067],[80.92407,8.34138],[80.92413,8.34165],[80.92478,8.34309],[80.92529,8.34447],[80.92623,8.34673],[80.92647,8.34738],[80.92706,8.34937],[80.92741,8.35023],[80.92771,8.35115],[80.9281,8.35274],[80.92822,8.35302],[80.92845,8.35397],[80.92864,8.35498],[80.92889,8.35603],[80.92919,8.35796],[80.9291,8.35875],[80.92885,8.3597],[80.9284,8.36086],[80.92779,8.36222],[80.92744,8.36329],[80.92663,8.36534],[80.9265,8.36593],[80.92641,8.36694],[80.92638,8.36945],[80.92648,8.37004],[80.92701,8.37209],[80.92732,8.37347],[80.92791,8.3754],[80.92835,8.37635],[80.93043,8.37947],[80.93091,8.38027],[80.93135,8.38103],[80.93178,8.38217],[80.93195,8.38263],[80.93221,8.3838],[80.93234,8.38527],[80.93236,8.3864],[80.93243,8.38707],[80.9328,8.38867],[80.93315,8.38956],[80.93352,8.39008],[80.93403,8.39042],[80.93471,8.39075],[80.93532,8.391],[80.93557,8.39115],[80.93619,8.39139],[80.93677,8.3917],[80.93778,8.39234],[80.93854,8.39314],[80.93951,8.39458],[80.94038,8.39608],[80.94101,8.397],[80.94138,8.39783],[80.94159,8.39847],[80.94207,8.40089],[80.94244,8.40199],[80.94323,8.40392],[80.94392,8.40638],[80.94413,8.40822],[80.94454,8.41036],[80.94468,8.41174],[80.94508,8.41352],[80.94552,8.41637],[80.94595,8.41815],[80.94694,8.42051],[80.9475,8.42213],[80.94829,8.42391],[80.94868,8.42504],[80.94928,8.42648],[80.9499,8.42768],[80.9514,8.43101],[80.95228,8.43258],[80.95251,8.43307],[80.95355,8.43604],[80.95379,8.43918],[80.95427,8.44001],[80.95515,8.44182],[80.95542,8.44219],[80.9558,8.44249],[80.95632,8.44278],[80.95708,8.44329],[80.95743,8.44364],[80.95803,8.44444],[80.95863,8.44547],[80.95953,8.4477],[80.96002,8.44876],[80.96091,8.4509],[80.9614,8.45184],[80.96193,8.45267],[80.9629,8.45381],[80.96324,8.45411],[80.96403,8.45465],[80.96586,8.45602],[80.96774,8.45719],[80.969,8.45822],[80.96937,8.45848],[80.97032,8.45903],[80.97128,8.45933],[80.97225,8.45978],[80.97264,8.46011],[80.97271,8.46054],[80.97258,8.46155],[80.97239,8.46197],[80.97184,8.46284],[80.97143,8.46374],[80.97121,8.46466],[80.97108,8.46569],[80.97105,8.46624],[80.97108,8.4667],[80.97134,8.46822],[80.97168,8.46859],[80.9726,8.46907],[80.97304,8.46923],[80.97414,8.46934],[80.97518,8.4692],[80.97564,8.46909],[80.97705,8.46845],[80.97852,8.46755],[80.97898,8.46734],[80.97958,8.46722],[80.98013,8.46725],[80.98062,8.46736],[80.98172,8.46775],[80.98292,8.46809],[80.98407,8.46858],[80.98559,8.46933],[80.98704,8.46998],[80.98808,8.47055],[80.98856,8.47075],[80.98897,8.47103],[80.9894,8.47145],[80.99046,8.47301],[80.99085,8.47388],[80.99092,8.47436],[80.99092,8.47483],[80.99082,8.47537],[80.99043,8.47694],[80.99027,8.47795],[80.98973,8.47891],[80.98901,8.48043],[80.98848,8.48122],[80.98756,8.4823],[80.98724,8.4828],[80.98628,8.48469],[80.98531,8.48501],[80.98456,8.48515],[80.98393,8.4852],[80.98205,8.4852],[80.97945,8.48493],[80.97791,8.48498],[80.97694,8.48516],[80.97649,8.48514],[80.97552,8.48488],[80.9743,8.48465],[80.97153,8.48445],[80.96923,8.48464],[80.96704,8.48469],[80.96654,8.48478],[80.96534,8.4851],[80.96474,8.48515],[80.96375,8.48554],[80.96329,8.48567],[80.96286,8.48602],[80.96279,8.48646],[80.96283,8.48692],[80.96304,8.48731],[80.96369,8.48811],[80.96398,8.48855],[80.96426,8.48901],[80.96445,8.48947],[80.96479,8.49039],[80.96502,8.49138],[80.96509,8.49246],[80.96501,8.49356],[80.96493,8.49407],[80.96449,8.49577],[80.96401,8.49733],[80.96358,8.49825],[80.96335,8.49864],[80.96302,8.49904],[80.96261,8.49933],[80.96217,8.49954],[80.96171,8.4997],[80.96082,8.49986],[80.95982,8.50011],[80.95782,8.50037],[80.95727,8.50051],[80.95673,8.50056],[80.9563,8.50065],[80.95365,8.5021],[80.95326,8.50235],[80.95142,8.50327],[80.95107,8.50364],[80.95059,8.50468],[80.95034,8.50511],[80.95001,8.50551],[80.9496,8.50587],[80.9491,8.50617],[80.94799,8.5067],[80.94758,8.50707],[80.94725,8.50746],[80.94714,8.5079],[80.94714,8.5084],[80.94756,8.50981],[80.9476,8.51033],[80.94758,8.51084],[80.94749,8.51137],[80.94735,8.5118],[80.94714,8.51224],[80.94633,8.51346],[80.94615,8.51388],[80.94583,8.51494],[80.94565,8.51629],[80.94565,8.51675],[80.94569,8.51732],[80.94597,8.51877],[80.94602,8.51932],[80.94614,8.51981],[80.94611,8.52036],[80.94598,8.52079],[80.94524,8.52268],[80.94492,8.52374],[80.94485,8.52429],[80.94494,8.52583],[80.94511,8.5268],[80.94564,8.52864],[80.94584,8.52909],[80.94628,8.52988],[80.94686,8.53174],[80.94691,8.53335],[80.94682,8.53569],[80.94658,8.53668],[80.94652,8.53723],[80.94631,8.53822],[80.9462,8.53976],[80.94609,8.54068],[80.94604,8.54266],[80.94583,8.54376],[80.94581,8.54434],[80.94553,8.54535],[80.94549,8.5459],[80.94553,8.54705],[80.94546,8.54758],[80.94535,8.5482],[80.94521,8.54868],[80.94503,8.5491],[80.94452,8.55057],[80.94399,8.55181],[80.94344,8.55293],[80.94275,8.55402],[80.94199,8.55484],[80.94071,8.55662],[80.9399,8.55765],[80.93882,8.5589],[80.93594,8.56202],[80.93437,8.56393],[80.93306,8.56633],[80.93279,8.56671],[80.93145,8.56835],[80.92984,8.57053],[80.92763,8.57311],[80.92658,8.57453],[80.92554,8.57585],[80.92492,8.57656],[80.92148,8.58008],[80.92029,8.58119],[80.91852,8.58296],[80.91814,8.58337],[80.91741,8.58434],[80.91711,8.58482],[80.91672,8.58574],[80.91649,8.58638],[80.91635,8.58728],[80.91585,8.58809],[80.91566,8.5885],[80.91539,8.59114],[80.91516,8.59259],[80.91516,8.5931],[80.91541,8.59503],[80.91541,8.59604],[80.91521,8.59703],[80.91473,8.59838],[80.91482,8.59942],[80.91519,8.60082],[80.91554,8.60234],[80.91604,8.60367],[80.91618,8.6042],[80.91611,8.6047],[80.91586,8.60514],[80.91521,8.60592],[80.91474,8.60633],[80.91377,8.60703],[80.91279,8.6079],[80.91137,8.60862],[80.91044,8.60931],[80.90918,8.61057],[80.90822,8.61145],[80.90744,8.61202],[80.90649,8.61264],[80.90469,8.61363],[80.90332,8.61446],[80.90174,8.61515],[80.90041,8.61596],[80.89999,8.61616],[80.89828,8.61685],[80.89684,8.6175],[80.89597,8.61808],[80.89472,8.61916],[80.89394,8.62191],[80.89382,8.6228],[80.89429,8.62364],[80.89495,8.62428],[80.89556,8.62503],[80.89609,8.62579],[80.89649,8.62667],[80.89662,8.62761],[80.89703,8.62961],[80.89712,8.63051],[80.8971,8.6315],[80.89666,8.63231],[80.89626,8.63321],[80.89571,8.634],[80.89501,8.63461],[80.89338,8.63565],[80.89259,8.63609],[80.8917,8.6367],[80.89148,8.63761],[80.89165,8.63855],[80.89257,8.64126],[80.89327,8.64316],[80.89378,8.6452],[80.89342,8.64606],[80.89474,8.64732],[80.89528,8.64807],[80.89563,8.64891],[80.89651,8.64934],[80.89696,8.65012],[80.89696,8.65104],[80.89708,8.65295],[80.89762,8.6537],[80.89851,8.65386],[80.8988,8.65474],[80.899,8.65569],[80.89912,8.65663],[80.89934,8.65752],[80.89995,8.65823],[80.90065,8.65886],[80.90015,8.66063],[80.89995,8.66155],[80.89999,8.66254],[80.90068,8.66314],[80.90121,8.664],[80.9019,8.66458],[80.90277,8.66431],[80.90372,8.66439],[80.9063,8.66545],[80.90791,8.66671],[80.90881,8.667],[80.90946,8.66764],[80.90947,8.66856],[80.90968,8.66945],[80.91014,8.67029],[80.91084,8.67099],[80.91225,8.67222],[80.91302,8.67276],[80.91372,8.67342],[80.91392,8.67434],[80.91328,8.67509],[80.91242,8.67548],[80.91234,8.67639],[80.91327,8.67908],[80.91348,8.67997],[80.91344,8.68097],[80.91303,8.68186],[80.91276,8.68277],[80.91293,8.68368],[80.91296,8.68468],[80.91278,8.6856],[80.91214,8.68739],[80.91195,8.68831],[80.91164,8.68922],[80.91103,8.68994],[80.91039,8.69058],[80.90969,8.69136],[80.90921,8.69213],[80.90903,8.69305],[80.90771,8.69448],[80.90726,8.69531],[80.90689,8.69622],[80.90578,8.69766],[80.90528,8.69851],[80.90389,8.70114],[80.90307,8.70296],[80.90215,8.70482],[80.89972,8.7112],[80.89931,8.71208],[80.89855,8.71274],[80.89769,8.71313],[80.89676,8.71365],[80.89591,8.71426],[80.89517,8.71498],[80.89452,8.71575],[80.89401,8.71653],[80.89358,8.71737],[80.89326,8.71828],[80.89298,8.71925],[80.89291,8.72021],[80.8927,8.72116],[80.89214,8.72187],[80.89145,8.72254],[80.89147,8.72349],[80.89171,8.72445],[80.89196,8.72633],[80.89201,8.72724],[80.89194,8.72816],[80.8916,8.72907],[80.89155,8.72999],[80.89183,8.73091],[80.89252,8.73159],[80.89327,8.73222],[80.89304,8.73405],[80.89237,8.73702],[80.89209,8.73797],[80.8919,8.73889],[80.89154,8.73973],[80.89099,8.74255],[80.89056,8.74345],[80.88974,8.74414],[80.88885,8.74444],[80.88789,8.74443],[80.88704,8.7448],[80.8865,8.74558],[80.88589,8.74625],[80.88499,8.74676],[80.88398,8.74683],[80.88307,8.74655],[80.88218,8.74693],[80.88095,8.74938],[80.8805,8.75019],[80.87993,8.75106],[80.87934,8.75185],[80.87884,8.75272],[80.87894,8.75366],[80.87938,8.75449],[80.8795,8.75545],[80.87935,8.7564],[80.87951,8.75734],[80.8793,8.75829],[80.8788,8.75918],[80.87893,8.76012],[80.87943,8.76089],[80.8797,8.76181],[80.87979,8.76461],[80.87977,8.76559],[80.87954,8.76757],[80.87956,8.76854],[80.87983,8.76947],[80.88026,8.77033],[80.88139,8.77199],[80.88191,8.77294],[80.8821,8.77391],[80.88188,8.77686],[80.88189,8.77884],[80.88198,8.78174],[80.88209,8.78266],[80.88238,8.78355],[80.88294,8.78432],[80.8836,8.78505],[80.88399,8.78613],[80.88355,8.78697],[80.88283,8.78768],[80.88312,8.78859],[80.88375,8.78941],[80.88435,8.7901],[80.88491,8.79092],[80.88532,8.79175],[80.88587,8.79252],[80.88659,8.79321],[80.88726,8.79394],[80.88774,8.79476],[80.8884,8.7955],[80.89015,8.79622],[80.89076,8.79697],[80.89122,8.79779],[80.89245,8.79937],[80.89253,8.8003],[80.89237,8.8012],[80.89239,8.80218],[80.89291,8.80415],[80.89336,8.80494],[80.8945,8.80648],[80.89525,8.80702],[80.89586,8.80774],[80.89598,8.80967],[80.8966,8.81033],[80.89846,8.81124],[80.89922,8.8119],[80.90079,8.81447],[80.90101,8.81637],[80.90189,8.81666],[80.90287,8.81669],[80.9037,8.81706],[80.90436,8.81768],[80.90503,8.81852],[80.90554,8.81932],[80.90607,8.82036],[80.9066,8.82121],[80.90733,8.82186],[80.91006,8.82295],[80.91092,8.82357],[80.9113,8.82443],[80.91144,8.8264],[80.91209,8.8271],[80.91246,8.82793],[80.91241,8.82888],[80.9121,8.83088],[80.91191,8.83286],[80.91183,8.83497],[80.91208,8.83591],[80.91261,8.83686],[80.91154,8.83636],[80.91113,8.8363],[80.91065,8.83631],[80.9102,8.83639],[80.90981,8.83655],[80.90939,8.83661],[80.90887,8.83648],[80.90862,8.83744],[80.90807,8.83817],[80.90761,8.839],[80.90697,8.83974],[80.90547,8.84099],[80.90388,8.84205],[80.90323,8.84273],[80.90186,8.84406],[80.90135,8.84488],[80.90032,8.84757],[80.8999,8.84844],[80.89938,8.84929],[80.8982,8.85098],[80.89769,8.85192],[80.89717,8.85273],[80.89657,8.85348],[80.89586,8.85412],[80.89506,8.85474],[80.89424,8.85531],[80.89257,8.85629],[80.89177,8.85683],[80.89105,8.85749],[80.89062,8.85831],[80.89037,8.85925],[80.8904,8.86018],[80.89013,8.86115],[80.88944,8.8619],[80.88858,8.866],[80.88809,8.8678],[80.88729,8.86945],[80.88579,8.87045],[80.88415,8.87111],[80.88262,8.87211],[80.88122,8.87332],[80.87986,8.87464],[80.87687,8.87703],[80.87526,8.87812],[80.8739,8.8793],[80.87293,8.88092],[80.87149,8.88213],[80.86977,8.88298],[80.86787,8.88386],[80.86612,8.88429],[80.86433,8.88454],[80.8624,8.88474],[80.86053,8.88511],[80.85875,8.88563],[80.85697,8.88606],[80.85516,8.88621],[80.85351,8.88702],[80.85058,8.88936],[80.84727,8.8912],[80.84573,8.89213],[80.8423,8.89377],[80.84074,8.89487],[80.83978,8.89661],[80.83861,8.89806],[80.83728,8.89941],[80.8344,8.9019],[80.83288,8.90312],[80.83126,8.90386],[80.82947,8.90459],[80.82766,8.90504],[80.82596,8.90556],[80.82447,8.90657],[80.82201,8.90935],[80.82034,8.91032],[80.8185,8.91073],[80.81681,8.91158],[80.81526,8.91271],[80.81231,8.91526],[80.81058,8.91593],[80.8088,8.91618],[80.80504,8.9165],[80.79805,8.91798],[80.79419,8.91783],[80.78978,8.91952],[80.78552,8.92017],[80.78301,8.92022],[80.78104,8.91667],[80.75304,8.90515],[80.7513,8.90451],[80.74944,8.90396],[80.74387,8.90272],[80.74208,8.90224],[80.7403,8.90208],[80.73851,8.90157],[80.7349,8.90025],[80.73311,8.8997],[80.72773,8.89835],[80.72598,8.89798],[80.72408,8.89789],[80.72228,8.89803],[80.72042,8.89838],[80.71867,8.89875],[80.71827,8.89888],[80.71779,8.89889],[80.71652,8.89927],[80.71588,8.89937],[80.71513,8.89935],[80.71453,8.89923],[80.71245,8.89876],[80.71187,8.89853],[80.71133,8.89824],[80.71082,8.89787],[80.71034,8.89749],[80.70933,8.8966],[80.70878,8.89619],[80.70749,8.89545],[80.70687,8.89518],[80.70484,8.89458],[80.70061,8.89294],[80.69998,8.89274],[80.69845,8.89234],[80.69705,8.89181],[80.69464,8.89063],[80.69214,8.88932],[80.69155,8.88893],[80.68789,8.88515],[80.6856,8.88308],[80.68334,8.88119],[80.68119,8.87957],[80.67907,8.87786],[80.67699,8.87605],[80.67643,8.87566],[80.67469,8.87458],[80.67353,8.87397],[80.67228,8.87316],[80.67166,8.87288],[80.67032,8.87242],[80.66818,8.87159],[80.66753,8.87139],[80.66473,8.87086],[80.66128,8.87055],[80.65879,8.8701],[80.65578,8.86949],[80.65508,8.86938],[80.65414,8.8693],[80.65267,8.86926],[80.65176,8.86915],[80.64971,8.86881],[80.64749,8.86829],[80.64603,8.86805],[80.64523,8.86806],[80.64454,8.86813],[80.64308,8.86839],[80.64086,8.86867],[80.63929,8.86898],[80.63793,8.86919],[80.63627,8.86931],[80.63097,8.86933],[80.62777,8.86951],[80.62479,8.86935],[80.62389,8.86938],[80.62234,8.86953],[80.62098,8.86957],[80.61946,8.86949],[80.61868,8.8694],[80.618,8.86931],[80.61585,8.86891],[80.61513,8.86892],[80.61361,8.86923],[80.61276,8.86936],[80.60942,8.86971],[80.60561,8.86965],[80.60401,8.86955],[80.60322,8.86954],[80.60239,8.86958],[80.60033,8.86984],[80.59891,8.86989],[80.59666,8.86982],[80.59585,8.86988],[80.59538,8.86968],[80.59525,8.86906],[80.59507,8.8665],[80.59457,8.86389],[80.59509,8.86386],[80.59486,8.86267],[80.59454,8.86141],[80.59377,8.8589],[80.59351,8.85768],[80.59281,8.85518],[80.59231,8.85282],[80.59196,8.85151],[80.59178,8.8502],[80.5918,8.84897],[80.59232,8.84788],[80.59304,8.84689],[80.5939,8.84597],[80.59502,8.84508],[80.59605,8.84446],[80.59715,8.84387],[80.59843,8.84335],[80.59957,8.84296],[80.60076,8.84279],[80.60316,8.84187],[80.60436,8.84175],[80.60565,8.84152],[80.60693,8.84112],[80.60947,8.84025],[80.61079,8.83997],[80.61334,8.83978],[80.61469,8.83961],[80.61728,8.83939],[80.61973,8.8394],[80.62246,8.83924],[80.62379,8.83898],[80.62495,8.83846],[80.62609,8.83779],[80.62706,8.83706],[80.62959,8.83407],[80.63032,8.83299],[80.63089,8.8318],[80.63135,8.83066],[80.63193,8.82831],[80.6321,8.82559],[80.63289,8.82313],[80.6338,8.82084],[80.6344,8.81951],[80.63498,8.81847],[80.63649,8.81642],[80.63718,8.8154],[80.63801,8.81444],[80.63898,8.81351],[80.63988,8.81272],[80.6418,8.81122],[80.64275,8.81039],[80.64468,8.80887],[80.64572,8.80826],[80.64687,8.80773],[80.64796,8.80716],[80.64899,8.80645],[80.64983,8.80554],[80.65062,8.80441],[80.65126,8.80337],[80.65172,8.80218],[80.65243,8.79976],[80.6527,8.79852],[80.65311,8.79605],[80.65313,8.79485],[80.65294,8.79367],[80.65263,8.79252],[80.65208,8.79141],[80.65138,8.79042],[80.64863,8.78781],[80.64758,8.78707],[80.64648,8.78641],[80.64516,8.78595],[80.64396,8.78562],[80.64278,8.78519],[80.64166,8.7847],[80.64041,8.78425],[80.63911,8.78373],[80.63793,8.78313],[80.63683,8.7825],[80.63582,8.78176],[80.63483,8.7809],[80.63392,8.77993],[80.63235,8.77799],[80.62921,8.77382],[80.62523,8.7692],[80.62443,8.76795],[80.62374,8.76685],[80.62319,8.76571],[80.62271,8.76452],[80.62189,8.76216],[80.62125,8.75975],[80.62067,8.75726],[80.61984,8.75481],[80.61924,8.75365],[80.61848,8.75262],[80.61752,8.7518],[80.61639,8.75117],[80.61526,8.7507],[80.61416,8.7501],[80.61177,8.74899],[80.61043,8.74853],[80.60539,8.74703],[80.60425,8.74657],[80.60318,8.74603],[80.60221,8.74533],[80.60121,8.74439],[80.6004,8.74348],[80.5997,8.7425],[80.59849,8.74025],[80.59809,8.73912],[80.59722,8.73541],[80.59679,8.7342],[80.59625,8.73296],[80.59577,8.73171],[80.59522,8.7305],[80.59406,8.72823],[80.59271,8.72607],[80.59193,8.72505],[80.59104,8.72396],[80.58929,8.72213],[80.5883,8.72137],[80.58717,8.72081],[80.58589,8.7204],[80.58455,8.72006],[80.58208,8.71964],[80.57958,8.71927],[80.57839,8.71904],[80.57702,8.71866],[80.57566,8.71818],[80.57456,8.71759],[80.57363,8.71674],[80.57287,8.7158],[80.5722,8.71479],[80.5716,8.7136],[80.57059,8.71118],[80.56983,8.70875],[80.5697,8.70751],[80.56967,8.70615],[80.56983,8.70364],[80.56998,8.70041],[80.55067,8.68812],[80.55029,8.68685],[80.54975,8.68563],[80.54919,8.68455],[80.54798,8.68243],[80.54723,8.68149],[80.54635,8.68054],[80.5454,8.67973],[80.54435,8.67903],[80.54322,8.67854],[80.54191,8.67809],[80.54072,8.67784],[80.53931,8.67771],[80.53803,8.67736],[80.53674,8.67688],[80.53564,8.67636],[80.53451,8.67575],[80.53125,8.67359],[80.53018,8.67277],[80.52928,8.67193],[80.52772,8.66999],[80.52706,8.66899],[80.52633,8.66774],[80.52435,8.66469],[80.52309,8.66253],[80.52172,8.66036],[80.52091,8.65937],[80.51972,8.65876],[80.51852,8.65856],[80.5172,8.65875],[80.51597,8.6593],[80.5147,8.6598],[80.5135,8.65993],[80.51239,8.65938],[80.51139,8.65865],[80.51031,8.65805],[80.50913,8.65787],[80.50793,8.65794],[80.50673,8.65842],[80.50486,8.66013],[80.50385,8.66091],[80.50064,8.66292],[80.49847,8.66416],[80.49775,8.66517],[80.49722,8.6663],[80.49495,8.66719],[80.49368,8.66742],[80.49261,8.66803],[80.49159,8.66874],[80.49038,8.66861],[80.48912,8.66872],[80.48815,8.66941],[80.48698,8.6699],[80.48622,8.6709],[80.48592,8.67211],[80.4851,8.67298],[80.48393,8.67338],[80.48271,8.67367],[80.48163,8.67426],[80.48064,8.67502],[80.4789,8.67679],[80.47688,8.67851],[80.47476,8.68006],[80.47284,8.68162],[80.46997,8.68423],[80.46898,8.68492],[80.46654,8.68589],[80.46535,8.68632],[80.46421,8.68693],[80.46303,8.68739],[80.46179,8.68767],[80.46058,8.68817],[80.45957,8.68891],[80.45877,8.68986],[80.45763,8.69049],[80.45629,8.69062],[80.455,8.69085],[80.45269,8.69225],[80.45131,8.69251],[80.44998,8.69251],[80.44863,8.69196],[80.44747,8.69125],[80.44441,8.68909],[80.44347,8.68831],[80.44096,8.6857],[80.44007,8.68472],[80.43918,8.68364],[80.43757,8.68156],[80.43669,8.68073],[80.43565,8.67994],[80.43348,8.67844],[80.43133,8.67671],[80.43033,8.67579],[80.42869,8.67399],[80.42773,8.67314],[80.42649,8.67295],[80.42535,8.67358],[80.4242,8.67399],[80.42401,8.67281],[80.42468,8.67174],[80.42479,8.67046],[80.42457,8.66913],[80.4242,8.66788],[80.42299,8.66422],[80.42253,8.66311],[80.42191,8.66205],[80.42102,8.66125],[80.41978,8.66105],[80.41737,8.66201],[80.41619,8.66223],[80.41492,8.66181],[80.41395,8.66092],[80.41317,8.65994],[80.41201,8.65952],[80.41055,8.65951],[80.40995,8.65864],[80.40951,8.6574],[80.40924,8.65612],[80.40781,8.65107],[80.40741,8.64985],[80.40614,8.64626],[80.40558,8.64497],[80.40376,8.64154],[80.40308,8.64048],[80.40139,8.63851],[80.40073,8.63742],[80.40019,8.635],[80.39942,8.63406],[80.39858,8.63322],[80.39759,8.63235],[80.39562,8.63086],[80.3885,8.62534],[80.38747,8.62461],[80.38548,8.62309],[80.38431,8.62267],[80.38309,8.62262],[80.38186,8.62284],[80.381,8.62177],[80.38082,8.62056],[80.38097,8.61936],[80.38104,8.61817],[80.38082,8.61695],[80.38037,8.61578],[80.37922,8.61365],[80.37885,8.61247],[80.37894,8.61126],[80.37925,8.61],[80.37976,8.6088],[80.38082,8.60768],[80.38149,8.60652],[80.38166,8.6061],[80.38194,8.60529],[80.38215,8.60489],[80.38249,8.60402],[80.38275,8.6026],[80.38275,8.60215],[80.38272,8.60175],[80.38263,8.60136],[80.38245,8.60091],[80.38227,8.60055],[80.38167,8.59974],[80.3813,8.59947],[80.38091,8.59926],[80.37932,8.59859],[80.37901,8.59831],[80.37878,8.59796],[80.37863,8.5976],[80.37858,8.59674],[80.37884,8.59638],[80.37972,8.59545],[80.38031,8.59474],[80.38055,8.59439],[80.38075,8.59398],[80.38106,8.59322],[80.38131,8.59233],[80.38146,8.59138],[80.38152,8.59052],[80.38152,8.58918],[80.3815,8.58873],[80.38137,8.58789],[80.38107,8.58659],[80.38091,8.58608],[80.38052,8.58524],[80.38031,8.58489],[80.37981,8.58461],[80.37999,8.58378],[80.37912,8.58283],[80.37859,8.58205],[80.37757,8.58094],[80.37693,8.58043],[80.37644,8.5801],[80.37609,8.57986],[80.37489,8.57897],[80.37332,8.57793],[80.3725,8.57698],[80.37158,8.57614],[80.37005,8.57523],[80.36959,8.57501],[80.36835,8.57459],[80.36788,8.5745],[80.36589,8.57421],[80.36542,8.57411],[80.36409,8.57409],[80.36355,8.57418],[80.36308,8.57432],[80.3622,8.57468],[80.36139,8.57513],[80.36038,8.57587],[80.35995,8.57598],[80.35956,8.57598],[80.35913,8.57592],[80.35816,8.5755],[80.35631,8.5748],[80.35502,8.57421],[80.35372,8.57371],[80.35249,8.5733],[80.35213,8.57309],[80.35178,8.57279],[80.35137,8.57205],[80.35122,8.57168],[80.35112,8.57127],[80.35072,8.5705],[80.35016,8.56979],[80.34984,8.56948],[80.34943,8.56919],[80.34791,8.56823],[80.34759,8.56796],[80.34693,8.56726],[80.34676,8.56687],[80.34648,8.56598],[80.34571,8.56459],[80.34457,8.56239],[80.34407,8.56103],[80.3435,8.56028],[80.34257,8.5593],[80.34232,8.55898],[80.34206,8.55861],[80.3416,8.55779],[80.34107,8.55657],[80.34044,8.55581],[80.34027,8.55542],[80.34022,8.55444],[80.34002,8.55256],[80.33988,8.55022],[80.33995,8.5489],[80.34011,8.54807],[80.34023,8.54766],[80.33984,8.5474],[80.33946,8.54725],[80.33796,8.5462],[80.33758,8.54602],[80.33713,8.54598],[80.33652,8.5464],[80.33626,8.54678],[80.33597,8.54707],[80.33549,8.54706],[80.3341,8.54626],[80.33369,8.54615],[80.33283,8.54608],[80.33233,8.54618],[80.33101,8.54659],[80.32983,8.54714],[80.32913,8.54756],[80.32841,8.54793],[80.32794,8.54786],[80.32726,8.54733],[80.32688,8.54715],[80.32645,8.54715],[80.32519,8.54776],[80.32388,8.54824],[80.3229,8.54854],[80.32211,8.54866],[80.31351,8.55068],[80.30747,8.55442],[80.29766,8.55742],[80.29237,8.55891],[80.2885,8.56056],[80.2882,8.56156],[80.28757,8.56262],[80.28708,8.56377],[80.28675,8.56499],[80.28666,8.56622],[80.28619,8.56737],[80.2855,8.56847],[80.28578,8.56975],[80.28669,8.57057],[80.28707,8.57171],[80.28675,8.57293],[80.28665,8.5742],[80.28664,8.57545],[80.28581,8.57639],[80.2852,8.57754],[80.28487,8.57875],[80.28471,8.58121],[80.28381,8.58213],[80.28046,8.58365],[80.27972,8.5846],[80.27995,8.58584],[80.28036,8.58702],[80.2805,8.58822],[80.28178,8.59034],[80.28075,8.59098],[80.27957,8.59061],[80.27833,8.59034],[80.27759,8.59135],[80.27675,8.5937],[80.27608,8.59617],[80.27568,8.5974],[80.27512,8.59848],[80.27388,8.60063],[80.27373,8.60186],[80.27384,8.60307],[80.2741,8.60428],[80.2746,8.60542],[80.27519,8.6065],[80.27551,8.6077],[80.27497,8.60926],[80.27445,8.611],[80.27328,8.61233],[80.27185,8.61338],[80.26991,8.61403],[80.2681,8.61428],[80.26638,8.61484],[80.26479,8.61581],[80.26142,8.6176],[80.25967,8.61802],[80.25768,8.61809],[80.2561,8.61728],[80.25475,8.61606],[80.2533,8.61504],[80.25155,8.61539],[80.24991,8.61618],[80.24845,8.61718],[80.247,8.61828],[80.24601,8.61976],[80.24564,8.62155],[80.245,8.62319],[80.2438,8.6246],[80.24228,8.6256],[80.24139,8.62719],[80.24067,8.62891],[80.23896,8.62843],[80.23718,8.62899],[80.23681,8.63081],[80.23692,8.63257],[80.2372,8.63432],[80.23778,8.63602],[80.23904,8.63734],[80.23803,8.63881],[80.2374,8.64053],[80.23773,8.64227],[80.23785,8.64405],[80.23739,8.64586],[80.23658,8.64752],[80.23445,8.65046],[80.23344,8.65209],[80.23362,8.65396],[80.23442,8.65553],[80.23498,8.65737],[80.2349,8.65915],[80.23766,8.66159],[80.23799,8.66339],[80.23759,8.66519],[80.23601,8.66624],[80.23564,8.66807],[80.23634,8.6698],[80.23547,8.6715],[80.23576,8.67333],[80.23639,8.67499],[80.23639,8.67687],[80.23541,8.68041],[80.23498,8.68006],[80.23328,8.67962],[80.23146,8.67901],[80.22963,8.6785],[80.22604,8.67777],[80.22223,8.6768],[80.2185,8.67595],[80.21668,8.67537],[80.20937,8.67364],[80.2076,8.67311],[80.20587,8.67252],[80.204,8.67209],[80.20226,8.67155],[80.20039,8.67091],[80.19861,8.6706],[80.19671,8.6702],[80.19498,8.66978],[80.18774,8.66779],[80.18204,8.66638],[80.17858,8.66504],[80.17454,8.66433],[80.17259,8.66389],[80.1688,8.66288],[80.16541,8.66175],[80.16178,8.66081],[80.15632,8.65976],[80.15262,8.65898],[80.14901,8.65805],[80.14718,8.65753],[80.14349,8.65662],[80.14163,8.65604],[80.13987,8.65561],[80.13633,8.65461],[80.13448,8.65414],[80.13249,8.65375],[80.12701,8.65223],[80.1252,8.65178],[80.11944,8.65049],[80.11759,8.65017],[80.11572,8.64963],[80.11382,8.64944],[80.11207,8.65007],[80.11038,8.65092],[80.10861,8.65052],[80.10673,8.65024],[80.10486,8.65059],[80.10352,8.6518],[80.10209,8.65286],[80.10048,8.65373],[80.09691,8.65276],[80.09512,8.65239],[80.09161,8.65396],[80.09014,8.655],[80.08657,8.65625],[80.08527,8.65505],[80.0837,8.65406],[80.08193,8.65412],[80.08011,8.65364],[80.07858,8.65461],[80.07713,8.65592],[80.07564,8.65692],[80.07416,8.65799],[80.07252,8.65899],[80.07064,8.6597],[80.06874,8.65964],[80.06689,8.65947],[80.06535,8.66041],[80.06359,8.66078],[80.06236,8.66227],[80.06203,8.66405],[80.06048,8.66505],[80.05895,8.66595],[80.05729,8.66706],[80.05546,8.66754],[80.05396,8.66861],[80.05213,8.66903],[80.05031,8.66915],[80.04877,8.67008],[80.04762,8.67145],[80.04632,8.67277],[80.04443,8.67323],[80.04456,8.67145],[80.04504,8.66962],[80.04691,8.66421],[80.0487,8.65845],[80.04998,8.65491],[80.05045,8.65314],[80.0515,8.64959],[80.05186,8.64766],[80.05239,8.64575],[80.05306,8.64404],[80.05377,8.64239],[80.05507,8.63881],[80.05531,8.63699],[80.05512,8.63133],[80.05508,8.62762],[80.05493,8.62381],[80.05409,8.61426],[80.05396,8.61246],[80.05394,8.61019],[80.05268,8.60567],[80.05271,8.60485],[80.05264,8.60324],[80.05253,8.60226],[80.05236,8.6014],[80.05212,8.59961],[80.052,8.59837],[80.05208,8.5966],[80.05199,8.59585],[80.0517,8.59428],[80.05168,8.59392],[80.05164,8.59265],[80.05168,8.5918],[80.05145,8.58774],[80.05149,8.58714],[80.05166,8.58625],[80.0519,8.58375],[80.05179,8.58294],[80.05177,8.58014],[80.05188,8.57911],[80.05217,8.57759],[80.05225,8.57642],[80.05226,8.57418],[80.05218,8.57213],[80.05219,8.56988],[80.05213,8.56885],[80.05167,8.56494],[80.05162,8.56405],[80.0516,8.56042],[80.05147,8.5583],[80.05143,8.55684],[80.05108,8.55357],[80.0508,8.55164],[80.05061,8.55109],[80.05052,8.55056],[80.05042,8.54941],[80.05052,8.54728],[80.05043,8.54599],[80.05051,8.54457],[80.05049,8.54324],[80.05056,8.54184],[80.05049,8.54028],[80.0505,8.53786],[80.05067,8.53642],[80.0507,8.5355],[80.05054,8.53382],[80.05029,8.53006],[80.05034,8.52953],[80.05035,8.52838],[80.05018,8.52623],[80.05025,8.52517],[80.05039,8.52471],[80.05037,8.52195],[80.04897,8.52302],[80.04848,8.52314],[80.04796,8.52319],[80.0474,8.52315],[80.0469,8.52304],[80.04523,8.52255],[80.04384,8.52223],[80.04332,8.52219],[80.04212,8.52234],[80.04161,8.52248],[80.04106,8.52274],[80.04017,8.52335],[80.03971,8.52358],[80.03918,8.52372],[80.03866,8.5238],[80.03631,8.52375],[80.03513,8.52395],[80.03459,8.52409],[80.03363,8.52435],[80.03311,8.52563],[80.03237,8.52721]]]}},{"type":"Feature","properties":{"slug":"badulla","name":"Badulla","district_id":22,"iso":"LK-81"},"geometry":{"type":"Polygon","coordinates":[[[80.97791,7.62496],[80.97775,7.62273],[80.97802,7.62119],[80.97853,7.6165],[80.97885,7.61495],[80.97911,7.61329],[80.97926,7.61174],[80.979,7.61008],[80.97866,7.60853],[80.97819,7.60687],[80.97767,7.60518],[80.97723,7.60403],[80.97674,7.60253],[80.97592,7.59955],[80.97572,7.59784],[80.97582,7.59612],[80.97616,7.59453],[80.97667,7.59296],[80.97742,7.58999],[80.97742,7.58871],[80.9775,7.58724],[80.97714,7.58525],[80.9768,7.58426],[80.97586,7.58253],[80.97412,7.57974],[80.97356,7.57872],[80.97318,7.57775],[80.97262,7.57558],[80.97202,7.57236],[80.97193,7.5711],[80.97173,7.56659],[80.97178,7.56547],[80.97195,7.56444],[80.97199,7.56341],[80.97198,7.56228],[80.97192,7.56117],[80.97193,7.56013],[80.97217,7.55801],[80.97221,7.5547],[80.97203,7.55016],[80.97211,7.54553],[80.97208,7.54211],[80.97199,7.5398],[80.97172,7.53743],[80.97115,7.53399],[80.97132,7.53285],[80.97129,7.53178],[80.97141,7.53062],[80.9717,7.52951],[80.97209,7.52851],[80.97229,7.52743],[80.97227,7.52583],[80.97256,7.52486],[80.97255,7.52314],[80.97275,7.52188],[80.97281,7.51723],[80.97278,7.5161],[80.9729,7.5128],[80.97287,7.5105],[80.9728,7.50941],[80.97289,7.50812],[80.97271,7.50472],[80.97269,7.50358],[80.97277,7.5012],[80.97296,7.49887],[80.97371,7.49322],[80.97378,7.49214],[80.97421,7.48836],[80.97513,7.48659],[80.97516,7.48353],[80.97508,7.48234],[80.97459,7.47904],[80.97419,7.47583],[80.97377,7.4714],[80.97285,7.4647],[80.97273,7.46362],[80.97269,7.46248],[80.97282,7.46021],[80.97296,7.45914],[80.97391,7.45497],[80.97444,7.45044],[80.97455,7.44804],[80.97455,7.44576],[80.97416,7.43903],[80.97417,7.43684],[80.97437,7.43353],[80.9745,7.43248],[80.97518,7.4281],[80.97522,7.42697],[80.97506,7.42584],[80.97466,7.42486],[80.97392,7.4241],[80.97215,7.42283],[80.97155,7.42198],[80.97101,7.42105],[80.9705,7.42001],[80.96983,7.41779],[80.96947,7.41563],[80.96944,7.41446],[80.96946,7.41329],[80.96958,7.41209],[80.96976,7.41107],[80.97013,7.41006],[80.97098,7.40913],[80.9719,7.4084],[80.97288,7.40782],[80.97384,7.40739],[80.97589,7.40613],[80.97787,7.40512],[80.97857,7.40418],[80.9791,7.40316],[80.97981,7.40104],[80.98086,7.39883],[80.98174,7.39672],[80.98225,7.39575],[80.98261,7.39478],[80.98272,7.39373],[80.98274,7.39269],[80.98265,7.39166],[80.98228,7.38949],[80.9815,7.38633],[80.98078,7.38303],[80.98017,7.38087],[80.97973,7.37875],[80.97932,7.37764],[80.97891,7.37669],[80.97753,7.37492],[80.97692,7.37399],[80.97639,7.37291],[80.97596,7.37184],[80.97561,7.37083],[80.97547,7.36965],[80.97546,7.36852],[80.97572,7.36639],[80.97627,7.36293],[80.97679,7.36071],[80.97708,7.35971],[80.97843,7.35669],[80.97943,7.3547],[80.97986,7.35373],[80.98125,7.35051],[80.98203,7.34848],[80.98333,7.34544],[80.98396,7.34332],[80.98427,7.34208],[80.98492,7.33992],[80.98534,7.33895],[80.98604,7.33792],[80.98648,7.33569],[80.98686,7.33473],[80.98781,7.33153],[80.98789,7.33046],[80.98781,7.32941],[80.98763,7.32836],[80.98745,7.32802],[80.9872,7.3255],[80.98725,7.32458],[80.98774,7.32266],[80.9883,7.32097],[80.98876,7.31913],[80.98908,7.31819],[80.98969,7.31651],[80.99061,7.31468],[80.99096,7.31381],[80.99116,7.31289],[80.99145,7.31198],[80.99221,7.31018],[80.99268,7.30844],[80.99324,7.30665],[80.99394,7.30501],[80.99423,7.30413],[80.99455,7.30334],[80.99538,7.30171],[80.99585,7.30093],[80.99724,7.29943],[80.9979,7.29862],[80.99838,7.29791],[80.99882,7.29698],[80.99913,7.29613],[80.99988,7.29448],[81.0002,7.29359],[81.00043,7.29263],[81.00099,7.29071],[81.00191,7.28699],[81.00238,7.2834],[81.00278,7.28151],[81.00308,7.27956],[81.00328,7.27863],[81.00455,7.27381],[81.00487,7.27207],[81.00549,7.27006],[81.00575,7.26896],[81.00653,7.26708],[81.00699,7.26624],[81.00803,7.26458],[81.00935,7.26204],[81.00957,7.26123],[81.00994,7.2594],[81.01004,7.2585],[81.01074,7.25669],[81.01133,7.25497],[81.01159,7.25403],[81.01197,7.25217],[81.01219,7.25028],[81.01272,7.24846],[81.01313,7.2467],[81.01318,7.24582],[81.01317,7.24489],[81.01306,7.24396],[81.0131,7.2431],[81.01303,7.24217],[81.01288,7.24133],[81.01311,7.2405],[81.01359,7.2394],[81.01515,7.23697],[81.01653,7.2334],[81.01631,7.23217],[81.01628,7.23126],[81.01598,7.23042],[81.01545,7.22956],[81.01426,7.22786],[81.01399,7.22693],[81.01351,7.2262],[81.01271,7.22448],[81.01176,7.22299],[81.01113,7.22215],[81.01062,7.22129],[81.00984,7.21966],[81.00955,7.21872],[81.00924,7.21792],[81.00876,7.2172],[81.00816,7.21647],[81.00658,7.21542],[81.00578,7.21505],[81.00413,7.21446],[81.00301,7.21414],[81.00074,7.21343],[80.99978,7.21333],[80.99696,7.2133],[80.99603,7.2134],[80.99517,7.21365],[80.99153,7.21405],[80.99052,7.21423],[80.98953,7.21433],[80.98866,7.21429],[80.98683,7.2139],[80.98597,7.21361],[80.98504,7.21322],[80.98418,7.213],[80.98328,7.21263],[80.98251,7.2121],[80.98185,7.21149],[80.98136,7.21068],[80.98003,7.2074],[80.97896,7.20577],[80.97863,7.20498],[80.97782,7.20338],[80.97666,7.20212],[80.97597,7.20159],[80.97495,7.20107],[80.97436,7.20023],[80.97417,7.19936],[80.97419,7.1985],[80.97399,7.19764],[80.97363,7.19683],[80.97294,7.19626],[80.972,7.19631],[80.97105,7.19645],[80.97021,7.19664],[80.96938,7.19695],[80.96848,7.19747],[80.96761,7.19737],[80.96674,7.19715],[80.96403,7.19628],[80.96319,7.19591],[80.96229,7.19592],[80.96064,7.19648],[80.9598,7.19688],[80.95731,7.19829],[80.9559,7.19923],[80.95499,7.19954],[80.95404,7.19972],[80.95229,7.19991],[80.95059,7.19969],[80.94964,7.19974],[80.94794,7.2001],[80.94581,7.20037],[80.94462,7.19901],[80.94382,7.19854],[80.94296,7.19787],[80.94245,7.19715],[80.94216,7.19628],[80.94213,7.19526],[80.94222,7.19438],[80.94248,7.19352],[80.94299,7.19283],[80.94356,7.19218],[80.94404,7.19144],[80.94424,7.19048],[80.94473,7.18972],[80.94498,7.18885],[80.94535,7.18799],[80.94646,7.18655],[80.94713,7.18598],[80.94795,7.18551],[80.94866,7.18491],[80.94897,7.18403],[80.94912,7.18306],[80.94899,7.18206],[80.94875,7.18106],[80.94844,7.17932],[80.94874,7.17843],[80.94944,7.17773],[80.95031,7.17733],[80.95125,7.17739],[80.9521,7.17721],[80.95289,7.17657],[80.95333,7.17582],[80.95385,7.17305],[80.95418,7.17223],[80.95462,7.17147],[80.95531,7.17091],[80.95616,7.17065],[80.9568,7.17003],[80.9572,7.16927],[80.95739,7.16754],[80.95745,7.16654],[80.95757,7.16565],[80.95793,7.16486],[80.9583,7.1639],[80.95902,7.16231],[80.95999,7.16056],[80.96035,7.15976],[80.96111,7.15793],[80.96132,7.15707],[80.96118,7.15621],[80.96093,7.15532],[80.9603,7.15074],[80.95976,7.14895],[80.95916,7.14729],[80.959,7.14644],[80.95942,7.14564],[80.96052,7.14392],[80.96085,7.143],[80.96073,7.14215],[80.96007,7.14147],[80.95922,7.14156],[80.95842,7.14199],[80.95762,7.14234],[80.95678,7.14251],[80.95592,7.14278],[80.95526,7.14335],[80.9547,7.14401],[80.95415,7.14475],[80.95346,7.14532],[80.95264,7.14561],[80.9519,7.14509],[80.95141,7.14436],[80.95109,7.14357],[80.95062,7.14178],[80.94958,7.14023],[80.94918,7.13948],[80.94905,7.13864],[80.9493,7.13761],[80.94967,7.13676],[80.95062,7.13527],[80.95093,7.13435],[80.95092,7.13342],[80.95054,7.13256],[80.95033,7.13162],[80.95004,7.13065],[80.94993,7.12981],[80.95036,7.129],[80.95121,7.12872],[80.95303,7.12926],[80.95393,7.12915],[80.95564,7.12878],[80.95649,7.12864],[80.95731,7.12827],[80.95815,7.12777],[80.95897,7.12737],[80.95972,7.12683],[80.96039,7.12624],[80.96264,7.12476],[80.96326,7.12413],[80.96379,7.12343],[80.96428,7.12258],[80.96465,7.12179],[80.96473,7.12095],[80.96471,7.12007],[80.96412,7.11922],[80.96334,7.11872],[80.95996,7.11693],[80.95918,7.11655],[80.95825,7.11617],[80.95759,7.11552],[80.95701,7.11472],[80.95663,7.11387],[80.95636,7.11298],[80.95571,7.11136],[80.95543,7.1105],[80.95541,7.10961],[80.95555,7.10876],[80.9557,7.10701],[80.9555,7.10618],[80.95518,7.10537],[80.95445,7.10458],[80.95372,7.10391],[80.9531,7.10325],[80.95232,7.10283],[80.95166,7.10217],[80.95127,7.10137],[80.95174,7.10053],[80.9524,7.0998],[80.95318,7.09925],[80.95385,7.09867],[80.95443,7.09802],[80.95479,7.0971],[80.95467,7.09605],[80.95464,7.09515],[80.95428,7.0934],[80.95344,7.09188],[80.95308,7.0911],[80.95315,7.09018],[80.95387,7.08962],[80.95468,7.08922],[80.95542,7.08863],[80.95617,7.08813],[80.957,7.08771],[80.95775,7.08706],[80.95855,7.08552],[80.95919,7.08488],[80.95987,7.08434],[80.9607,7.08284],[80.96135,7.08221],[80.96207,7.08172],[80.96365,7.08086],[80.96437,7.08032],[80.96489,7.07958],[80.96518,7.07869],[80.96511,7.07773],[80.9648,7.07689],[80.96415,7.07618],[80.96342,7.07564],[80.96253,7.07531],[80.96154,7.07531],[80.95963,7.0752],[80.95877,7.0749],[80.95825,7.0742],[80.95806,7.07335],[80.95772,7.07257],[80.95714,7.07188],[80.95665,7.07118],[80.95648,7.0705],[80.95615,7.06887],[80.95571,7.06723],[80.95571,7.06589],[80.95598,7.0647],[80.95609,7.06387],[80.95562,7.06314],[80.95516,7.0628],[80.9544,7.0625],[80.95273,7.062],[80.95028,7.06095],[80.94943,7.0605],[80.9478,7.05956],[80.94646,7.05869],[80.94511,7.05765],[80.94364,7.05662],[80.94288,7.05618],[80.94216,7.05556],[80.94162,7.05497],[80.94111,7.05431],[80.94057,7.05351],[80.94021,7.05277],[80.93988,7.05006],[80.93983,7.04902],[80.93988,7.04725],[80.93974,7.04629],[80.93921,7.04439],[80.9388,7.04348],[80.93827,7.04281],[80.93766,7.04219],[80.93691,7.04183],[80.93522,7.04127],[80.93434,7.04108],[80.93264,7.04062],[80.9316,7.04011],[80.93076,7.03953],[80.92986,7.03883],[80.92923,7.03818],[80.92938,7.03738],[80.92996,7.03584],[80.92989,7.03534],[80.92985,7.03505],[80.92912,7.03343],[80.92896,7.03314],[80.92873,7.0327],[80.92826,7.03197],[80.92787,7.03115],[80.92781,7.03083],[80.92773,7.03037],[80.92787,7.02677],[80.92805,7.02516],[80.9281,7.02493],[80.92884,7.02181],[80.92898,7.02088],[80.92899,7.02007],[80.9284,7.01838],[80.92821,7.01757],[80.92767,7.01596],[80.92728,7.01428],[80.92699,7.0135],[80.92606,7.01208],[80.92501,7.01074],[80.92461,7.00999],[80.92438,7.00907],[80.92411,7.00728],[80.92415,7.00472],[80.92429,7.00298],[80.92424,7.00211],[80.92382,7.00046],[80.92337,6.99961],[80.92304,6.9988],[80.92278,6.99803],[80.92234,6.99635],[80.92127,6.99416],[80.92081,6.99347],[80.92037,6.99269],[80.91954,6.9909],[80.91912,6.99024],[80.91855,6.98967],[80.91779,6.98935],[80.91699,6.98917],[80.9161,6.98887],[80.91522,6.98846],[80.91308,6.98706],[80.91241,6.98655],[80.91108,6.98531],[80.91036,6.98475],[80.90871,6.98418],[80.90612,6.9834],[80.90537,6.98309],[80.90461,6.98264],[80.90387,6.98207],[80.90326,6.98148],[80.90209,6.98012],[80.90089,6.97896],[80.89933,6.9777],[80.89849,6.97731],[80.89661,6.97716],[80.89579,6.97721],[80.89498,6.97746],[80.8942,6.97789],[80.89337,6.97817],[80.89254,6.97841],[80.89165,6.97854],[80.89077,6.97831],[80.88844,6.97728],[80.88609,6.97658],[80.88439,6.97617],[80.8836,6.97594],[80.88278,6.97558],[80.8819,6.97533],[80.88107,6.97515],[80.88009,6.97505],[80.87678,6.97408],[80.87583,6.97387],[80.87493,6.97373],[80.87413,6.97383],[80.87335,6.97422],[80.87263,6.97468],[80.87176,6.97503],[80.87099,6.9754],[80.86991,6.97619],[80.86961,6.9764],[80.86907,6.97688],[80.86899,6.97695],[80.86829,6.9774],[80.8682,6.97743],[80.86663,6.97804],[80.86585,6.97823],[80.86222,6.97817],[80.86204,6.97766],[80.86121,6.97642],[80.86115,6.97633],[80.85956,6.97432],[80.85897,6.97374],[80.85826,6.97322],[80.85799,6.97298],[80.85689,6.97199],[80.85533,6.97093],[80.85464,6.97052],[80.8539,6.96999],[80.85314,6.96953],[80.85216,6.96904],[80.85145,6.96863],[80.8483,6.96718],[80.8476,6.96678],[80.8467,6.96619],[80.84497,6.96416],[80.84444,6.96352],[80.8426,6.96162],[80.84157,6.96027],[80.84096,6.95966],[80.84021,6.95908],[80.83984,6.95828],[80.8392,6.9578],[80.83849,6.95744],[80.83768,6.95708],[80.83688,6.9568],[80.83597,6.95642],[80.83541,6.95582],[80.83489,6.95511],[80.83443,6.95439],[80.83406,6.95364],[80.83355,6.95295],[80.83342,6.95216],[80.83274,6.94962],[80.83206,6.94613],[80.8319,6.94453],[80.83186,6.94365],[80.83191,6.94282],[80.83189,6.94189],[80.83178,6.94106],[80.83175,6.94009],[80.83192,6.93666],[80.83181,6.935],[80.8318,6.93412],[80.83164,6.93319],[80.83143,6.93236],[80.8312,6.93155],[80.83085,6.9308],[80.83041,6.92991],[80.8297,6.92864],[80.82957,6.9284],[80.82905,6.92792],[80.82888,6.92779],[80.82801,6.92709],[80.82793,6.92703],[80.82675,6.92593],[80.82543,6.92507],[80.82505,6.92483],[80.82368,6.92381],[80.82218,6.92297],[80.81923,6.92099],[80.81767,6.92015],[80.81618,6.9192],[80.81309,6.91773],[80.81228,6.91751],[80.81142,6.91744],[80.80959,6.91756],[80.80877,6.91769],[80.8078,6.91764],[80.80689,6.91769],[80.80141,6.91859],[80.80053,6.91864],[80.79963,6.91875],[80.79775,6.91911],[80.79688,6.91932],[80.79596,6.91941],[80.7951,6.91939],[80.79337,6.91962],[80.79175,6.91975],[80.78903,6.9201],[80.78817,6.92024],[80.78709,6.9206],[80.78632,6.92093],[80.78546,6.92113],[80.78364,6.92131],[80.78183,6.92161],[80.78011,6.92142],[80.77941,6.92103],[80.77878,6.92039],[80.77831,6.91971],[80.77784,6.91886],[80.7774,6.91793],[80.7767,6.91627],[80.77619,6.91462],[80.77611,6.9138],[80.77594,6.91302],[80.77614,6.91221],[80.77662,6.91139],[80.77719,6.91084],[80.77789,6.91037],[80.77874,6.91006],[80.78228,6.90929],[80.78315,6.90906],[80.78397,6.9088],[80.78548,6.90812],[80.78633,6.90793],[80.78723,6.90789],[80.78898,6.90807],[80.7908,6.90754],[80.7916,6.90762],[80.7924,6.90745],[80.79319,6.90702],[80.7941,6.90699],[80.79494,6.90704],[80.79748,6.90675],[80.79832,6.90652],[80.79906,6.90602],[80.79971,6.90537],[80.80047,6.90476],[80.8028,6.90367],[80.80365,6.90349],[80.8045,6.90348],[80.80709,6.9032],[80.80788,6.90301],[80.80865,6.9027],[80.80937,6.90227],[80.80997,6.90171],[80.81044,6.90103],[80.81077,6.90014],[80.81068,6.89933],[80.81008,6.89781],[80.81004,6.89694],[80.81024,6.89617],[80.80972,6.89556],[80.8081,6.89498],[80.80839,6.89421],[80.80908,6.89376],[80.80986,6.89348],[80.81229,6.89284],[80.81305,6.89255],[80.81379,6.89214],[80.81444,6.89154],[80.81443,6.89072],[80.81398,6.88916],[80.81366,6.88841],[80.81309,6.88669],[80.81244,6.88505],[80.81235,6.88425],[80.81215,6.88338],[80.81186,6.88254],[80.8117,6.88166],[80.8118,6.87981],[80.81244,6.87929],[80.8126,6.87931],[80.81327,6.87937],[80.81392,6.8799],[80.81451,6.88052],[80.81511,6.88107],[80.81586,6.88148],[80.81653,6.88193],[80.81734,6.88198],[80.81817,6.88175],[80.82136,6.87893],[80.82269,6.87765],[80.82336,6.87716],[80.82398,6.87648],[80.8244,6.87576],[80.82447,6.87493],[80.82366,6.87355],[80.8233,6.87281],[80.8227,6.87114],[80.82205,6.86864],[80.82133,6.86709],[80.82068,6.86553],[80.82021,6.8639],[80.82052,6.86206],[80.8209,6.86122],[80.82133,6.86046],[80.8221,6.86015],[80.8227,6.85958],[80.8231,6.85884],[80.82314,6.85799],[80.82299,6.85721],[80.82341,6.85646],[80.82424,6.85634],[80.82501,6.85657],[80.82569,6.857],[80.82649,6.85692],[80.82794,6.85613],[80.82872,6.85587],[80.82945,6.85554],[80.83007,6.85499],[80.8305,6.85426],[80.83062,6.85343],[80.83087,6.85263],[80.83098,6.85174],[80.83082,6.8509],[80.83136,6.84931],[80.83189,6.84872],[80.83252,6.8482],[80.83321,6.84776],[80.83392,6.84734],[80.83468,6.84704],[80.83551,6.84678],[80.83638,6.84632],[80.83712,6.84578],[80.83754,6.8451],[80.83755,6.84428],[80.83721,6.84347],[80.83703,6.84264],[80.83702,6.84181],[80.83692,6.84095],[80.83657,6.84024],[80.83606,6.83956],[80.83481,6.83745],[80.83431,6.83673],[80.83331,6.8354],[80.83224,6.83414],[80.83157,6.83367],[80.83076,6.83346],[80.82991,6.83335],[80.82833,6.83296],[80.82755,6.83275],[80.82679,6.83244],[80.82624,6.83179],[80.82579,6.83104],[80.82514,6.83052],[80.82443,6.83017],[80.82356,6.83016],[80.82283,6.83055],[80.82225,6.8311],[80.82086,6.83203],[80.82013,6.83241],[80.81927,6.83253],[80.81846,6.83248],[80.81681,6.83226],[80.81604,6.83195],[80.8153,6.8315],[80.81472,6.83091],[80.81426,6.83009],[80.81402,6.82926],[80.81391,6.82848],[80.814,6.82683],[80.81421,6.82604],[80.81448,6.82528],[80.81513,6.82291],[80.81553,6.82218],[80.81604,6.8214],[80.81658,6.82072],[80.81691,6.81997],[80.81746,6.81927],[80.81813,6.81881],[80.81892,6.81842],[80.81977,6.81791],[80.82039,6.81737],[80.8211,6.81689],[80.82185,6.81658],[80.82267,6.81632],[80.82423,6.81565],[80.82505,6.81535],[80.82583,6.81513],[80.8267,6.81499],[80.82845,6.81481],[80.83096,6.81487],[80.83179,6.81502],[80.83262,6.81501],[80.83541,6.81319],[80.83716,6.81187],[80.83738,6.81107],[80.83734,6.81057],[80.83689,6.80975],[80.83638,6.80939],[80.83443,6.80834],[80.83378,6.80759],[80.8336,6.80678],[80.83392,6.80577],[80.83433,6.80523],[80.83468,6.80434],[80.8346,6.80351],[80.83426,6.80275],[80.83368,6.80197],[80.83081,6.79993],[80.83,6.79927],[80.82928,6.7984],[80.82877,6.79743],[80.82863,6.7969],[80.82828,6.79611],[80.82785,6.79534],[80.82708,6.79462],[80.82632,6.79377],[80.82518,6.79312],[80.82411,6.7928],[80.82299,6.79283],[80.82182,6.79309],[80.82076,6.79349],[80.81971,6.79402],[80.81868,6.79459],[80.81773,6.79522],[80.81669,6.79551],[80.81558,6.79568],[80.81449,6.79568],[80.81349,6.79529],[80.81157,6.79355],[80.81076,6.79308],[80.80841,6.79191],[80.80994,6.79094],[80.81155,6.78773],[80.81209,6.7871],[80.81247,6.78633],[80.81261,6.78542],[80.81257,6.78447],[80.81228,6.78352],[80.81194,6.78277],[80.81149,6.78192],[80.81097,6.78106],[80.81058,6.78021],[80.81009,6.77947],[80.80971,6.77874],[80.80946,6.77795],[80.80915,6.7772],[80.80898,6.77543],[80.80896,6.77451],[80.80877,6.77366],[80.80866,6.77258],[80.80869,6.77159],[80.80894,6.76987],[80.80918,6.76894],[80.80948,6.76814],[80.8099,6.76729],[80.81089,6.76469],[80.81144,6.76398],[80.81207,6.76338],[80.81267,6.76274],[80.81292,6.76196],[80.81293,6.76109],[80.81157,6.75862],[80.81134,6.75775],[80.81136,6.75661],[80.81148,6.75571],[80.81219,6.7552],[80.81298,6.75549],[80.81397,6.75613],[80.81481,6.75658],[80.81559,6.75714],[80.81783,6.75854],[80.81956,6.75955],[80.8204,6.75997],[80.82123,6.76015],[80.8222,6.76001],[80.82302,6.75981],[80.82388,6.75981],[80.82522,6.76092],[80.82598,6.76138],[80.82696,6.76172],[80.82749,6.76109],[80.82768,6.76027],[80.82779,6.75858],[80.8279,6.75767],[80.8283,6.75696],[80.8288,6.75626],[80.82941,6.75557],[80.83002,6.75502],[80.83067,6.75428],[80.83104,6.75336],[80.83132,6.7525],[80.83186,6.75061],[80.83238,6.74965],[80.83266,6.74886],[80.83356,6.74687],[80.83403,6.7461],[80.83466,6.74554],[80.83547,6.74509],[80.83634,6.74479],[80.838,6.74432],[80.83895,6.74424],[80.84076,6.74455],[80.84164,6.7446],[80.84247,6.74456],[80.84327,6.74458],[80.84417,6.74489],[80.84492,6.74524],[80.84573,6.7455],[80.84661,6.74539],[80.84741,6.74502],[80.84824,6.74482],[80.84905,6.74502],[80.85007,6.74551],[80.85189,6.7462],[80.85265,6.74643],[80.85352,6.74656],[80.85446,6.74645],[80.85529,6.7461],[80.85571,6.74539],[80.8565,6.74382],[80.85752,6.74236],[80.85791,6.74148],[80.85803,6.7407],[80.85805,6.73984],[80.85797,6.73904],[80.85818,6.73818],[80.85854,6.73733],[80.85834,6.7364],[80.85778,6.73559],[80.85644,6.73414],[80.85589,6.73338],[80.85544,6.73251],[80.85492,6.7319],[80.85412,6.73142],[80.85316,6.73107],[80.85225,6.73113],[80.85139,6.7314],[80.85049,6.731],[80.85029,6.73015],[80.85081,6.72921],[80.85139,6.72846],[80.85136,6.72766],[80.85119,6.72676],[80.85142,6.72591],[80.85184,6.72508],[80.8532,6.72284],[80.85455,6.72181],[80.85501,6.72108],[80.85524,6.72018],[80.85488,6.71941],[80.85421,6.71897],[80.85325,6.7188],[80.85244,6.71871],[80.85043,6.71875],[80.84946,6.71865],[80.84863,6.7185],[80.8479,6.71817],[80.8469,6.71823],[80.84525,6.71882],[80.84427,6.71899],[80.84335,6.71897],[80.8425,6.71874],[80.84163,6.71802],[80.84103,6.71744],[80.83987,6.71612],[80.83933,6.71532],[80.83874,6.71478],[80.83791,6.71427],[80.83708,6.71405],[80.83627,6.71403],[80.83522,6.71432],[80.83442,6.7144],[80.83359,6.71416],[80.83305,6.71354],[80.83277,6.71266],[80.83237,6.71187],[80.8316,6.7115],[80.83073,6.71154],[80.8299,6.71152],[80.82891,6.71143],[80.82803,6.71124],[80.82731,6.71081],[80.82562,6.70999],[80.82477,6.70978],[80.82405,6.70922],[80.82352,6.70859],[80.82269,6.7086],[80.82192,6.7088],[80.82105,6.7087],[80.82025,6.70829],[80.81803,6.70682],[80.81713,6.70682],[80.81611,6.70644],[80.81531,6.70606],[80.81436,6.70582],[80.81355,6.70568],[80.8128,6.70527],[80.81223,6.70453],[80.81184,6.70363],[80.81129,6.70204],[80.81113,6.70118],[80.81111,6.70032],[80.8113,6.69939],[80.81157,6.69861],[80.81222,6.69778],[80.81287,6.69722],[80.81441,6.69619],[80.81657,6.69508],[80.81738,6.69476],[80.81829,6.69454],[80.81906,6.69425],[80.81999,6.69371],[80.82141,6.69268],[80.82211,6.69221],[80.82347,6.69102],[80.82494,6.69018],[80.82555,6.68962],[80.82584,6.68885],[80.82582,6.68696],[80.82592,6.68604],[80.82609,6.68518],[80.82637,6.68435],[80.82657,6.68339],[80.82701,6.68173],[80.82714,6.68084],[80.82754,6.67907],[80.82774,6.67827],[80.82799,6.67764],[80.82851,6.67662],[80.82884,6.67583],[80.82904,6.67499],[80.82913,6.67413],[80.82907,6.67333],[80.82894,6.6724],[80.82898,6.6715],[80.8292,6.67055],[80.8297,6.66965],[80.83052,6.66935],[80.83155,6.66904],[80.83312,6.66824],[80.83381,6.66783],[80.83453,6.66748],[80.83543,6.6671],[80.8363,6.6668],[80.83713,6.66692],[80.83806,6.66723],[80.83901,6.66731],[80.83979,6.66708],[80.84164,6.66635],[80.84246,6.66622],[80.84586,6.66667],[80.84756,6.66664],[80.84824,6.66614],[80.84848,6.66526],[80.84953,6.66261],[80.85,6.66192],[80.85059,6.66133],[80.85199,6.66046],[80.85279,6.66015],[80.85368,6.65958],[80.85487,6.65821],[80.85578,6.65775],[80.85658,6.65753],[80.85739,6.65754],[80.85813,6.65789],[80.85843,6.65864],[80.85889,6.65944],[80.85985,6.6609],[80.86096,6.66332],[80.86152,6.66401],[80.86217,6.66455],[80.86363,6.66563],[80.86442,6.6653],[80.86481,6.66461],[80.86539,6.66288],[80.86574,6.66215],[80.86655,6.66202],[80.86747,6.66228],[80.86901,6.66303],[80.86993,6.66333],[80.87177,6.66371],[80.87392,6.66372],[80.87784,6.66341],[80.87873,6.66344],[80.87982,6.66359],[80.88075,6.66378],[80.88357,6.66479],[80.88524,6.66522],[80.8862,6.66554],[80.88702,6.66599],[80.8874,6.66682],[80.88762,6.66861],[80.88793,6.66951],[80.88833,6.67031],[80.88889,6.671],[80.88976,6.67239],[80.89,6.67321],[80.89017,6.67406],[80.89074,6.67565],[80.8915,6.676],[80.89239,6.67609],[80.89322,6.6761],[80.89419,6.67583],[80.89591,6.67554],[80.89672,6.6755],[80.89917,6.67559],[80.90003,6.67571],[80.90095,6.67591],[80.90184,6.6762],[80.90359,6.67704],[80.90786,6.67851],[80.90836,6.67917],[80.9084,6.67997],[80.90818,6.68175],[80.90893,6.68347],[80.90955,6.68402],[80.91033,6.6843],[80.91122,6.68438],[80.91214,6.68432],[80.91288,6.68467],[80.91347,6.68524],[80.91343,6.68695],[80.914,6.68756],[80.91477,6.68797],[80.91541,6.68865],[80.91537,6.68947],[80.91485,6.69012],[80.91415,6.69049],[80.91376,6.69118],[80.91344,6.69206],[80.91341,6.69298],[80.9136,6.69381],[80.91427,6.69441],[80.91504,6.69475],[80.91603,6.69493],[80.91689,6.69493],[80.91759,6.69448],[80.91808,6.69382],[80.91846,6.693],[80.91894,6.69224],[80.9196,6.69151],[80.92036,6.6909],[80.92204,6.68997],[80.92284,6.68972],[80.92453,6.68948],[80.92543,6.68927],[80.92625,6.6889],[80.9275,6.68776],[80.92802,6.68757],[80.92779,6.68899],[80.92829,6.68974],[80.92881,6.69036],[80.92945,6.69095],[80.93015,6.69135],[80.931,6.69121],[80.93264,6.69083],[80.93354,6.69067],[80.93462,6.69065],[80.93756,6.69111],[80.93859,6.69108],[80.93939,6.69089],[80.94008,6.69041],[80.94063,6.68969],[80.94081,6.68888],[80.94089,6.68718],[80.941,6.68638],[80.94097,6.68545],[80.94076,6.68468],[80.94015,6.68287],[80.93981,6.68128],[80.93958,6.68048],[80.93946,6.67959],[80.93961,6.67867],[80.94001,6.67788],[80.94067,6.67712],[80.94135,6.67665],[80.94314,6.67592],[80.94392,6.67571],[80.94481,6.67561],[80.94586,6.67541],[80.94678,6.67521],[80.94768,6.67496],[80.94942,6.67423],[80.95023,6.67369],[80.95081,6.67316],[80.95138,6.67257],[80.9519,6.67187],[80.95222,6.67111],[80.95243,6.67021],[80.95258,6.66936],[80.95258,6.66758],[80.95299,6.66572],[80.9533,6.6648],[80.95341,6.66374],[80.95357,6.66288],[80.95368,6.66194],[80.95354,6.66111],[80.9533,6.66027],[80.95299,6.65943],[80.95258,6.65772],[80.95262,6.6569],[80.95297,6.65588],[80.95343,6.65516],[80.95464,6.65379],[80.95531,6.65332],[80.95621,6.6531],[80.9578,6.65202],[80.95875,6.6518],[80.9597,6.65179],[80.96078,6.6519],[80.96173,6.65201],[80.96281,6.65223],[80.96441,6.65282],[80.96609,6.6537],[80.96796,6.65453],[80.96893,6.65446],[80.96961,6.654],[80.96969,6.65313],[80.96966,6.65221],[80.96989,6.65111],[80.97022,6.6503],[80.97083,6.64966],[80.9722,6.64867],[80.97361,6.64751],[80.97511,6.64646],[80.97569,6.64587],[80.9764,6.64499],[80.9769,6.64428],[80.97728,6.64353],[80.97823,6.6409],[80.97855,6.63988],[80.97944,6.63632],[80.97963,6.6353],[80.97965,6.63439],[80.97953,6.63354],[80.97954,6.63264],[80.979,6.63006],[80.97825,6.62732],[80.9779,6.62647],[80.97731,6.62478],[80.97674,6.62283],[80.97676,6.62195],[80.97692,6.62109],[80.97729,6.62021],[80.97761,6.61924],[80.97803,6.61845],[80.97903,6.61705],[80.97968,6.6165],[80.98041,6.61617],[80.98131,6.61626],[80.983,6.61841],[80.98365,6.61906],[80.98433,6.61956],[80.9852,6.61981],[80.98615,6.61979],[80.98698,6.61953],[80.9878,6.61935],[80.98868,6.61967],[80.98931,6.62029],[80.99004,6.62063],[80.99093,6.62059],[80.99204,6.62022],[80.99515,6.61847],[80.9958,6.61801],[80.99652,6.6174],[80.99799,6.6163],[80.99862,6.61574],[80.9993,6.61503],[80.99976,6.61428],[81.00008,6.61347],[81.00019,6.61263],[81.00008,6.61176],[80.9999,6.61087],[80.99967,6.61009],[80.99938,6.60912],[80.99871,6.6075],[80.99822,6.60672],[80.99771,6.60602],[80.99662,6.60437],[80.99622,6.60366],[80.99548,6.60188],[80.99493,6.60025],[80.99494,6.59923],[80.99549,6.59837],[80.9964,6.59657],[80.99688,6.59577],[80.99732,6.59489],[80.99757,6.59409],[80.99887,6.59082],[80.99891,6.58993],[80.99875,6.58906],[80.99811,6.587],[80.99735,6.58399],[80.99602,6.58038],[80.99578,6.57946],[80.99573,6.57853],[80.99539,6.57678],[80.99545,6.57595],[80.99564,6.5751],[80.99598,6.57428],[80.99663,6.57382],[80.99754,6.57342],[80.99835,6.57297],[80.999,6.57242],[80.99945,6.5716],[80.99979,6.5708],[81.00056,6.5684],[81.00107,6.56773],[81.0019,6.56721],[81.00277,6.56675],[81.00355,6.5662],[81.00415,6.5656],[81.00511,6.56404],[81.00575,6.56345],[81.00653,6.56301],[81.00787,6.56183],[81.00836,6.56118],[81.00865,6.56041],[81.00906,6.55879],[81.01121,6.55769],[81.01302,6.55503],[81.01407,6.5537],[81.01523,6.55265],[81.01654,6.55171],[81.01767,6.55051],[81.01833,6.54897],[81.01888,6.54727],[81.01971,6.54577],[81.02071,6.54452],[81.02177,6.54339],[81.02274,6.54217],[81.02339,6.54369],[81.02353,6.54557],[81.02361,6.55038],[81.02374,6.55214],[81.02393,6.55376],[81.02445,6.557],[81.02509,6.55865],[81.02558,6.56021],[81.02559,6.56107],[81.02544,6.56192],[81.02484,6.56345],[81.02474,6.56432],[81.0248,6.56512],[81.02538,6.56591],[81.02597,6.56655],[81.0263,6.56733],[81.0263,6.56823],[81.02564,6.56988],[81.02525,6.57066],[81.02505,6.57144],[81.02491,6.57234],[81.02508,6.57323],[81.02555,6.5739],[81.02631,6.5744],[81.02697,6.57493],[81.02832,6.57613],[81.0296,6.57742],[81.03019,6.57813],[81.03112,6.57964],[81.03252,6.58084],[81.03306,6.58164],[81.03335,6.58259],[81.03378,6.58355],[81.03568,6.58514],[81.03639,6.58557],[81.03712,6.58622],[81.03776,6.58694],[81.039,6.58845],[81.03961,6.58931],[81.04002,6.59007],[81.04077,6.59061],[81.04145,6.58998],[81.04182,6.58912],[81.04327,6.58816],[81.04379,6.5875],[81.04416,6.58678],[81.04488,6.58621],[81.04663,6.58552],[81.0474,6.58503],[81.048,6.58449],[81.04871,6.58401],[81.04952,6.58365],[81.0503,6.58351],[81.0531,6.58347],[81.05388,6.58335],[81.05468,6.58305],[81.05544,6.58262],[81.0571,6.58187],[81.05801,6.58163],[81.05875,6.58118],[81.05904,6.58037],[81.0601,6.57896],[81.06076,6.57843],[81.06161,6.57812],[81.06242,6.57847],[81.06245,6.57938],[81.06201,6.58097],[81.0617,6.58175],[81.06143,6.58268],[81.0613,6.58353],[81.06069,6.58599],[81.06058,6.58689],[81.06059,6.58769],[81.06108,6.59037],[81.06122,6.59134],[81.06127,6.59218],[81.06128,6.59314],[81.06113,6.59503],[81.0611,6.59592],[81.0612,6.59674],[81.06134,6.59754],[81.06164,6.59838],[81.06223,6.59924],[81.06291,6.59976],[81.06428,6.60096],[81.06594,6.60223],[81.06653,6.60278],[81.06721,6.60367],[81.06861,6.60476],[81.06945,6.60531],[81.07033,6.60598],[81.07165,6.60739],[81.07294,6.60854],[81.07435,6.6096],[81.07501,6.61016],[81.07558,6.61074],[81.07638,6.61118],[81.07725,6.61143],[81.07801,6.61173],[81.08064,6.61109],[81.08139,6.6107],[81.08206,6.6102],[81.08287,6.60976],[81.08374,6.60947],[81.08454,6.60929],[81.08539,6.60927],[81.08622,6.60963],[81.08637,6.61043],[81.0862,6.61122],[81.08548,6.6129],[81.08535,6.61369],[81.08542,6.6145],[81.08521,6.61527],[81.08478,6.61612],[81.0842,6.61687],[81.08361,6.6174],[81.08212,6.61855],[81.08145,6.61898],[81.07997,6.61979],[81.07921,6.62028],[81.07761,6.62155],[81.07549,6.62303],[81.07339,6.62497],[81.07149,6.62692],[81.06887,6.62931],[81.06602,6.63181],[81.06537,6.63243],[81.06483,6.63317],[81.06468,6.63398],[81.06461,6.6367],[81.06446,6.63751],[81.06418,6.63826],[81.06374,6.63914],[81.06328,6.63998],[81.06244,6.64173],[81.06197,6.64244],[81.06159,6.64326],[81.06139,6.64413],[81.06127,6.64493],[81.06121,6.64584],[81.06106,6.64687],[81.06105,6.65069],[81.06098,6.65154],[81.06102,6.6525],[81.06118,6.65418],[81.06131,6.65529],[81.0615,6.65615],[81.0615,6.65707],[81.06161,6.65796],[81.06184,6.65893],[81.06197,6.66149],[81.06199,6.66403],[81.06213,6.66586],[81.06225,6.66685],[81.06253,6.66849],[81.06259,6.66929],[81.06287,6.67101],[81.06297,6.67193],[81.06299,6.67276],[81.06334,6.67564],[81.06349,6.67737],[81.06353,6.68081],[81.0637,6.68164],[81.06349,6.68338],[81.06345,6.68434],[81.06366,6.68532],[81.06378,6.68621],[81.06398,6.68706],[81.06391,6.69165],[81.06386,6.6926],[81.06433,6.6962],[81.06433,6.69806],[81.0645,6.69901],[81.06474,6.69982],[81.06508,6.70057],[81.0658,6.70107],[81.06753,6.70166],[81.06846,6.70206],[81.0694,6.70257],[81.07079,6.70366],[81.07143,6.70424],[81.07211,6.70465],[81.07389,6.70511],[81.07475,6.70548],[81.07659,6.70611],[81.07727,6.70659],[81.078,6.70734],[81.07842,6.70813],[81.07875,6.70911],[81.0789,6.71169],[81.07849,6.7163],[81.07907,6.71794],[81.07928,6.71882],[81.07964,6.71981],[81.08043,6.72151],[81.0813,6.72302],[81.0819,6.72364],[81.08331,6.72494],[81.08395,6.72566],[81.08442,6.72634],[81.08483,6.7272],[81.08499,6.72802],[81.08457,6.72884],[81.08385,6.7293],[81.08053,6.73101],[81.07887,6.73199],[81.07651,6.73355],[81.07349,6.73612],[81.07275,6.73664],[81.07194,6.73712],[81.07106,6.73747],[81.07017,6.73755],[81.06932,6.7375],[81.06852,6.73733],[81.06714,6.73641],[81.06635,6.73615],[81.06551,6.73628],[81.06307,6.73725],[81.06227,6.7372],[81.06139,6.73697],[81.06075,6.73649],[81.06002,6.73586],[81.05933,6.73544],[81.05855,6.73506],[81.05604,6.73453],[81.05516,6.73465],[81.0544,6.73491],[81.05369,6.73534],[81.05301,6.73583],[81.05241,6.73649],[81.052,6.73725],[81.05161,6.73815],[81.05152,6.73905],[81.05188,6.73979],[81.05271,6.74126],[81.05334,6.74285],[81.0534,6.7437],[81.05356,6.74475],[81.05355,6.74639],[81.05374,6.74723],[81.05456,6.74887],[81.05603,6.75117],[81.0571,6.75255],[81.05756,6.75324],[81.05794,6.75403],[81.05836,6.75474],[81.05936,6.75619],[81.05995,6.75686],[81.06213,6.75838],[81.06368,6.75936],[81.06425,6.75996],[81.06463,6.7608],[81.06484,6.76176],[81.06466,6.76353],[81.06455,6.76527],[81.06452,6.76783],[81.06433,6.76964],[81.06393,6.7725],[81.0634,6.77511],[81.06313,6.77601],[81.0628,6.77684],[81.06217,6.77877],[81.06198,6.77959],[81.06165,6.78042],[81.0614,6.78119],[81.06119,6.78203],[81.06111,6.78282],[81.06123,6.78362],[81.06206,6.78514],[81.06285,6.7867],[81.06325,6.78754],[81.06352,6.7883],[81.06363,6.78911],[81.0635,6.79084],[81.06324,6.79257],[81.06326,6.79339],[81.06356,6.79589],[81.064,6.79848],[81.06448,6.80104],[81.06459,6.80185],[81.06477,6.80438],[81.06481,6.80615],[81.06476,6.80701],[81.06485,6.80872],[81.06503,6.80951],[81.06519,6.81124],[81.06536,6.81221],[81.06551,6.81299],[81.06577,6.81374],[81.0664,6.81431],[81.06731,6.81443],[81.06907,6.81448],[81.06987,6.81437],[81.07155,6.814],[81.07241,6.81368],[81.07397,6.81318],[81.07524,6.81306],[81.0758,6.81309],[81.07663,6.81325],[81.07751,6.81363],[81.07834,6.8139],[81.07914,6.81409],[81.08,6.81413],[81.08073,6.81374],[81.08138,6.81325],[81.08187,6.81257],[81.08224,6.81178],[81.0827,6.81097],[81.0833,6.81015],[81.08345,6.80937],[81.08405,6.80859],[81.08465,6.80804],[81.08528,6.80754],[81.08615,6.80707],[81.08698,6.80706],[81.08783,6.80716],[81.08871,6.80744],[81.08962,6.80783],[81.09039,6.80809],[81.09115,6.8084],[81.0919,6.80877],[81.09356,6.80907],[81.0943,6.80941],[81.09498,6.80988],[81.09695,6.81157],[81.09788,6.81156],[81.09862,6.8119],[81.09889,6.81247],[81.09628,6.81527],[81.09532,6.81661],[81.09501,6.81741],[81.09509,6.81826],[81.09515,6.82077],[81.09501,6.82166],[81.09454,6.82232],[81.09419,6.82304],[81.09408,6.82387],[81.09441,6.82459],[81.09502,6.82511],[81.09576,6.82547],[81.09602,6.82631],[81.09612,6.82711],[81.09659,6.82791],[81.09728,6.82832],[81.09815,6.82832],[81.09982,6.8288],[81.10066,6.82923],[81.1014,6.82973],[81.1021,6.83013],[81.10288,6.83045],[81.10375,6.83067],[81.10554,6.83086],[81.10727,6.83092],[81.10809,6.83084],[81.10892,6.83058],[81.10972,6.83044],[81.11054,6.83023],[81.11282,6.82921],[81.11355,6.82883],[81.11494,6.82899],[81.11642,6.82907],[81.11752,6.82907],[81.11806,6.82914],[81.11856,6.82926],[81.12012,6.82975],[81.12362,6.83136],[81.12527,6.83191],[81.1258,6.83206],[81.12684,6.83226],[81.12791,6.83241],[81.12886,6.83249],[81.12982,6.83269],[81.13072,6.83294],[81.13156,6.8333],[81.13427,6.83602],[81.13505,6.83672],[81.13702,6.83829],[81.13743,6.83871],[81.13794,6.83948],[81.13813,6.83994],[81.13816,6.84045],[81.13787,6.84103],[81.13753,6.84134],[81.13666,6.8418],[81.13535,6.84258],[81.1347,6.84333],[81.13414,6.84434],[81.13371,6.846],[81.13341,6.84693],[81.13323,6.84742],[81.13294,6.84788],[81.13205,6.8485],[81.1307,6.85016],[81.13035,6.85052],[81.12955,6.85098],[81.12807,6.85168],[81.12612,6.85244],[81.12571,6.85268],[81.12467,6.8535],[81.12368,6.85453],[81.123,6.85536],[81.12247,6.85632],[81.1218,6.85702],[81.12138,6.85731],[81.12108,6.85772],[81.12084,6.85815],[81.12043,6.85867],[81.11895,6.86027],[81.11826,6.86162],[81.11796,6.86197],[81.11755,6.86223],[81.11708,6.8624],[81.11662,6.86249],[81.11568,6.86257],[81.11419,6.86291],[81.11274,6.86274],[81.10996,6.86325],[81.10966,6.86375],[81.10949,6.86455],[81.10944,6.86538],[81.10996,6.86704],[81.11055,6.86869],[81.11174,6.87109],[81.11257,6.87258],[81.11326,6.87336],[81.11404,6.87346],[81.11501,6.87341],[81.116,6.87368],[81.118,6.87334],[81.11844,6.87314],[81.11873,6.87279],[81.11921,6.8727],[81.11978,6.87277],[81.12025,6.87289],[81.12115,6.87346],[81.1222,6.87438],[81.12267,6.87468],[81.12357,6.87506],[81.12401,6.87529],[81.12531,6.87623],[81.12698,6.87712],[81.12741,6.87739],[81.12779,6.87768],[81.12839,6.87884],[81.12867,6.8792],[81.12898,6.87953],[81.12943,6.87987],[81.13087,6.88044],[81.13227,6.88083],[81.13379,6.88148],[81.13649,6.88234],[81.13806,6.88294],[81.13919,6.88326],[81.14068,6.88391],[81.14177,6.88432],[81.14227,6.88457],[81.14268,6.88483],[81.14435,6.8862],[81.14527,6.88674],[81.1458,6.88693],[81.14677,6.8871],[81.14822,6.88718],[81.14874,6.88713],[81.14936,6.88715],[81.14987,6.88724],[81.15082,6.88768],[81.15122,6.88792],[81.15233,6.88883],[81.15286,6.88917],[81.15336,6.8894],[81.15616,6.89007],[81.15706,6.89012],[81.1577,6.89008],[81.15823,6.89018],[81.15916,6.89062],[81.15982,6.89129],[81.16043,6.89211],[81.16059,6.89261],[81.16074,6.89416],[81.1609,6.89517],[81.16141,6.89659],[81.16188,6.8969],[81.16233,6.89697],[81.16432,6.89638],[81.16482,6.89641],[81.16534,6.89651],[81.16587,6.89669],[81.16633,6.89704],[81.16665,6.89743],[81.16701,6.89978],[81.16724,6.90025],[81.16766,6.90052],[81.16863,6.90068],[81.16913,6.9007],[81.17032,6.90049],[81.17077,6.90048],[81.17125,6.90055],[81.1717,6.90069],[81.17285,6.90115],[81.17426,6.90189],[81.17466,6.90216],[81.17545,6.90283],[81.17581,6.90318],[81.17675,6.90451],[81.17699,6.90495],[81.17744,6.90638],[81.17803,6.9079],[81.17827,6.90888],[81.17836,6.90942],[81.17842,6.90989],[81.17841,6.91097],[81.17854,6.91208],[81.17854,6.91552],[81.17877,6.91942],[81.17885,6.9199],[81.17916,6.92041],[81.17953,6.92086],[81.17998,6.92122],[81.18023,6.9217],[81.18026,6.92215],[81.17995,6.92313],[81.17984,6.9242],[81.17986,6.92466],[81.17996,6.92519],[81.18033,6.92619],[81.18058,6.92658],[81.18098,6.92705],[81.18166,6.92771],[81.1821,6.92803],[81.18284,6.92882],[81.18339,6.92901],[81.18393,6.92895],[81.18434,6.92864],[81.18461,6.92777],[81.18476,6.92669],[81.18536,6.92399],[81.18546,6.92303],[81.18559,6.92257],[81.1858,6.92207],[81.18611,6.92174],[81.18648,6.92146],[81.18696,6.92126],[81.18757,6.92132],[81.18859,6.92127],[81.18959,6.92136],[81.19076,6.9213],[81.19129,6.92133],[81.19297,6.92115],[81.1941,6.92094],[81.19608,6.92079],[81.19707,6.92082],[81.19896,6.921],[81.2011,6.92104],[81.20334,6.92132],[81.2038,6.92142],[81.20428,6.92163],[81.20468,6.92189],[81.20516,6.92222],[81.20557,6.9226],[81.20647,6.92388],[81.20742,6.925],[81.2078,6.92591],[81.20782,6.9264],[81.20763,6.92686],[81.20718,6.92715],[81.20617,6.92758],[81.20529,6.92807],[81.20357,6.92933],[81.20313,6.9297],[81.20202,6.93097],[81.20176,6.93142],[81.20171,6.93234],[81.2018,6.93285],[81.20215,6.93316],[81.20306,6.93369],[81.20344,6.93407],[81.20364,6.93451],[81.20373,6.93551],[81.20387,6.93603],[81.20406,6.93645],[81.20432,6.93687],[81.20578,6.9384],[81.20671,6.9398],[81.20713,6.94023],[81.20799,6.94087],[81.20863,6.94154],[81.20895,6.94195],[81.2094,6.94225],[81.20986,6.94238],[81.21037,6.94245],[81.21089,6.94247],[81.21225,6.94241],[81.21365,6.94251],[81.21417,6.9425],[81.21507,6.94241],[81.21604,6.94245],[81.21701,6.94231],[81.21755,6.94228],[81.21905,6.94263],[81.22006,6.94248],[81.22055,6.94249],[81.22099,6.94257],[81.22141,6.94275],[81.22173,6.94307],[81.22244,6.94408],[81.22295,6.94444],[81.2234,6.94452],[81.22432,6.94445],[81.22477,6.94461],[81.22602,6.94528],[81.22645,6.9457],[81.22731,6.94687],[81.22751,6.94741],[81.22755,6.9479],[81.22747,6.94843],[81.22719,6.94887],[81.22675,6.94922],[81.22625,6.94945],[81.22575,6.94962],[81.2253,6.94969],[81.2243,6.94958],[81.22372,6.9496],[81.22321,6.94966],[81.22272,6.94982],[81.22231,6.9501],[81.22198,6.95045],[81.22117,6.95216],[81.22101,6.95267],[81.2209,6.95419],[81.22067,6.95525],[81.2206,6.95674],[81.22034,6.9582],[81.22021,6.95923],[81.22019,6.9597],[81.22028,6.96019],[81.22043,6.96063],[81.22104,6.96105],[81.22216,6.96209],[81.22259,6.9631],[81.22316,6.96322],[81.22366,6.96305],[81.22402,6.96276],[81.22435,6.96238],[81.2248,6.96209],[81.22532,6.96204],[81.22579,6.96211],[81.22633,6.96225],[81.2281,6.9634],[81.22897,6.96389],[81.22943,6.96408],[81.23085,6.96407],[81.2319,6.96421],[81.23297,6.96484],[81.2338,6.96526],[81.23433,6.96573],[81.2347,6.96876],[81.23464,6.97023],[81.23472,6.9707],[81.23473,6.97128],[81.23462,6.97182],[81.23418,6.97335],[81.23406,6.97392],[81.23411,6.97445],[81.23425,6.97493],[81.23457,6.97685],[81.2345,6.97807],[81.23425,6.97909],[81.23362,6.9807],[81.23333,6.98126],[81.23273,6.98208],[81.23249,6.98261],[81.23234,6.98324],[81.23215,6.98475],[81.23201,6.9854],[81.23186,6.98655],[81.23176,6.98759],[81.23185,6.98863],[81.23237,6.99001],[81.23264,6.99041],[81.233,6.99078],[81.23349,6.99081],[81.23396,6.99068],[81.23442,6.99066],[81.23492,6.99078],[81.23535,6.99096],[81.23576,6.99122],[81.2366,6.99199],[81.23689,6.99246],[81.23759,6.99396],[81.23808,6.99483],[81.23833,6.99538],[81.23862,6.99637],[81.23963,6.99883],[81.23979,6.99939],[81.24019,7.00039],[81.24086,7.0025],[81.24108,7.00296],[81.2414,7.00451],[81.24155,7.00503],[81.24179,7.00554],[81.2423,7.00696],[81.2427,7.00743],[81.24319,7.00772],[81.24401,7.00809],[81.24483,7.00894],[81.24522,7.01037],[81.24526,7.01086],[81.245,7.01248],[81.24509,7.01423],[81.24504,7.01582],[81.24544,7.01707],[81.24567,7.0187],[81.24571,7.0193],[81.24601,7.02092],[81.24599,7.0214],[81.24619,7.02231],[81.24617,7.02321],[81.24586,7.02466],[81.24553,7.02654],[81.24501,7.0303],[81.24484,7.03123],[81.24451,7.03412],[81.2442,7.03572],[81.24368,7.03947],[81.24358,7.04161],[81.24353,7.04353],[81.24355,7.0443],[81.24351,7.04503],[81.24339,7.04569],[81.24304,7.04698],[81.24275,7.04791],[81.24198,7.05004],[81.24185,7.05056],[81.24169,7.05158],[81.24178,7.05264],[81.24166,7.0532],[81.24104,7.0549],[81.24033,7.05639],[81.23963,7.05807],[81.23944,7.05858],[81.23887,7.06047],[81.23778,7.06291],[81.23734,7.06415],[81.237,7.06541],[81.23662,7.06655],[81.23605,7.06799],[81.23528,7.06963],[81.23406,7.07098],[81.23318,7.07257],[81.23245,7.07422],[81.23194,7.0759],[81.23159,7.07674],[81.2315,7.07762],[81.23152,7.07866],[81.2311,7.08045],[81.23079,7.08145],[81.22987,7.083],[81.22957,7.08382],[81.22928,7.08439],[81.22839,7.08445],[81.22743,7.08429],[81.22646,7.08425],[81.22543,7.08404],[81.22449,7.08351],[81.22359,7.08312],[81.22283,7.08261],[81.22217,7.08191],[81.22067,7.08099],[81.21907,7.08064],[81.21838,7.08117],[81.21812,7.082],[81.21784,7.0838],[81.21681,7.08535],[81.21636,7.0862],[81.2161,7.08707],[81.21608,7.08794],[81.21627,7.08879],[81.21612,7.08974],[81.21542,7.09243],[81.21513,7.09334],[81.21477,7.09517],[81.21438,7.09598],[81.21372,7.09659],[81.21284,7.09671],[81.21203,7.09634],[81.21126,7.09574],[81.21065,7.09503],[81.20963,7.09348],[81.20879,7.09386],[81.20826,7.09468],[81.20754,7.09523],[81.20659,7.09548],[81.20574,7.09527],[81.20385,7.09489],[81.2021,7.09424],[81.19932,7.09372],[81.19661,7.09424],[81.19567,7.09451],[81.19482,7.09469],[81.19392,7.09481],[81.19294,7.09485],[81.19206,7.0948],[81.19122,7.09459],[81.19039,7.09426],[81.18956,7.09399],[81.18892,7.0934],[81.18868,7.09249],[81.18867,7.08944],[81.18862,7.08853],[81.1883,7.08678],[81.18769,7.08591],[81.18676,7.08576],[81.18588,7.08597],[81.18495,7.08582],[81.18402,7.0856],[81.18313,7.08545],[81.18237,7.08505],[81.18147,7.08471],[81.1797,7.08517],[81.17882,7.0855],[81.17789,7.08587],[81.17712,7.08643],[81.17612,7.08666],[81.1752,7.08668],[81.17434,7.08657],[81.17355,7.08609],[81.17299,7.0854],[81.17125,7.08467],[81.17065,7.08404],[81.1697,7.08389],[81.16874,7.08411],[81.16824,7.08495],[81.16812,7.08582],[81.16817,7.08683],[81.16763,7.08869],[81.16729,7.08952],[81.16685,7.09028],[81.16646,7.09112],[81.16611,7.09207],[81.16574,7.09289],[81.16527,7.09378],[81.16478,7.09456],[81.16414,7.09633],[81.1638,7.09714],[81.16367,7.09811],[81.16343,7.09901],[81.1626,7.10068],[81.16233,7.10164],[81.16242,7.1035],[81.16236,7.10454],[81.1623,7.1054],[81.1621,7.10633],[81.16193,7.10818],[81.16123,7.11004],[81.16033,7.11181],[81.15977,7.11261],[81.1594,7.1134],[81.15897,7.11418],[81.15687,7.11613],[81.15617,7.11685],[81.15494,7.11844],[81.15434,7.11915],[81.15346,7.11947],[81.15277,7.12006],[81.15212,7.1208],[81.15162,7.12163],[81.15077,7.12327],[81.15038,7.12419],[81.14999,7.12499],[81.14948,7.12576],[81.14906,7.12656],[81.14856,7.12735],[81.14801,7.12806],[81.14706,7.12842],[81.14628,7.12897],[81.14545,7.12931],[81.14461,7.12951],[81.14387,7.13],[81.14347,7.13086],[81.14294,7.13264],[81.14276,7.13353],[81.14242,7.13444],[81.14231,7.13531],[81.14165,7.13696],[81.14079,7.13732],[81.13983,7.13721],[81.13899,7.13698],[81.13827,7.13651],[81.13733,7.13653],[81.1355,7.13721],[81.13469,7.1376],[81.13305,7.1385],[81.13074,7.13989],[81.13003,7.14045],[81.12955,7.14117],[81.1282,7.14371],[81.12711,7.1452],[81.1267,7.14596],[81.12634,7.14679],[81.12616,7.14859],[81.12598,7.14948],[81.12569,7.15038],[81.12531,7.15126],[81.12476,7.15201],[81.1232,7.153],[81.12247,7.15351],[81.12208,7.15441],[81.12204,7.15714],[81.12236,7.15801],[81.1229,7.16005],[81.12381,7.1626],[81.12375,7.1636],[81.12387,7.16452],[81.12424,7.16544],[81.12479,7.16618],[81.12549,7.16668],[81.12615,7.1674],[81.12668,7.16821],[81.12737,7.16884],[81.12818,7.16949],[81.12954,7.17078],[81.13033,7.17135],[81.13108,7.17179],[81.13177,7.17232],[81.13248,7.17281],[81.1345,7.17473],[81.13577,7.17614],[81.13655,7.17681],[81.13707,7.17754],[81.13761,7.17838],[81.13799,7.17919],[81.13774,7.18103],[81.13756,7.18193],[81.13757,7.18279],[81.13823,7.1834],[81.13904,7.18394],[81.13942,7.18471],[81.13967,7.18567],[81.14004,7.18749],[81.1404,7.18832],[81.14101,7.18894],[81.14173,7.18946],[81.14261,7.18981],[81.14429,7.1906],[81.14557,7.19199],[81.14604,7.19284],[81.14684,7.19326],[81.14775,7.19331],[81.1486,7.19361],[81.14943,7.1941],[81.15024,7.19443],[81.15122,7.19452],[81.15206,7.19477],[81.15295,7.19462],[81.15379,7.1943],[81.15441,7.19362],[81.15478,7.19284],[81.15514,7.19195],[81.15539,7.19109],[81.15579,7.19023],[81.15622,7.18944],[81.1565,7.18845],[81.15686,7.1875],[81.15705,7.18645],[81.1574,7.18563],[81.15799,7.18488],[81.15912,7.18229],[81.16004,7.1793],[81.16035,7.1785],[81.16079,7.17769],[81.1613,7.17692],[81.16274,7.17568],[81.16331,7.17482],[81.16365,7.174],[81.16437,7.1735],[81.16616,7.17363],[81.1671,7.17375],[81.16885,7.17317],[81.16963,7.1727],[81.1703,7.17213],[81.17079,7.17134],[81.17153,7.17074],[81.17296,7.16971],[81.17384,7.16936],[81.17482,7.1693],[81.17578,7.16941],[81.17672,7.16972],[81.17755,7.17006],[81.17836,7.17051],[81.17916,7.17102],[81.18007,7.17135],[81.181,7.17156],[81.1819,7.17167],[81.18282,7.17167],[81.18369,7.1718],[81.18453,7.17206],[81.18526,7.17254],[81.186,7.17321],[81.18658,7.17392],[81.1869,7.17473],[81.18711,7.17563],[81.18718,7.17656],[81.18717,7.17751],[81.1871,7.17847],[81.18692,7.17935],[81.18636,7.18103],[81.18655,7.18187],[81.18817,7.18284],[81.18946,7.18401],[81.19,7.18469],[81.19039,7.18555],[81.19061,7.18639],[81.19065,7.18732],[81.19044,7.18817],[81.18995,7.18891],[81.18924,7.18951],[81.18869,7.19019],[81.18865,7.19108],[81.18938,7.19161],[81.19122,7.192],[81.19379,7.19273],[81.19558,7.1933],[81.19641,7.1937],[81.19811,7.1943],[81.19981,7.1951],[81.20061,7.19557],[81.20185,7.19684],[81.20298,7.19823],[81.20405,7.19969],[81.20473,7.20022],[81.20551,7.20057],[81.20627,7.20094],[81.20693,7.20155],[81.20742,7.20226],[81.20803,7.203],[81.20866,7.20367],[81.21036,7.20583],[81.21321,7.2104],[81.21363,7.21119],[81.2143,7.21281],[81.21518,7.21438],[81.21571,7.21513],[81.21687,7.21655],[81.21752,7.21723],[81.21818,7.21784],[81.21876,7.21858],[81.21925,7.21936],[81.22095,7.22244],[81.2224,7.2247],[81.22281,7.22547],[81.2232,7.22632],[81.22348,7.2272],[81.22424,7.22891],[81.22474,7.22962],[81.22533,7.23026],[81.22604,7.23086],[81.22685,7.2314],[81.22774,7.23187],[81.2287,7.23249],[81.22942,7.23308],[81.23005,7.2337],[81.23071,7.23442],[81.23131,7.23517],[81.23186,7.23596],[81.23227,7.23676],[81.233,7.23724],[81.23383,7.23761],[81.23466,7.23823],[81.23536,7.23882],[81.23593,7.23949],[81.23595,7.24048],[81.23615,7.24147],[81.23619,7.24244],[81.2359,7.24419],[81.23572,7.24504],[81.23545,7.24704],[81.23523,7.24787],[81.23494,7.24871],[81.23458,7.24953],[81.23405,7.25129],[81.23383,7.25219],[81.23252,7.25471],[81.23217,7.2557],[81.23171,7.25754],[81.23099,7.25928],[81.23079,7.26014],[81.23191,7.26268],[81.23222,7.26352],[81.23242,7.26449],[81.23206,7.26529],[81.23148,7.26603],[81.23107,7.26688],[81.23154,7.26763],[81.23251,7.26742],[81.2334,7.26732],[81.2343,7.26752],[81.23523,7.26762],[81.23708,7.26755],[81.23994,7.2679],[81.24084,7.26794],[81.24176,7.2681],[81.24267,7.26819],[81.24463,7.26882],[81.2454,7.26921],[81.24693,7.27018],[81.24771,7.27063],[81.24856,7.27095],[81.24945,7.27096],[81.25033,7.2713],[81.25194,7.27205],[81.25266,7.27264],[81.25429,7.27367],[81.25514,7.27412],[81.2566,7.2752],[81.25754,7.2753],[81.25839,7.27514],[81.25926,7.27511],[81.26009,7.27537],[81.26089,7.27573],[81.26177,7.27628],[81.26247,7.27681],[81.26306,7.27759],[81.26372,7.27821],[81.26456,7.27868],[81.26544,7.27881],[81.26629,7.27846],[81.26695,7.27789],[81.26753,7.27716],[81.26826,7.27657],[81.26912,7.27653],[81.27052,7.2769],[81.26971,7.27745],[81.2684,7.27902],[81.26743,7.28057],[81.26721,7.2814],[81.26724,7.2823],[81.26734,7.28322],[81.26754,7.28418],[81.26795,7.28493],[81.26846,7.28572],[81.26977,7.28714],[81.27094,7.28872],[81.2714,7.28955],[81.2716,7.29043],[81.27156,7.2913],[81.27071,7.29303],[81.27019,7.29391],[81.26981,7.29471],[81.26939,7.29574],[81.26913,7.29657],[81.26869,7.29733],[81.26762,7.30005],[81.26716,7.30096],[81.26678,7.30186],[81.2658,7.30465],[81.26393,7.30768],[81.2633,7.30845],[81.26186,7.30985],[81.26121,7.31062],[81.26055,7.31128],[81.25978,7.31173],[81.25806,7.31287],[81.25725,7.31334],[81.25645,7.31398],[81.25276,7.31813],[81.2517,7.31982],[81.25055,7.32136],[81.24993,7.32206],[81.24845,7.32331],[81.24766,7.32391],[81.24679,7.32444],[81.24606,7.32519],[81.24554,7.32599],[81.24522,7.32688],[81.24608,7.32899],[81.24665,7.33114],[81.24689,7.33222],[81.24693,7.33336],[81.24673,7.33441],[81.2461,7.33529],[81.24516,7.33583],[81.2443,7.33646],[81.24346,7.33724],[81.24162,7.33863],[81.2407,7.33925],[81.2399,7.33999],[81.23911,7.34086],[81.23826,7.34166],[81.23722,7.34181],[81.23449,7.33995],[81.23369,7.33921],[81.23297,7.33844],[81.23243,7.33749],[81.23199,7.33627],[81.23133,7.33524],[81.23038,7.33464],[81.2293,7.33418],[81.22823,7.33385],[81.22704,7.33362],[81.226,7.33358],[81.22525,7.33286],[81.22423,7.33225],[81.22335,7.33203],[81.22217,7.33216],[81.22102,7.33236],[81.22006,7.3329],[81.21938,7.33374],[81.21888,7.33471],[81.21853,7.33573],[81.21826,7.33675],[81.21812,7.33815],[81.2188,7.34051],[81.2184,7.34151],[81.21742,7.34203],[81.21632,7.3423],[81.21541,7.3428],[81.2148,7.34369],[81.21439,7.34477],[81.21448,7.34586],[81.21495,7.34684],[81.21463,7.34784],[81.21357,7.34813],[81.21145,7.34806],[81.21045,7.34836],[81.20968,7.34933],[81.20933,7.35037],[81.20912,7.3514],[81.20889,7.35367],[81.20865,7.35469],[81.2082,7.35577],[81.20754,7.35663],[81.20642,7.3586],[81.20586,7.35951],[81.20544,7.36058],[81.20481,7.36387],[81.20473,7.36495],[81.2045,7.366],[81.20416,7.36702],[81.20374,7.36798],[81.20254,7.36977],[81.20165,7.37031],[81.19999,7.37169],[81.19921,7.37243],[81.19884,7.37346],[81.19874,7.37452],[81.19811,7.37535],[81.1972,7.37587],[81.19507,7.37606],[81.19419,7.37667],[81.19372,7.37764],[81.19345,7.37889],[81.19347,7.37996],[81.19386,7.38212],[81.19381,7.38327],[81.1939,7.38441],[81.19444,7.3853],[81.1954,7.38567],[81.19753,7.38603],[81.19852,7.38632],[81.19948,7.38671],[81.20051,7.38699],[81.20132,7.38771],[81.20164,7.38876],[81.2016,7.39198],[81.20136,7.39298],[81.20098,7.39629],[81.2007,7.39733],[81.20033,7.39838],[81.19989,7.39952],[81.19938,7.40056],[81.19878,7.40145],[81.19723,7.40304],[81.19689,7.40415],[81.19673,7.40521],[81.1967,7.40628],[81.19649,7.40731],[81.19604,7.40841],[81.19458,7.41143],[81.19425,7.41241],[81.19363,7.41461],[81.19347,7.4157],[81.1934,7.41685],[81.19346,7.41794],[81.19368,7.41912],[81.19431,7.42129],[81.19376,7.42218],[81.1928,7.42255],[81.19204,7.42328],[81.19172,7.42535],[81.19162,7.42655],[81.1916,7.42772],[81.19153,7.42882],[81.19118,7.43089],[81.19086,7.432],[81.19017,7.43403],[81.18914,7.43609],[81.18887,7.43719],[81.18868,7.43828],[81.18817,7.43939],[81.18732,7.44005],[81.18534,7.44096],[81.18349,7.44211],[81.18281,7.44314],[81.18264,7.44419],[81.18269,7.4453],[81.18283,7.44639],[81.18334,7.44737],[81.18421,7.44808],[81.18512,7.4487],[81.1862,7.44911],[81.18736,7.44942],[81.18931,7.45051],[81.19003,7.45127],[81.1899,7.45232],[81.18956,7.45337],[81.1897,7.4544],[81.1904,7.45523],[81.19119,7.45596],[81.19292,7.45725],[81.19427,7.45883],[81.19481,7.45978],[81.19496,7.46083],[81.19453,7.46184],[81.19362,7.46254],[81.19267,7.46308],[81.19213,7.46403],[81.19208,7.4651],[81.19253,7.46606],[81.19347,7.46674],[81.19537,7.46764],[81.19724,7.46878],[81.1981,7.46957],[81.19878,7.47048],[81.19922,7.47152],[81.19999,7.47572],[81.19996,7.47681],[81.19983,7.47789],[81.19864,7.48212],[81.19854,7.48317],[81.19857,7.48539],[81.19907,7.48631],[81.19984,7.48723],[81.20033,7.48816],[81.19994,7.49032],[81.19961,7.49146],[81.19923,7.49248],[81.19878,7.49348],[81.19852,7.49448],[81.19834,7.49551],[81.19833,7.49664],[81.19867,7.49868],[81.19892,7.50094],[81.1992,7.50193],[81.19959,7.50298],[81.2002,7.50391],[81.20094,7.50477],[81.2018,7.50536],[81.20264,7.50604],[81.2031,7.50721],[81.20343,7.50931],[81.20371,7.51148],[81.20405,7.51263],[81.20458,7.51362],[81.20529,7.5145],[81.20613,7.51539],[81.20678,7.51635],[81.20687,7.51746],[81.20633,7.5195],[81.20631,7.5207],[81.20635,7.52193],[81.20617,7.5243],[81.20607,7.52659],[81.20612,7.52875],[81.20618,7.52993],[81.20635,7.53105],[81.20644,7.53208],[81.20662,7.53315],[81.20719,7.53529],[81.20724,7.53648],[81.20709,7.53752],[81.20642,7.53841],[81.20557,7.53932],[81.20513,7.54026],[81.20525,7.54158],[81.20556,7.54268],[81.20566,7.54372],[81.20524,7.54487],[81.20477,7.54588],[81.20422,7.54921],[81.20393,7.5514],[81.20393,7.55249],[81.2046,7.55333],[81.20519,7.55422],[81.2054,7.55541],[81.20519,7.55648],[81.20425,7.55705],[81.20322,7.55724],[81.20218,7.55754],[81.20145,7.55837],[81.20026,7.56038],[81.19987,7.56137],[81.19962,7.56245],[81.19927,7.5635],[81.19874,7.56437],[81.19653,7.56677],[81.19557,7.56748],[81.1946,7.56806],[81.19363,7.5685],[81.19266,7.56886],[81.19097,7.57042],[81.19049,7.57136],[81.18949,7.57371],[81.18893,7.57383],[81.18791,7.57412],[81.18686,7.57404],[81.1859,7.57337],[81.18526,7.57236],[81.18441,7.57176],[81.18333,7.57169],[81.18216,7.57176],[81.18112,7.57197],[81.17999,7.57214],[81.17892,7.57209],[81.17706,7.57078],[81.17603,7.57078],[81.17496,7.57086],[81.17391,7.57079],[81.17297,7.57025],[81.17214,7.56944],[81.17097,7.56919],[81.17008,7.56991],[81.16908,7.57034],[81.16801,7.57056],[81.16686,7.57059],[81.16576,7.57052],[81.16461,7.57012],[81.1636,7.56987],[81.16258,7.56948],[81.16171,7.5688],[81.16058,7.56775],[81.15951,7.5669],[81.15745,7.56619],[81.1553,7.56518],[81.1542,7.56497],[81.15311,7.56454],[81.15218,7.56407],[81.15107,7.56369],[81.15008,7.56321],[81.14901,7.56301],[81.14791,7.5629],[81.14699,7.56238],[81.14592,7.56194],[81.1449,7.56169],[81.14279,7.56062],[81.14175,7.55998],[81.13973,7.55918],[81.13776,7.55827],[81.13676,7.55795],[81.13478,7.55709],[81.13277,7.55644],[81.13161,7.5562],[81.13068,7.55568],[81.12989,7.55498],[81.12885,7.55428],[81.12682,7.55321],[81.12574,7.55259],[81.12397,7.55131],[81.12099,7.54959],[81.12015,7.54889],[81.11927,7.54829],[81.1173,7.54708],[81.11629,7.54654],[81.11524,7.54618],[81.11318,7.54486],[81.11228,7.54423],[81.11047,7.54283],[81.10525,7.53835],[81.10278,7.53616],[81.09793,7.53158],[81.09352,7.52776],[81.089,7.52333],[81.08823,7.52252],[81.08591,7.52035],[81.0834,7.51784],[81.08271,7.517],[81.08182,7.51616],[81.07904,7.5141],[81.0781,7.51349],[81.07735,7.51271],[81.07631,7.51207],[81.07518,7.51184],[81.07406,7.51188],[81.07305,7.51212],[81.07281,7.51321],[81.07231,7.51424],[81.07121,7.51429],[81.07014,7.51417],[81.069,7.51421],[81.06795,7.51433],[81.06695,7.51465],[81.06595,7.51503],[81.06483,7.51516],[81.06455,7.51417],[81.06403,7.51323],[81.06313,7.51242],[81.06201,7.51185],[81.06088,7.5119],[81.05975,7.51215],[81.0587,7.51214],[81.05673,7.51042],[81.05841,7.5077],[81.05735,7.50742],[81.05642,7.50679],[81.05562,7.50609],[81.05459,7.50568],[81.05366,7.50622],[81.05265,7.50673],[81.0522,7.50577],[81.05124,7.50522],[81.05026,7.50571],[81.04917,7.50585],[81.04876,7.50482],[81.04778,7.50443],[81.04689,7.50507],[81.04641,7.50607],[81.04542,7.50574],[81.04437,7.50566],[81.04345,7.50623],[81.04282,7.50523],[81.04177,7.50533],[81.04109,7.50617],[81.04064,7.50712],[81.04034,7.50824],[81.03987,7.50921],[81.03948,7.51028],[81.03936,7.51133],[81.0396,7.51361],[81.03929,7.51462],[81.03879,7.51558],[81.03818,7.51664],[81.03773,7.51759],[81.0375,7.5186],[81.03681,7.51942],[81.03671,7.52049],[81.03681,7.52155],[81.03675,7.52266],[81.03662,7.52373],[81.03638,7.52474],[81.03598,7.52581],[81.03468,7.52766],[81.03404,7.52849],[81.03328,7.52928],[81.03216,7.53009],[81.03118,7.53059],[81.03029,7.53135],[81.03008,7.53236],[81.0301,7.53459],[81.03001,7.53574],[81.02986,7.53677],[81.0295,7.5379],[81.02885,7.53876],[81.02797,7.53937],[81.02381,7.54088],[81.02289,7.54143],[81.0219,7.54194],[81.02133,7.54282],[81.02081,7.54376],[81.02043,7.54482],[81.02027,7.54591],[81.02003,7.54707],[81.0195,7.54805],[81.01868,7.54878],[81.01803,7.54957],[81.01747,7.55054],[81.01709,7.55153],[81.01611,7.55207],[81.01552,7.55295],[81.0154,7.55396],[81.0152,7.55508],[81.0151,7.55617],[81.01483,7.55725],[81.01465,7.55832],[81.01457,7.55935],[81.01462,7.56047],[81.01457,7.56161],[81.01396,7.56254],[81.01313,7.56333],[81.01302,7.56437],[81.01318,7.56551],[81.01326,7.56656],[81.01304,7.56758],[81.01275,7.56861],[81.01272,7.56964],[81.01347,7.57157],[81.01416,7.57358],[81.01425,7.57462],[81.01426,7.57578],[81.01452,7.57692],[81.01474,7.5791],[81.01436,7.58013],[81.01442,7.58127],[81.01459,7.58235],[81.01462,7.58362],[81.01405,7.58515],[81.01361,7.58668],[81.01341,7.58822],[81.01311,7.58985],[81.01316,7.59142],[81.01387,7.59446],[81.0133,7.59588],[81.01093,7.59782],[81.01004,7.59903],[81.01,7.60052],[81.00885,7.6015],[81.00737,7.60241],[81.00592,7.60313],[81.00449,7.60377],[81.00294,7.60433],[81.00146,7.60495],[81.00003,7.60569],[80.99868,7.60653],[80.99573,7.608],[80.99416,7.60837],[80.99246,7.60855],[80.99094,7.60885],[80.98946,7.60935],[80.98835,7.61035],[80.98709,7.61122],[80.98556,7.61119],[80.98495,7.61256],[80.98478,7.61405],[80.98496,7.61575],[80.9847,7.6173],[80.98373,7.61858],[80.98232,7.61908],[80.98095,7.61987],[80.97988,7.62115],[80.97917,7.62245],[80.97791,7.62496]]]}},{"type":"Feature","properties":{"slug":"batticaloa","name":"Batticaloa","district_id":16,"iso":"LK-51"},"geometry":{"type":"Polygon","coordinates":[[[81.81443,7.48043],[81.8139,7.48244],[81.81398,7.48421],[81.8135,7.48525],[81.81215,7.48759],[81.81111,7.4916],[81.8105,7.49515],[81.81041,7.49662],[81.80976,7.49809],[81.80867,7.50492],[81.8081,7.51559],[81.8074,7.52022],[81.80649,7.52337],[81.80627,7.52661],[81.80604,7.52903],[81.80484,7.53172],[81.8029,7.53893],[81.802,7.54532],[81.80117,7.54786],[81.80083,7.55073],[81.79963,7.55644],[81.79824,7.55962],[81.79713,7.56445],[81.79664,7.56796],[81.79676,7.56906],[81.79535,7.5731],[81.79451,7.57588],[81.79359,7.57976],[81.79041,7.5885],[81.78659,7.60032],[81.78489,7.60445],[81.78379,7.60705],[81.77904,7.61792],[81.77633,7.62397],[81.77266,7.63088],[81.76705,7.64172],[81.76178,7.65171],[81.7562,7.66167],[81.74289,7.68364],[81.73936,7.68877],[81.73662,7.69299],[81.73447,7.69672],[81.72907,7.7049],[81.72395,7.71263],[81.72126,7.71681],[81.71703,7.72221],[81.71213,7.7322],[81.70949,7.73737],[81.70899,7.73951],[81.70738,7.74085],[81.70597,7.74414],[81.70415,7.74588],[81.69898,7.75309],[81.69692,7.7545],[81.69578,7.75578],[81.69489,7.75716],[81.69368,7.75804],[81.69183,7.75953],[81.69048,7.76075],[81.68994,7.76142],[81.68919,7.76202],[81.68794,7.76297],[81.68755,7.76297],[81.68726,7.7627],[81.6871,7.76234],[81.68697,7.76209],[81.68706,7.76199],[81.68742,7.76183],[81.68771,7.76158],[81.68804,7.76126],[81.68827,7.76113],[81.687,7.7603],[81.68683,7.7604],[81.68229,7.76189],[81.67847,7.76342],[81.67345,7.76448],[81.66914,7.76682],[81.66481,7.77004],[81.66401,7.77051],[81.66371,7.77073],[81.66254,7.77156],[81.66132,7.77236],[81.66065,7.77278],[81.65956,7.77339],[81.65879,7.77386],[81.65784,7.7746],[81.65681,7.7753],[81.65579,7.77609],[81.65477,7.77685],[81.65384,7.77761],[81.65361,7.77769],[81.65343,7.77785],[81.6532,7.77797],[81.65213,7.77891],[81.64333,7.7874],[81.62685,7.8124],[81.62277,7.82174],[81.62173,7.82434],[81.62116,7.82591],[81.62104,7.82671],[81.62089,7.82719],[81.6205,7.82767],[81.62012,7.8286],[81.61989,7.82884],[81.61934,7.82888],[81.61861,7.82865],[81.61832,7.82824],[81.61796,7.8279],[81.61775,7.82736],[81.61751,7.82601],[81.6153,7.82541],[81.61495,7.82507],[81.6143,7.82479],[81.61316,7.8234],[81.61281,7.82299],[81.61184,7.82279],[81.6103,7.82269],[81.60786,7.82318],[81.60529,7.82399],[81.60224,7.82558],[81.59594,7.82986],[81.59344,7.83172],[81.58777,7.83703],[81.5872,7.83777],[81.58487,7.84041],[81.5813,7.84508],[81.57763,7.85081],[81.57346,7.85883],[81.56854,7.87043],[81.56675,7.87726],[81.56539,7.88246],[81.56367,7.89896],[81.56464,7.90644],[81.56501,7.90829],[81.56586,7.91123],[81.56676,7.91352],[81.56714,7.91442],[81.5677,7.91551],[81.56813,7.91635],[81.56869,7.91722],[81.5693,7.918],[81.57002,7.91851],[81.57051,7.91867],[81.5711,7.91867],[81.57294,7.91909],[81.5734,7.91909],[81.57532,7.91929],[81.57574,7.9191],[81.57625,7.91914],[81.57658,7.91911],[81.57688,7.91917],[81.57716,7.91915],[81.57804,7.91914],[81.57831,7.91896],[81.57886,7.91895],[81.57921,7.9189],[81.57945,7.91877],[81.58024,7.91884],[81.58038,7.91879],[81.5813,7.91908],[81.58152,7.91899],[81.58215,7.91931],[81.58247,7.91931],[81.5827,7.91947],[81.58292,7.91979],[81.58273,7.92042],[81.58258,7.92053],[81.58249,7.92045],[81.58241,7.9205],[81.5823,7.9206],[81.5819,7.92123],[81.58112,7.922],[81.58067,7.92225],[81.57803,7.92399],[81.57765,7.9244],[81.57734,7.92492],[81.57716,7.92522],[81.57698,7.92546],[81.57692,7.92549],[81.57643,7.9261],[81.57583,7.92657],[81.57537,7.9268],[81.57493,7.92691],[81.5741,7.92708],[81.57347,7.92719],[81.57319,7.92725],[81.57288,7.92732],[81.57209,7.92737],[81.5716,7.92732],[81.57134,7.92734],[81.57132,7.92734],[81.57084,7.92724],[81.57081,7.92724],[81.57001,7.92714],[81.56998,7.92714],[81.56964,7.92698],[81.56924,7.92673],[81.56913,7.92671],[81.56885,7.9265],[81.56862,7.92611],[81.56852,7.92606],[81.56838,7.92597],[81.5683,7.92591],[81.56824,7.9258],[81.56805,7.92563],[81.56787,7.92552],[81.5676,7.92542],[81.56739,7.92536],[81.56699,7.9253],[81.5666,7.92527],[81.56608,7.92532],[81.56561,7.92545],[81.56503,7.92578],[81.56452,7.92624],[81.56354,7.9269],[81.56326,7.92726],[81.56309,7.92741],[81.56241,7.92812],[81.5624,7.92813],[81.56174,7.929],[81.5614,7.92978],[81.561,7.93081],[81.56061,7.93194],[81.56049,7.93245],[81.56046,7.93323],[81.56054,7.93393],[81.56071,7.93447],[81.56076,7.93457],[81.5611,7.9353],[81.56119,7.93565],[81.56163,7.93613],[81.56165,7.93644],[81.56182,7.93682],[81.56181,7.93732],[81.56181,7.93773],[81.56174,7.93822],[81.56167,7.93845],[81.56156,7.93861],[81.56137,7.93885],[81.5611,7.93905],[81.56012,7.94022],[81.55971,7.94054],[81.5594,7.94076],[81.55911,7.94115],[81.55891,7.94115],[81.55883,7.94114],[81.55881,7.94127],[81.55869,7.94122],[81.55857,7.94123],[81.55848,7.9413],[81.55834,7.94132],[81.55815,7.9415],[81.55798,7.94204],[81.558,7.94216],[81.55791,7.9422],[81.55776,7.94231],[81.55774,7.94252],[81.55752,7.94265],[81.55724,7.94298],[81.55712,7.94306],[81.55728,7.94316],[81.55701,7.94323],[81.55691,7.94317],[81.55688,7.94306],[81.55665,7.943],[81.55656,7.94287],[81.55653,7.94273],[81.55634,7.9426],[81.55599,7.94258],[81.55554,7.9426],[81.55533,7.94255],[81.55519,7.94261],[81.55501,7.94258],[81.55455,7.94263],[81.55441,7.94273],[81.55448,7.94287],[81.55426,7.94284],[81.55405,7.94284],[81.55389,7.94268],[81.554,7.94246],[81.55385,7.9422],[81.55361,7.94157],[81.5532,7.94048],[81.55321,7.94018],[81.55326,7.94004],[81.55336,7.93998],[81.55327,7.93943],[81.5527,7.93774],[81.55262,7.93759],[81.55251,7.93724],[81.55252,7.93703],[81.55233,7.93678],[81.55224,7.93607],[81.55243,7.93577],[81.55252,7.93543],[81.55247,7.93476],[81.55251,7.93469],[81.55268,7.93469],[81.55272,7.93465],[81.55267,7.93463],[81.55253,7.93464],[81.55242,7.93456],[81.5523,7.93417],[81.55216,7.9338],[81.55186,7.93343],[81.55155,7.93315],[81.55085,7.93271],[81.55046,7.93258],[81.55028,7.93246],[81.55021,7.93245],[81.55007,7.93236],[81.54998,7.93236],[81.54978,7.93225],[81.54968,7.93224],[81.54943,7.93207],[81.54873,7.93194],[81.54813,7.93195],[81.54813,7.932],[81.54819,7.93207],[81.54824,7.93215],[81.54839,7.93223],[81.5485,7.93214],[81.54854,7.93216],[81.54864,7.93208],[81.54868,7.93219],[81.54872,7.93227],[81.54864,7.9323],[81.54864,7.93241],[81.54834,7.93245],[81.54826,7.93242],[81.54812,7.93247],[81.54797,7.93245],[81.54788,7.93239],[81.54753,7.93238],[81.54732,7.93227],[81.54726,7.93214],[81.54645,7.93174],[81.54631,7.93164],[81.54574,7.93141],[81.54541,7.93108],[81.54525,7.93071],[81.54478,7.93022],[81.54428,7.92999],[81.54396,7.92969],[81.54326,7.92919],[81.54216,7.92804],[81.54205,7.92771],[81.54152,7.92731],[81.54136,7.92729],[81.54106,7.92712],[81.53861,7.92701],[81.53552,7.92701],[81.53346,7.92735],[81.53117,7.92745],[81.53114,7.9274],[81.53098,7.92741],[81.53091,7.92751],[81.53085,7.92753],[81.53063,7.92752],[81.53021,7.92751],[81.5298,7.9275],[81.52951,7.92748],[81.52924,7.92738],[81.52871,7.92711],[81.52868,7.92683],[81.52782,7.92664],[81.5258,7.92692],[81.52604,7.92696],[81.52614,7.92713],[81.52608,7.92721],[81.52572,7.92729],[81.52501,7.92725],[81.52452,7.92743],[81.52379,7.92731],[81.5226,7.92697],[81.52178,7.92655],[81.52108,7.92604],[81.52049,7.9255],[81.51861,7.92398],[81.51697,7.92289],[81.51645,7.9224],[81.51602,7.92174],[81.51569,7.92126],[81.51565,7.92051],[81.51598,7.91916],[81.51641,7.91818],[81.51652,7.91767],[81.5168,7.91708],[81.51711,7.9161],[81.51752,7.91472],[81.5128,7.91374],[81.51287,7.91529],[81.51269,7.91691],[81.5128,7.91867],[81.51308,7.92039],[81.51326,7.92113],[81.5135,7.92184],[81.51414,7.92261],[81.51467,7.92362],[81.51549,7.92441],[81.51644,7.92509],[81.51691,7.92539],[81.51726,7.92587],[81.51753,7.92652],[81.51778,7.92704],[81.51796,7.92746],[81.51864,7.92844],[81.51955,7.93025],[81.52051,7.93212],[81.52165,7.93347],[81.52242,7.93399],[81.52369,7.93421],[81.52558,7.93391],[81.52728,7.93296],[81.53037,7.93109],[81.5369,7.93211],[81.54036,7.93349],[81.54531,7.93704],[81.54668,7.93823],[81.54737,7.93976],[81.54874,7.94078],[81.54908,7.94163],[81.5472,7.94418],[81.54308,7.95115],[81.54016,7.96186],[81.5405,7.97037],[81.54185,7.9774],[81.5464,7.98161],[81.54968,7.98385],[81.55276,7.98513],[81.5532,7.98839],[81.55217,7.99129],[81.55006,7.99307],[81.54677,7.99401],[81.54554,7.99246],[81.54331,7.9895],[81.54168,7.98733],[81.54033,7.98618],[81.53913,7.98584],[81.5369,7.9855],[81.53535,7.98465],[81.53312,7.98329],[81.53106,7.98329],[81.52934,7.98414],[81.52402,7.98686],[81.51887,7.99077],[81.5175,7.99433],[81.51681,7.99637],[81.51475,7.99739],[81.51235,7.99671],[81.50909,7.99671],[81.49123,8.01218],[81.47287,8.04261],[81.46411,8.06658],[81.45862,8.09088],[81.45759,8.09904],[81.45776,8.10295],[81.45948,8.10719],[81.46051,8.10957],[81.46257,8.10957],[81.4648,8.10957],[81.46497,8.11093],[81.46428,8.11178],[81.46342,8.11178],[81.46308,8.11127],[81.45982,8.11059],[81.45415,8.11314],[81.44677,8.12266],[81.44145,8.1354],[81.4351,8.1541],[81.4327,8.16701],[81.4327,8.17058],[81.43356,8.17517],[81.43493,8.1767],[81.43596,8.17772],[81.4339,8.17755],[81.4315,8.17942],[81.42926,8.18111],[81.42583,8.18842],[81.42274,8.19912],[81.4224,8.20252],[81.4224,8.20507],[81.42291,8.20677],[81.4212,8.20796],[81.41828,8.21187],[81.41175,8.22988],[81.40779,8.24853],[81.40455,8.24815],[81.39393,8.24879],[81.38748,8.25318],[81.37511,8.25372],[81.37092,8.25394],[81.37052,8.25446],[81.36906,8.25636],[81.36431,8.25796],[81.36297,8.25753],[81.36205,8.25604],[81.36112,8.25591],[81.35896,8.25766],[81.35573,8.25733],[81.35493,8.258],[81.35493,8.25928],[81.35606,8.26309],[81.35711,8.26361],[81.35868,8.26486],[81.35741,8.26691],[81.35586,8.2684],[81.35379,8.26926],[81.35183,8.2684],[81.34987,8.26611],[81.34734,8.26469],[81.34287,8.26396],[81.33625,8.26385],[81.33562,8.26388],[81.33511,8.2641],[81.33418,8.26492],[81.33248,8.2654],[81.33155,8.26566],[81.33035,8.26567],[81.32861,8.26489],[81.32693,8.26396],[81.32307,8.26161],[81.32253,8.261],[81.32211,8.26041],[81.31935,8.25739],[81.31443,8.2546],[81.31169,8.25204],[81.31157,8.25197],[81.31238,8.24938],[81.31325,8.24658],[81.31351,8.24492],[81.31371,8.24318],[81.314,8.24143],[81.31418,8.23974],[81.31407,8.23623],[81.31407,8.23447],[81.31397,8.23091],[81.31398,8.2292],[81.31382,8.2256],[81.31356,8.22193],[81.3135,8.22009],[81.31345,8.21485],[81.31339,8.2131],[81.31299,8.20958],[81.31288,8.20768],[81.31295,8.20256],[81.31288,8.19891],[81.31276,8.19681],[81.31236,8.1932],[81.31231,8.1913],[81.31232,8.18777],[81.31223,8.18588],[81.31228,8.18113],[81.31229,8.18008],[81.31221,8.17826],[81.31211,8.17649],[81.31154,8.17079],[81.31139,8.16888],[81.31122,8.16494],[81.31122,8.15946],[81.31109,8.15755],[81.31036,8.15013],[81.31024,8.14821],[81.30988,8.13916],[81.30966,8.13554],[81.30955,8.13029],[81.30945,8.12856],[81.30939,8.12331],[81.30915,8.11986],[81.30901,8.11526],[81.309,8.11477],[81.30865,8.1112],[81.30841,8.10932],[81.30834,8.10752],[81.30842,8.10226],[81.30833,8.10031],[81.30825,8.09869],[81.30784,8.09504],[81.30856,8.09275],[81.30837,8.09168],[81.30818,8.0909],[81.30796,8.08863],[81.30804,8.08721],[81.30813,8.08675],[81.30812,8.08567],[81.30816,8.08528],[81.30834,8.08452],[81.30819,8.08347],[81.30825,8.08232],[81.30824,8.08151],[81.30807,8.07984],[81.30813,8.07819],[81.30836,8.07671],[81.30829,8.07513],[81.3083,8.07435],[81.30839,8.0736],[81.30839,8.07084],[81.30836,8.0705],[81.30795,8.06859],[81.30791,8.06823],[81.3078,8.06676],[81.30781,8.06611],[81.30782,8.066],[81.30766,8.06407],[81.30771,8.06366],[81.3077,8.06261],[81.30769,8.06219],[81.30727,8.05816],[81.30725,8.05577],[81.30738,8.0543],[81.30737,8.05303],[81.30738,8.0527],[81.30742,8.05154],[81.30736,8.05082],[81.30751,8.05077],[81.30753,8.04982],[81.30747,8.0486],[81.30732,8.04711],[81.30728,8.04542],[81.30716,8.04429],[81.30717,8.04248],[81.30706,8.04103],[81.30711,8.03917],[81.30695,8.03837],[81.3069,8.03752],[81.30692,8.03676],[81.30683,8.03548],[81.30646,8.03232],[81.30646,8.03128],[81.30637,8.03018],[81.30637,8.02945],[81.30643,8.02908],[81.30675,8.02798],[81.30742,8.02582],[81.30783,8.02477],[81.30833,8.02372],[81.30873,8.02268],[81.30979,8.02074],[81.31098,8.01871],[81.31209,8.01708],[81.31306,8.01534],[81.31351,8.01438],[81.31389,8.0133],[81.31527,8.01002],[81.31583,8.00899],[81.31608,8.00827],[81.31648,8.00618],[81.31716,8.00386],[81.31763,8.00275],[81.31821,8.00171],[81.31888,7.99941],[81.31913,7.9987],[81.31949,7.99787],[81.31978,7.99699],[81.32157,7.99363],[81.32225,7.99213],[81.32277,7.99112],[81.32334,7.98966],[81.32429,7.98802],[81.32488,7.98655],[81.32555,7.98517],[81.32641,7.98284],[81.32706,7.98141],[81.3278,7.98003],[81.32864,7.97865],[81.32923,7.97736],[81.32996,7.97597],[81.33041,7.97484],[81.33066,7.97406],[81.33151,7.97192],[81.3318,7.97107],[81.33212,7.97037],[81.33266,7.96927],[81.3333,7.96826],[81.33398,7.96684],[81.33408,7.96672],[81.33411,7.96646],[81.3344,7.96581],[81.33476,7.96517],[81.33559,7.96392],[81.33633,7.9629],[81.33681,7.96212],[81.33702,7.96168],[81.33844,7.95946],[81.3399,7.95739],[81.34006,7.95704],[81.34014,7.95667],[81.34014,7.95633],[81.33992,7.95491],[81.33985,7.95415],[81.33996,7.95337],[81.34,7.95231],[81.33968,7.95041],[81.33946,7.94819],[81.33928,7.94738],[81.33921,7.94656],[81.33904,7.94544],[81.33903,7.94509],[81.33906,7.94475],[81.33923,7.94397],[81.33955,7.94284],[81.34002,7.94148],[81.34,7.94005],[81.34009,7.93898],[81.34,7.93744],[81.33748,7.93804],[81.33502,7.93804],[81.33368,7.93765],[81.33254,7.93724],[81.33151,7.93658],[81.33058,7.9358],[81.32938,7.93527],[81.32816,7.93514],[81.32692,7.93538],[81.32562,7.9355],[81.32435,7.93573],[81.32109,7.93829],[81.31902,7.93968],[81.31783,7.94022],[81.31654,7.94038],[81.3151,7.94009],[81.31409,7.93944],[81.31292,7.93853],[81.31181,7.93784],[81.31133,7.93768],[81.3105,7.9374],[81.30924,7.93733],[81.30795,7.93745],[81.30679,7.93778],[81.30568,7.93833],[81.3048,7.93916],[81.3019,7.94242],[81.29908,7.94532],[81.29813,7.94606],[81.29689,7.94633],[81.29568,7.94632],[81.29327,7.94583],[81.29188,7.94603],[81.29064,7.9464],[81.28929,7.94659],[81.28804,7.94633],[81.28695,7.94573],[81.28591,7.94508],[81.28493,7.94414],[81.28302,7.94219],[81.28179,7.94148],[81.28033,7.94121],[81.279,7.94106],[81.27779,7.94054],[81.27689,7.9397],[81.27626,7.93864],[81.27573,7.9375],[81.27473,7.9368],[81.27352,7.93693],[81.27235,7.93661],[81.27098,7.93669],[81.26961,7.93711],[81.26839,7.93727],[81.26709,7.93707],[81.26582,7.93753],[81.26482,7.93837],[81.26398,7.93939],[81.26283,7.94],[81.26174,7.93931],[81.26053,7.93897],[81.25921,7.93902],[81.25808,7.93863],[81.25681,7.93764],[81.25565,7.93705],[81.25446,7.93693],[81.25306,7.93632],[81.25233,7.93518],[81.25144,7.93396],[81.25032,7.93308],[81.24914,7.93221],[81.2482,7.93114],[81.24767,7.92976],[81.24733,7.92857],[81.24638,7.92781],[81.2451,7.92768],[81.24403,7.92688],[81.24231,7.925],[81.24128,7.9243],[81.2401,7.92374],[81.23903,7.9228],[81.23749,7.92088],[81.23687,7.91977],[81.2367,7.91858],[81.23704,7.91734],[81.23721,7.91603],[81.23722,7.91326],[81.23712,7.91164],[81.23724,7.90889],[81.23736,7.90759],[81.23769,7.9064],[81.23795,7.90521],[81.23833,7.90404],[81.23847,7.90257],[81.2382,7.90126],[81.23778,7.90014],[81.23733,7.89866],[81.23627,7.8962],[81.23594,7.89493],[81.23588,7.89349],[81.23594,7.89227],[81.23621,7.89105],[81.23667,7.88992],[81.23701,7.88866],[81.23663,7.88741],[81.2361,7.88679],[81.2357,7.8862],[81.23478,7.8854],[81.23383,7.88467],[81.23289,7.88364],[81.23239,7.88236],[81.232,7.88112],[81.23133,7.87981],[81.23037,7.8784],[81.22951,7.87726],[81.22894,7.87608],[81.22858,7.87486],[81.22835,7.87228],[81.2286,7.87076],[81.22866,7.86941],[81.22815,7.86833],[81.22784,7.86706],[81.22781,7.86584],[81.22804,7.86464],[81.22861,7.86358],[81.22959,7.86261],[81.23073,7.86222],[81.23152,7.86129],[81.23164,7.85986],[81.23182,7.85857],[81.2318,7.85701],[81.23188,7.8558],[81.23218,7.85442],[81.23276,7.85326],[81.23311,7.85209],[81.2328,7.85089],[81.23237,7.84832],[81.23247,7.84713],[81.23276,7.84595],[81.23287,7.84471],[81.23274,7.84352],[81.23244,7.84233],[81.23212,7.84163],[81.23157,7.84109],[81.23008,7.83904],[81.22925,7.83717],[81.22906,7.83509],[81.22851,7.83304],[81.22732,7.8313],[81.22685,7.82927],[81.22696,7.82713],[81.22611,7.82523],[81.22496,7.8235],[81.22518,7.82138],[81.22582,7.8194],[81.22649,7.81523],[81.22652,7.81313],[81.22642,7.81103],[81.22708,7.80903],[81.22786,7.80709],[81.22745,7.80501],[81.2287,7.80332],[81.22956,7.80136],[81.22927,7.79928],[81.22942,7.79715],[81.22996,7.79511],[81.22997,7.79301],[81.22875,7.79128],[81.22853,7.78915],[81.22839,7.78707],[81.22754,7.78511],[81.22707,7.78307],[81.22702,7.78097],[81.22745,7.7789],[81.22833,7.77695],[81.22902,7.77495],[81.23068,7.77096],[81.23172,7.76912],[81.23308,7.76754],[81.23489,7.76637],[81.23577,7.76438],[81.23635,7.76229],[81.23747,7.76049],[81.2374,7.7588],[81.2374,7.7584],[81.23596,7.7568],[81.23597,7.7555],[81.23603,7.75468],[81.23681,7.75054],[81.23713,7.74841],[81.23771,7.74632],[81.23985,7.74264],[81.24086,7.74077],[81.24133,7.73911],[81.24339,7.73888],[81.24555,7.73884],[81.24744,7.73794],[81.24939,7.73692],[81.25137,7.73605],[81.25317,7.73478],[81.25341,7.73268],[81.25443,7.73085],[81.25637,7.7318],[81.25847,7.73187],[81.26018,7.73313],[81.26127,7.73504],[81.26321,7.73582],[81.26537,7.73585],[81.26759,7.73582],[81.26984,7.73574],[81.27439,7.73572],[81.27658,7.7356],[81.27873,7.73561],[81.28301,7.73538],[81.28521,7.73532],[81.28748,7.7354],[81.28962,7.73541],[81.29181,7.7353],[81.32613,7.73342],[81.32759,7.7318],[81.32853,7.72994],[81.32877,7.72783],[81.3292,7.7258],[81.3294,7.72365],[81.32853,7.7216],[81.32866,7.71948],[81.33051,7.71851],[81.33196,7.71698],[81.33226,7.71488],[81.33344,7.71316],[81.33505,7.71171],[81.33758,7.7083],[81.33866,7.70653],[81.34027,7.7052],[81.34235,7.70487],[81.34418,7.7038],[81.34569,7.70235],[81.34686,7.70063],[81.34797,7.69885],[81.34901,7.69702],[81.3505,7.6955],[81.35144,7.69355],[81.35315,7.6923],[81.35387,7.69033],[81.3544,7.68813],[81.35586,7.6866],[81.35865,7.68341],[81.35944,7.68145],[81.36107,7.68006],[81.36217,7.67825],[81.36365,7.67675],[81.36431,7.67475],[81.36537,7.67296],[81.36597,7.67096],[81.36723,7.66929],[81.36781,7.66726],[81.36972,7.66639],[81.36996,7.66622],[81.37143,7.66518],[81.37518,7.66314],[81.3769,7.66195],[81.37848,7.66058],[81.37954,7.65877],[81.38139,7.65753],[81.38338,7.65671],[81.38745,7.65575],[81.38957,7.65531],[81.39172,7.65474],[81.3961,7.6537],[81.40033,7.65297],[81.40245,7.65279],[81.40458,7.65227],[81.40665,7.65196],[81.40899,7.65141],[81.41322,7.65013],[81.41746,7.64879],[81.41958,7.64824],[81.42379,7.64721],[81.42805,7.64638],[81.43033,7.64599],[81.4324,7.64553],[81.43454,7.64498],[81.43657,7.64438],[81.43879,7.64398],[81.44506,7.64221],[81.44558,7.64201],[81.44497,7.63984],[81.44426,7.63785],[81.44325,7.63593],[81.44287,7.63382],[81.44352,7.63176],[81.44454,7.62982],[81.44543,7.62789],[81.44625,7.62588],[81.44694,7.62386],[81.44748,7.62184],[81.44753,7.61966],[81.44685,7.61766],[81.44609,7.61569],[81.44524,7.61379],[81.44415,7.61198],[81.44173,7.60839],[81.44083,7.60641],[81.44049,7.60432],[81.44201,7.60278],[81.44294,7.60091],[81.44265,7.59875],[81.44102,7.59745],[81.43978,7.59571],[81.43882,7.59379],[81.43728,7.58988],[81.4366,7.58781],[81.43608,7.58579],[81.43542,7.58377],[81.43441,7.58303],[81.43405,7.58195],[81.43359,7.58086],[81.43331,7.57984],[81.4329,7.57764],[81.43263,7.57539],[81.43258,7.57424],[81.43271,7.57319],[81.433,7.57214],[81.43319,7.57102],[81.43348,7.56997],[81.43447,7.56791],[81.43591,7.56601],[81.43652,7.56503],[81.43762,7.563],[81.43917,7.5611],[81.44031,7.55909],[81.44089,7.55823],[81.44326,7.55523],[81.44389,7.55431],[81.44556,7.55131],[81.4462,7.5504],[81.44686,7.54958],[81.44815,7.5476],[81.44992,7.54557],[81.45129,7.54369],[81.45205,7.54279],[81.45308,7.54206],[81.45403,7.54152],[81.45507,7.54112],[81.45744,7.5404],[81.46085,7.53898],[81.46293,7.53794],[81.46736,7.53589],[81.46852,7.53541],[81.47167,7.53426],[81.47267,7.5338],[81.47328,7.53345],[81.47484,7.53257],[81.47694,7.53176],[81.47793,7.53129],[81.48005,7.53013],[81.48239,7.52904],[81.4845,7.52848],[81.48554,7.52804],[81.48876,7.52633],[81.4898,7.52586],[81.49091,7.52529],[81.49188,7.5247],[81.49308,7.52442],[81.49511,7.52354],[81.49816,7.52205],[81.49916,7.52163],[81.49921,7.52158],[81.4996,7.52121],[81.49983,7.52076],[81.49943,7.51975],[81.49873,7.51886],[81.49779,7.51802],[81.49697,7.51738],[81.49605,7.51692],[81.49395,7.51621],[81.49431,7.51523],[81.4954,7.51511],[81.49645,7.51491],[81.49865,7.51434],[81.50095,7.51386],[81.503,7.51308],[81.50409,7.51282],[81.50508,7.51237],[81.50709,7.51171],[81.50825,7.51139],[81.51071,7.51033],[81.51198,7.50998],[81.51243,7.50986],[81.51605,7.50922],[81.51683,7.50914],[81.51763,7.50926],[81.51822,7.50869],[81.52091,7.50896],[81.52208,7.50885],[81.52417,7.5088],[81.52445,7.5088],[81.52707,7.50889],[81.53217,7.50886],[81.5362,7.50898],[81.53869,7.50891],[81.54412,7.50896],[81.54766,7.5088],[81.55167,7.50882],[81.55461,7.50871],[81.55915,7.5087],[81.5657,7.50853],[81.56824,7.5086],[81.57196,7.50891],[81.57352,7.50882],[81.57588,7.50848],[81.58101,7.50866],[81.58253,7.50867],[81.59067,7.50822],[81.5953,7.50825],[81.59701,7.50837],[81.60035,7.50846],[81.60376,7.50821],[81.60707,7.50836],[81.61018,7.50822],[81.61238,7.50803],[81.61296,7.50803],[81.61418,7.50817],[81.61589,7.50819],[81.61784,7.50809],[81.61916,7.50815],[81.61981,7.50824],[81.62025,7.50847],[81.62166,7.5094],[81.62246,7.51004],[81.62347,7.51075],[81.62429,7.51122],[81.62619,7.51215],[81.6273,7.51285],[81.63249,7.51644],[81.63517,7.51861],[81.63613,7.51922],[81.63723,7.51979],[81.6395,7.52076],[81.64055,7.52135],[81.64161,7.5215],[81.64371,7.52234],[81.64843,7.52478],[81.64919,7.52505],[81.64962,7.52515],[81.64964,7.52455],[81.64977,7.52356],[81.64976,7.52251],[81.64928,7.52158],[81.64892,7.52113],[81.64843,7.52065],[81.64807,7.52036],[81.6477,7.51997],[81.64731,7.51943],[81.64677,7.51847],[81.64639,7.51795],[81.64618,7.51756],[81.64599,7.51693],[81.64594,7.51626],[81.64677,7.515],[81.64696,7.51457],[81.64817,7.51139],[81.64832,7.51096],[81.6484,7.51052],[81.64843,7.51004],[81.64837,7.50944],[81.64809,7.5079],[81.64782,7.50495],[81.6478,7.50476],[81.64804,7.50251],[81.64877,7.50038],[81.64919,7.49948],[81.64939,7.49892],[81.64962,7.49851],[81.64993,7.4981],[81.65115,7.49694],[81.65181,7.4961],[81.65266,7.49479],[81.65326,7.49393],[81.65371,7.49332],[81.65416,7.49239],[81.65446,7.49147],[81.65476,7.49036],[81.65483,7.48986],[81.65483,7.48886],[81.6545,7.48665],[81.65442,7.48571],[81.65426,7.48463],[81.65372,7.4821],[81.65371,7.48165],[81.65378,7.48115],[81.65412,7.47998],[81.65463,7.47905],[81.65543,7.47809],[81.6579,7.47556],[81.65924,7.47444],[81.65983,7.4737],[81.66056,7.47248],[81.66061,7.47204],[81.66061,7.47107],[81.66029,7.46858],[81.66016,7.46814],[81.65909,7.46598],[81.65823,7.4646],[81.65781,7.46372],[81.65765,7.4633],[81.6574,7.46241],[81.65732,7.46194],[81.65728,7.46125],[81.65735,7.46044],[81.65759,7.45971],[81.6584,7.45778],[81.65898,7.4569],[81.65927,7.45595],[81.65965,7.4549],[81.65982,7.45375],[81.66,7.45175],[81.66034,7.44996],[81.66056,7.44734],[81.66053,7.4464],[81.66019,7.44367],[81.65982,7.44309],[81.6597,7.44202],[81.65967,7.44147],[81.65968,7.44113],[81.65972,7.44042],[81.65991,7.43923],[81.66005,7.43874],[81.6601,7.43821],[81.66005,7.43709],[81.66013,7.43616],[81.66074,7.43337],[81.66061,7.42787],[81.66056,7.42744],[81.66,7.42581],[81.65982,7.42399],[81.65971,7.42334],[81.65962,7.42127],[81.65969,7.42068],[81.65991,7.42021],[81.66043,7.41942],[81.66187,7.41777],[81.6624,7.41674],[81.6627,7.41562],[81.66285,7.41409],[81.66287,7.41359],[81.66283,7.4129],[81.66236,7.41026],[81.66153,7.40775],[81.66117,7.40636],[81.66101,7.40489],[81.66105,7.40368],[81.66127,7.40277],[81.66148,7.40212],[81.66191,7.40109],[81.66285,7.39957],[81.66321,7.39906],[81.66361,7.39874],[81.66404,7.3987],[81.66454,7.3988],[81.66591,7.3995],[81.66648,7.39973],[81.66756,7.40003],[81.66914,7.4003],[81.66961,7.40047],[81.66999,7.40083],[81.67029,7.40118],[81.6721,7.40394],[81.67253,7.40484],[81.6727,7.40529],[81.67281,7.40582],[81.67322,7.4085],[81.6737,7.41013],[81.67359,7.41119],[81.67331,7.41213],[81.67332,7.41268],[81.67343,7.41313],[81.67367,7.41354],[81.67407,7.41393],[81.6749,7.41433],[81.67781,7.41528],[81.67823,7.41548],[81.67932,7.41619],[81.68224,7.41828],[81.68317,7.41873],[81.68551,7.4189],[81.68694,7.41919],[81.68869,7.41978],[81.68924,7.42001],[81.68967,7.42027],[81.68968,7.42028],[81.69046,7.42088],[81.69159,7.42181],[81.69214,7.42243],[81.69227,7.42247],[81.69263,7.42294],[81.69348,7.42427],[81.69386,7.4246],[81.69522,7.42551],[81.69587,7.42615],[81.69717,7.42773],[81.69784,7.42865],[81.69821,7.42898],[81.69869,7.42937],[81.69928,7.42976],[81.70025,7.43017],[81.7012,7.43051],[81.70168,7.43077],[81.70349,7.43204],[81.70387,7.43233],[81.70427,7.43271],[81.70489,7.43347],[81.70546,7.43435],[81.7058,7.4347],[81.70745,7.4357],[81.70903,7.43708],[81.7097,7.43781],[81.71081,7.43912],[81.71287,7.44177],[81.71366,7.44257],[81.7144,7.44328],[81.71475,7.44355],[81.71585,7.44463],[81.71771,7.44588],[81.71808,7.44616],[81.71852,7.44657],[81.71881,7.44696],[81.71914,7.44753],[81.71961,7.44862],[81.71986,7.44901],[81.72065,7.44997],[81.72219,7.45163],[81.72302,7.45263],[81.72351,7.4534],[81.72396,7.45426],[81.72425,7.45471],[81.72457,7.45509],[81.72497,7.45535],[81.72547,7.4556],[81.72714,7.4558],[81.72814,7.4558],[81.72911,7.45574],[81.73026,7.45577],[81.73348,7.45567],[81.73772,7.45591],[81.7385,7.45595],[81.73988,7.45598],[81.74116,7.45595],[81.74301,7.45581],[81.74497,7.45543],[81.7458,7.45534],[81.748,7.45523],[81.74905,7.45521],[81.75003,7.45536],[81.75069,7.45552],[81.75109,7.45574],[81.75148,7.45605],[81.75249,7.45654],[81.76071,7.45982],[81.76747,7.46834],[81.77643,7.48191],[81.79349,7.47055],[81.81443,7.48043]]]}},{"type":"Feature","properties":{"slug":"monaragala","name":"Monaragala","district_id":23,"iso":"LK-82"},"geometry":{"type":"Polygon","coordinates":[[[81.60831,6.58004],[81.60834,6.58023],[81.60894,6.58412],[81.60941,6.5881],[81.60959,6.59011],[81.60992,6.59207],[81.61017,6.59403],[81.61002,6.59602],[81.61008,6.59802],[81.61022,6.60013],[81.6103,6.60209],[81.61045,6.6041],[81.61085,6.6081],[81.611,6.61019],[81.61108,6.61417],[81.61145,6.61821],[81.61159,6.6222],[81.6118,6.6263],[81.61208,6.63031],[81.61251,6.63447],[81.6128,6.6384],[81.61289,6.64244],[81.61302,6.64451],[81.61321,6.64654],[81.61349,6.65069],[81.61385,6.65465],[81.61386,6.65663],[81.61394,6.65869],[81.61448,6.66684],[81.61456,6.67092],[81.61494,6.67298],[81.61514,6.67689],[81.61529,6.67887],[81.61546,6.6809],[81.61577,6.68287],[81.61575,6.68484],[81.61606,6.68681],[81.61707,6.69064],[81.61729,6.6947],[81.61751,6.69664],[81.61756,6.69867],[81.61773,6.70062],[81.61782,6.70259],[81.61785,6.70461],[81.61812,6.70889],[81.6182,6.71286],[81.61855,6.71486],[81.61824,6.7168],[81.61826,6.72077],[81.61843,6.72695],[81.61852,6.72898],[81.61863,6.7311],[81.61899,6.73523],[81.61908,6.73728],[81.61915,6.74358],[81.61924,6.74568],[81.61914,6.75609],[81.61958,6.76014],[81.61991,6.76623],[81.62007,6.76825],[81.62039,6.77022],[81.6205,6.77229],[81.62066,6.77429],[81.62063,6.77633],[81.6207,6.77833],[81.62118,6.78639],[81.62133,6.79041],[81.62164,6.79441],[81.62184,6.79838],[81.62258,6.80634],[81.62274,6.81039],[81.62303,6.81233],[81.62398,6.81417],[81.62393,6.81483],[81.62403,6.81663],[81.62428,6.81851],[81.62441,6.82211],[81.62456,6.82396],[81.62477,6.82784],[81.62578,6.83725],[81.62573,6.83907],[81.6261,6.84468],[81.62649,6.84836],[81.62656,6.85015],[81.62671,6.85209],[81.62692,6.85775],[81.62724,6.85966],[81.62748,6.86339],[81.62755,6.86527],[81.62783,6.86708],[81.62801,6.86887],[81.62812,6.87073],[81.62807,6.87252],[81.62808,6.87438],[81.62798,6.8762],[81.62798,6.8781],[81.62826,6.88176],[81.62833,6.88359],[81.62832,6.88542],[81.6284,6.88723],[81.62839,6.88904],[81.62848,6.8927],[81.62842,6.89456],[81.62853,6.89825],[81.62853,6.90379],[81.62862,6.90569],[81.62864,6.90934],[81.62875,6.913],[81.62894,6.91486],[81.62992,6.92028],[81.63051,6.9221],[81.63103,6.92385],[81.63122,6.9257],[81.63149,6.92756],[81.63188,6.92944],[81.63203,6.93126],[81.63254,6.93307],[81.63281,6.93488],[81.63339,6.93667],[81.63377,6.93846],[81.63399,6.94033],[81.63397,6.94213],[81.63377,6.94393],[81.63415,6.94574],[81.63467,6.9475],[81.63496,6.94928],[81.63584,6.95284],[81.63646,6.95641],[81.63699,6.95824],[81.63715,6.96005],[81.63658,6.9618],[81.6355,6.96328],[81.63407,6.96439],[81.63258,6.96563],[81.63154,6.96722],[81.63023,6.96847],[81.62674,6.96962],[81.62524,6.97084],[81.62395,6.97212],[81.62244,6.97322],[81.6213,6.97462],[81.61997,6.97595],[81.61876,6.97738],[81.61775,6.97907],[81.61716,6.98082],[81.61722,6.98263],[81.61774,6.98444],[81.61855,6.98608],[81.61942,6.98765],[81.62024,6.98934],[81.62082,6.99107],[81.621,6.99291],[81.62125,6.99473],[81.62127,6.99654],[81.62094,6.99838],[81.62022,7.00009],[81.61889,7.00132],[81.61714,7.00194],[81.61539,7.00267],[81.61388,7.00374],[81.61398,7.00553],[81.61433,7.00735],[81.61429,7.00918],[81.61405,7.01099],[81.61349,7.01276],[81.61307,7.01462],[81.61259,7.01637],[81.61194,7.01805],[81.61108,7.01962],[81.61014,7.02117],[81.60896,7.02252],[81.60781,7.02408],[81.60717,7.02589],[81.60706,7.02777],[81.60742,7.02958],[81.60932,7.03274],[81.60978,7.03453],[81.6106,7.03623],[81.6111,7.038],[81.61108,7.03983],[81.6115,7.04167],[81.61289,7.04289],[81.61448,7.04388],[81.61607,7.04476],[81.61744,7.04594],[81.6185,7.04748],[81.61924,7.04918],[81.61944,7.05098],[81.61913,7.05278],[81.61824,7.05442],[81.61751,7.05614],[81.61732,7.05795],[81.61673,7.0597],[81.61601,7.06142],[81.61516,7.06306],[81.61486,7.06485],[81.61485,7.06671],[81.61416,7.06845],[81.61232,7.06845],[81.61055,7.06881],[81.60885,7.06949],[81.60702,7.06951],[81.60517,7.06989],[81.6034,7.07042],[81.60156,7.07047],[81.5997,7.07019],[81.59796,7.06962],[81.59612,7.06963],[81.59448,7.07047],[81.59374,7.07073],[81.59204,7.0718],[81.59043,7.07297],[81.58931,7.07459],[81.58735,7.07454],[81.58544,7.07504],[81.58362,7.07586],[81.58162,7.07595],[81.57967,7.07634],[81.57822,7.07768],[81.57649,7.07876],[81.57483,7.07998],[81.57334,7.08133],[81.57149,7.08198],[81.56954,7.08174],[81.56767,7.08106],[81.56568,7.08087],[81.56372,7.08114],[81.56175,7.08148],[81.55983,7.08202],[81.55799,7.0829],[81.55612,7.08356],[81.55416,7.08441],[81.55242,7.08528],[81.55044,7.08576],[81.54843,7.08596],[81.5466,7.08683],[81.54504,7.08815],[81.54324,7.08902],[81.54145,7.08979],[81.53941,7.0901],[81.53767,7.09113],[81.53751,7.09309],[81.53648,7.09478],[81.53503,7.09343],[81.53479,7.09146],[81.53317,7.09036],[81.5313,7.09103],[81.52957,7.09208],[81.52791,7.09321],[81.5264,7.09449],[81.52469,7.09562],[81.52296,7.09659],[81.52111,7.09747],[81.51953,7.09868],[81.51799,7.09995],[81.5167,7.10142],[81.51541,7.103],[81.51528,7.10496],[81.51556,7.10692],[81.51571,7.10895],[81.5151,7.11084],[81.5142,7.11269],[81.51315,7.1144],[81.51204,7.11601],[81.51133,7.11786],[81.51162,7.11983],[81.51289,7.1236],[81.51308,7.12556],[81.51286,7.1275],[81.5118,7.12918],[81.51113,7.13101],[81.51205,7.13276],[81.51321,7.13435],[81.51341,7.1363],[81.51232,7.13797],[81.51131,7.13867],[81.51077,7.13947],[81.51026,7.14041],[81.50965,7.14116],[81.50815,7.14249],[81.50733,7.1429],[81.50569,7.14405],[81.50469,7.14455],[81.50394,7.14506],[81.5009,7.14784],[81.50034,7.14891],[81.50007,7.14982],[81.50001,7.15086],[81.50011,7.15174],[81.50013,7.1528],[81.49998,7.1539],[81.50014,7.15481],[81.50047,7.15576],[81.50087,7.15669],[81.50175,7.15848],[81.50256,7.16032],[81.50289,7.16133],[81.5033,7.16229],[81.5037,7.16312],[81.50415,7.1639],[81.50522,7.1655],[81.50573,7.16637],[81.50662,7.16838],[81.50694,7.1692],[81.50774,7.17084],[81.50957,7.17541],[81.50976,7.1764],[81.51,7.17734],[81.51135,7.17942],[81.51144,7.18207],[81.51317,7.1831],[81.51481,7.18419],[81.51545,7.18604],[81.51651,7.1877],[81.51788,7.18912],[81.51836,7.19106],[81.51989,7.19231],[81.52122,7.19382],[81.52206,7.19568],[81.52242,7.19762],[81.52365,7.19899],[81.52535,7.20002],[81.52686,7.20126],[81.52787,7.20295],[81.52899,7.20459],[81.53066,7.2057],[81.53255,7.20646],[81.53422,7.20756],[81.5357,7.20886],[81.53731,7.20996],[81.5404,7.21246],[81.54198,7.21363],[81.54366,7.21462],[81.54553,7.21524],[81.54937,7.2163],[81.55131,7.21668],[81.55309,7.21758],[81.55271,7.21952],[81.55196,7.22135],[81.55106,7.22312],[81.5494,7.22433],[81.54766,7.22524],[81.54693,7.22706],[81.54589,7.22871],[81.54501,7.23048],[81.54362,7.23186],[81.5421,7.23308],[81.54014,7.23322],[81.53814,7.2332],[81.53701,7.23483],[81.53513,7.23838],[81.53398,7.24003],[81.53201,7.24023],[81.53005,7.24019],[81.52829,7.24102],[81.52631,7.24097],[81.52441,7.24149],[81.52307,7.24291],[81.52285,7.24489],[81.52347,7.24676],[81.5243,7.24855],[81.52527,7.25024],[81.52656,7.25182],[81.52757,7.25358],[81.52727,7.25555],[81.52642,7.25732],[81.52537,7.259],[81.52445,7.2608],[81.52395,7.26276],[81.52349,7.26667],[81.52405,7.26857],[81.52417,7.27054],[81.52318,7.27221],[81.51975,7.27717],[81.51846,7.27865],[81.51764,7.28047],[81.51745,7.28244],[81.51898,7.28372],[81.52065,7.28474],[81.52058,7.28675],[81.51882,7.29031],[81.51752,7.29186],[81.51617,7.29327],[81.51382,7.29651],[81.51286,7.29807],[81.51251,7.29834],[81.51163,7.29863],[81.51008,7.29942],[81.50743,7.30055],[81.50565,7.30108],[81.50386,7.30144],[81.50305,7.30174],[81.50137,7.3028],[81.49948,7.30365],[81.49852,7.30399],[81.49772,7.30435],[81.49639,7.30565],[81.4956,7.30631],[81.49492,7.30713],[81.49372,7.30878],[81.49241,7.31018],[81.49177,7.31092],[81.49109,7.31155],[81.4874,7.31443],[81.48678,7.31514],[81.4862,7.31606],[81.48555,7.31666],[81.48478,7.31723],[81.48415,7.31788],[81.48376,7.3187],[81.48321,7.31953],[81.48251,7.32025],[81.48175,7.32073],[81.48106,7.32135],[81.48035,7.32223],[81.47985,7.323],[81.47938,7.32385],[81.47901,7.32472],[81.47893,7.32569],[81.47929,7.32702],[81.47977,7.32798],[81.48047,7.32875],[81.48143,7.32923],[81.48251,7.32932],[81.48357,7.32972],[81.48448,7.33053],[81.48479,7.33155],[81.48552,7.33227],[81.48646,7.33292],[81.48814,7.33439],[81.48967,7.33593],[81.4903,7.33675],[81.4908,7.33782],[81.49056,7.3389],[81.49008,7.34004],[81.48937,7.34217],[81.48903,7.34433],[81.48794,7.34866],[81.48792,7.34973],[81.48753,7.35069],[81.48701,7.35269],[81.48551,7.35703],[81.48525,7.35814],[81.48491,7.35914],[81.48433,7.36129],[81.48416,7.3625],[81.48395,7.3635],[81.48267,7.36768],[81.48218,7.36994],[81.48155,7.37321],[81.48122,7.37459],[81.48084,7.37577],[81.48043,7.37684],[81.47985,7.37897],[81.47942,7.38016],[81.47851,7.38222],[81.47625,7.38612],[81.47319,7.39098],[81.47271,7.39198],[81.47241,7.39298],[81.4723,7.39406],[81.47232,7.39519],[81.47255,7.40415],[81.47264,7.4054],[81.47329,7.40865],[81.47459,7.41293],[81.47481,7.41416],[81.4751,7.4154],[81.47545,7.41637],[81.47577,7.41749],[81.47602,7.41856],[81.4762,7.41969],[81.47683,7.42058],[81.4771,7.42167],[81.47653,7.42257],[81.47558,7.42311],[81.4744,7.42334],[81.47327,7.42332],[81.47208,7.42343],[81.47093,7.42364],[81.46613,7.42505],[81.465,7.42552],[81.46398,7.4262],[81.46325,7.42701],[81.46268,7.42807],[81.46219,7.42934],[81.462,7.43039],[81.46224,7.43143],[81.46354,7.43315],[81.46498,7.43468],[81.46562,7.4355],[81.4677,7.43829],[81.46886,7.44031],[81.47026,7.44224],[81.47079,7.44328],[81.47146,7.44434],[81.47229,7.44499],[81.47315,7.44558],[81.47476,7.44715],[81.47605,7.44901],[81.47676,7.44987],[81.47744,7.45087],[81.47851,7.45287],[81.47907,7.45404],[81.47884,7.4547],[81.47684,7.45562],[81.47576,7.45592],[81.47465,7.45598],[81.47347,7.45586],[81.47246,7.45611],[81.47173,7.4569],[81.47063,7.45705],[81.4696,7.45679],[81.46845,7.45687],[81.46735,7.45708],[81.46605,7.457],[81.46492,7.45671],[81.46364,7.45645],[81.46263,7.45679],[81.46169,7.4572],[81.46059,7.45741],[81.45858,7.45835],[81.45753,7.45855],[81.45637,7.45844],[81.45526,7.45796],[81.45428,7.45728],[81.45249,7.4559],[81.45049,7.45494],[81.44953,7.45435],[81.44854,7.45364],[81.44586,7.45138],[81.44505,7.45056],[81.44367,7.44857],[81.44279,7.44787],[81.44171,7.44737],[81.43984,7.44627],[81.43896,7.44566],[81.43805,7.4449],[81.43726,7.44416],[81.43628,7.44357],[81.43519,7.44343],[81.43397,7.44318],[81.43035,7.44202],[81.42922,7.4416],[81.42811,7.4413],[81.42705,7.44136],[81.42592,7.44161],[81.42483,7.44154],[81.42342,7.43858],[81.42273,7.43649],[81.4219,7.43578],[81.42087,7.43552],[81.41995,7.43491],[81.41894,7.43465],[81.41693,7.43524],[81.41574,7.43511],[81.41475,7.43463],[81.41373,7.43433],[81.41266,7.43472],[81.41162,7.43453],[81.41074,7.43389],[81.40861,7.43365],[81.40752,7.43314],[81.40695,7.43213],[81.40683,7.43095],[81.40689,7.42991],[81.40786,7.42775],[81.40858,7.4257],[81.40873,7.42463],[81.40895,7.4235],[81.40893,7.42243],[81.40871,7.42121],[81.40835,7.42007],[81.40773,7.41913],[81.40707,7.41824],[81.40658,7.4173],[81.40571,7.41666],[81.4046,7.41631],[81.40352,7.41604],[81.40242,7.41599],[81.40123,7.416],[81.40029,7.41555],[81.39984,7.41455],[81.39911,7.41371],[81.39803,7.41363],[81.39691,7.4136],[81.39592,7.41311],[81.39441,7.41144],[81.39364,7.41068],[81.39257,7.41004],[81.3915,7.40955],[81.39066,7.40886],[81.38978,7.40829],[81.38883,7.40789],[81.38768,7.40795],[81.38663,7.4077],[81.38544,7.40758],[81.3844,7.40768],[81.38328,7.40804],[81.38217,7.40852],[81.3811,7.40889],[81.38005,7.40935],[81.377,7.41079],[81.37593,7.41094],[81.37499,7.4104],[81.37499,7.40937],[81.37542,7.40832],[81.37431,7.40643],[81.37382,7.40533],[81.37366,7.40427],[81.37361,7.40316],[81.37359,7.39873],[81.37369,7.39762],[81.37434,7.39552],[81.3753,7.39356],[81.37593,7.39261],[81.37723,7.39084],[81.37804,7.39005],[81.37963,7.38863],[81.38034,7.3878],[81.38058,7.38675],[81.38069,7.38452],[81.38086,7.38342],[81.38094,7.38235],[81.38091,7.37997],[81.38142,7.37752],[81.38183,7.37657],[81.38254,7.37576],[81.3834,7.37505],[81.38432,7.37444],[81.38512,7.37374],[81.38571,7.37285],[81.38618,7.37189],[81.38639,7.37087],[81.38598,7.36992],[81.3842,7.36869],[81.38332,7.36799],[81.38246,7.36742],[81.38088,7.3659],[81.37815,7.36372],[81.37735,7.36291],[81.37669,7.36208],[81.37609,7.36112],[81.37575,7.36013],[81.37528,7.35918],[81.37448,7.35852],[81.37347,7.35816],[81.37241,7.35823],[81.37026,7.35818],[81.36909,7.35839],[81.36808,7.35866],[81.36693,7.35864],[81.36587,7.35832],[81.36515,7.35749],[81.36411,7.3555],[81.36329,7.35351],[81.36313,7.35229],[81.36341,7.35118],[81.36388,7.35014],[81.36574,7.34756],[81.36632,7.34667],[81.36686,7.34567],[81.36724,7.34458],[81.36704,7.34345],[81.36506,7.34223],[81.36418,7.3416],[81.36328,7.34105],[81.36108,7.33999],[81.36014,7.33956],[81.35897,7.3392],[81.35764,7.33872],[81.35654,7.33823],[81.35454,7.33745],[81.35222,7.3372],[81.35007,7.33678],[81.34892,7.3366],[81.34773,7.3363],[81.34555,7.33585],[81.3445,7.33558],[81.34333,7.33557],[81.34237,7.33601],[81.34147,7.33655],[81.33937,7.33609],[81.33717,7.33622],[81.33627,7.33565],[81.33549,7.33494],[81.33441,7.3344],[81.33339,7.33461],[81.33235,7.33442],[81.33126,7.33407],[81.32936,7.33492],[81.32828,7.33507],[81.32722,7.33504],[81.32619,7.33493],[81.32424,7.33412],[81.32321,7.33424],[81.3226,7.33518],[81.3217,7.33709],[81.32066,7.33752],[81.32035,7.33654],[81.32066,7.33549],[81.32104,7.33447],[81.32133,7.33339],[81.32028,7.33325],[81.31925,7.33299],[81.31998,7.33099],[81.31957,7.32998],[81.32035,7.32924],[81.32105,7.32837],[81.32156,7.32747],[81.32084,7.32396],[81.32054,7.32302],[81.31922,7.32037],[81.31865,7.31862],[81.31841,7.31768],[81.318,7.31577],[81.31793,7.31481],[81.31805,7.3129],[81.31822,7.31193],[81.31851,7.31102],[81.31892,7.31023],[81.32051,7.30781],[81.32094,7.30692],[81.32132,7.30592],[81.32184,7.30491],[81.32246,7.30419],[81.32308,7.30337],[81.32349,7.30258],[81.32382,7.30175],[81.32469,7.3],[81.32504,7.29911],[81.32487,7.29819],[81.32454,7.29737],[81.32407,7.29657],[81.32379,7.29574],[81.32333,7.29501],[81.32289,7.29417],[81.32225,7.29358],[81.32216,7.29177],[81.32224,7.28903],[81.32222,7.28809],[81.3221,7.28711],[81.32174,7.28621],[81.32127,7.28544],[81.32073,7.28474],[81.32033,7.28389],[81.32008,7.28297],[81.3198,7.28113],[81.31942,7.28008],[81.31912,7.27883],[81.31899,7.27792],[81.31912,7.27704],[81.31957,7.27523],[81.31982,7.2744],[81.32002,7.27344],[81.32011,7.27255],[81.32058,7.27078],[81.32091,7.26991],[81.32176,7.26838],[81.32203,7.26755],[81.32224,7.26662],[81.32252,7.26579],[81.32295,7.26497],[81.32311,7.26403],[81.32298,7.26307],[81.3222,7.26272],[81.31946,7.26283],[81.31864,7.26256],[81.31708,7.26185],[81.31632,7.26143],[81.31558,7.26093],[81.3148,7.26049],[81.314,7.26018],[81.3114,7.25927],[81.30952,7.25901],[81.30766,7.25856],[81.30597,7.25792],[81.30512,7.25742],[81.3036,7.25615],[81.30199,7.25505],[81.30041,7.25373],[81.2998,7.253],[81.29932,7.25214],[81.29801,7.25062],[81.29738,7.25001],[81.29621,7.24831],[81.29563,7.24755],[81.29498,7.24681],[81.29429,7.24622],[81.29079,7.24436],[81.29007,7.24375],[81.28948,7.24304],[81.28871,7.24265],[81.28775,7.242],[81.2871,7.24137],[81.28639,7.2408],[81.28549,7.24056],[81.28467,7.24093],[81.28429,7.24172],[81.28432,7.2435],[81.28459,7.24433],[81.28632,7.24673],[81.28661,7.24768],[81.2866,7.24856],[81.28618,7.24938],[81.28443,7.25009],[81.28271,7.25056],[81.28191,7.25094],[81.2812,7.25148],[81.27959,7.25255],[81.27834,7.25392],[81.27744,7.25544],[81.27712,7.25634],[81.27722,7.25733],[81.27757,7.25815],[81.27861,7.25984],[81.27902,7.26067],[81.27916,7.26152],[81.27888,7.26235],[81.27844,7.26329],[81.27701,7.26569],[81.27648,7.26644],[81.27602,7.26719],[81.27466,7.26979],[81.27417,7.27057],[81.273,7.27222],[81.27254,7.27299],[81.27219,7.27386],[81.27174,7.27476],[81.27076,7.27624],[81.27052,7.2769],[81.26912,7.27653],[81.26826,7.27657],[81.26753,7.27716],[81.26695,7.27789],[81.26629,7.27846],[81.26544,7.27881],[81.26456,7.27868],[81.26372,7.27821],[81.26306,7.27759],[81.26247,7.27681],[81.26177,7.27628],[81.26089,7.27573],[81.26009,7.27537],[81.25926,7.27511],[81.25839,7.27514],[81.25754,7.2753],[81.2566,7.2752],[81.25514,7.27412],[81.25429,7.27367],[81.25266,7.27264],[81.25194,7.27205],[81.25033,7.2713],[81.24945,7.27096],[81.24856,7.27095],[81.24771,7.27063],[81.24693,7.27018],[81.2454,7.26921],[81.24463,7.26882],[81.24267,7.26819],[81.24176,7.2681],[81.24084,7.26794],[81.23994,7.2679],[81.23708,7.26755],[81.23523,7.26762],[81.2343,7.26752],[81.2334,7.26732],[81.23251,7.26742],[81.23154,7.26763],[81.23107,7.26688],[81.23148,7.26603],[81.23206,7.26529],[81.23242,7.26449],[81.23222,7.26352],[81.23191,7.26268],[81.23079,7.26014],[81.23099,7.25928],[81.23171,7.25754],[81.23217,7.2557],[81.23252,7.25471],[81.23383,7.25219],[81.23405,7.25129],[81.23458,7.24953],[81.23494,7.24871],[81.23523,7.24787],[81.23545,7.24704],[81.23572,7.24504],[81.2359,7.24419],[81.23619,7.24244],[81.23615,7.24147],[81.23595,7.24048],[81.23593,7.23949],[81.23536,7.23882],[81.23466,7.23823],[81.23383,7.23761],[81.233,7.23724],[81.23227,7.23676],[81.23186,7.23596],[81.23131,7.23517],[81.23071,7.23442],[81.23005,7.2337],[81.22942,7.23308],[81.2287,7.23249],[81.22774,7.23187],[81.22685,7.2314],[81.22604,7.23086],[81.22533,7.23026],[81.22474,7.22962],[81.22424,7.22891],[81.22348,7.2272],[81.2232,7.22632],[81.22281,7.22547],[81.2224,7.2247],[81.22095,7.22244],[81.21925,7.21936],[81.21876,7.21858],[81.21818,7.21784],[81.21752,7.21723],[81.21687,7.21655],[81.21571,7.21513],[81.21518,7.21438],[81.2143,7.21281],[81.21363,7.21119],[81.21321,7.2104],[81.21036,7.20583],[81.20866,7.20367],[81.20803,7.203],[81.20742,7.20226],[81.20693,7.20155],[81.20627,7.20094],[81.20551,7.20057],[81.20473,7.20022],[81.20405,7.19969],[81.20298,7.19823],[81.20185,7.19684],[81.20061,7.19557],[81.19981,7.1951],[81.19811,7.1943],[81.19641,7.1937],[81.19558,7.1933],[81.19379,7.19273],[81.19122,7.192],[81.18938,7.19161],[81.18865,7.19108],[81.18869,7.19019],[81.18924,7.18951],[81.18995,7.18891],[81.19044,7.18817],[81.19065,7.18732],[81.19061,7.18639],[81.19039,7.18555],[81.19,7.18469],[81.18946,7.18401],[81.18817,7.18284],[81.18655,7.18187],[81.18636,7.18103],[81.18692,7.17935],[81.1871,7.17847],[81.18717,7.17751],[81.18718,7.17656],[81.18711,7.17563],[81.1869,7.17473],[81.18658,7.17392],[81.186,7.17321],[81.18526,7.17254],[81.18453,7.17206],[81.18369,7.1718],[81.18282,7.17167],[81.1819,7.17167],[81.181,7.17156],[81.18007,7.17135],[81.17916,7.17102],[81.17836,7.17051],[81.17755,7.17006],[81.17672,7.16972],[81.17578,7.16941],[81.17482,7.1693],[81.17384,7.16936],[81.17296,7.16971],[81.17153,7.17074],[81.17079,7.17134],[81.1703,7.17213],[81.16963,7.1727],[81.16885,7.17317],[81.1671,7.17375],[81.16616,7.17363],[81.16437,7.1735],[81.16365,7.174],[81.16331,7.17482],[81.16274,7.17568],[81.1613,7.17692],[81.16079,7.17769],[81.16035,7.1785],[81.16004,7.1793],[81.15912,7.18229],[81.15799,7.18488],[81.1574,7.18563],[81.15705,7.18645],[81.15686,7.1875],[81.1565,7.18845],[81.15622,7.18944],[81.15579,7.19023],[81.15539,7.19109],[81.15514,7.19195],[81.15478,7.19284],[81.15441,7.19362],[81.15379,7.1943],[81.15295,7.19462],[81.15206,7.19477],[81.15122,7.19452],[81.15024,7.19443],[81.14943,7.1941],[81.1486,7.19361],[81.14775,7.19331],[81.14684,7.19326],[81.14604,7.19284],[81.14557,7.19199],[81.14429,7.1906],[81.14261,7.18981],[81.14173,7.18946],[81.14101,7.18894],[81.1404,7.18832],[81.14004,7.18749],[81.13967,7.18567],[81.13942,7.18471],[81.13904,7.18394],[81.13823,7.1834],[81.13757,7.18279],[81.13756,7.18193],[81.13774,7.18103],[81.13799,7.17919],[81.13761,7.17838],[81.13707,7.17754],[81.13655,7.17681],[81.13577,7.17614],[81.1345,7.17473],[81.13248,7.17281],[81.13177,7.17232],[81.13108,7.17179],[81.13033,7.17135],[81.12954,7.17078],[81.12818,7.16949],[81.12737,7.16884],[81.12668,7.16821],[81.12615,7.1674],[81.12549,7.16668],[81.12479,7.16618],[81.12424,7.16544],[81.12387,7.16452],[81.12375,7.1636],[81.12381,7.1626],[81.1229,7.16005],[81.12236,7.15801],[81.12204,7.15714],[81.12208,7.15441],[81.12247,7.15351],[81.1232,7.153],[81.12476,7.15201],[81.12531,7.15126],[81.12569,7.15038],[81.12598,7.14948],[81.12616,7.14859],[81.12634,7.14679],[81.1267,7.14596],[81.12711,7.1452],[81.1282,7.14371],[81.12955,7.14117],[81.13003,7.14045],[81.13074,7.13989],[81.13305,7.1385],[81.13469,7.1376],[81.1355,7.13721],[81.13733,7.13653],[81.13827,7.13651],[81.13899,7.13698],[81.13983,7.13721],[81.14079,7.13732],[81.14165,7.13696],[81.14231,7.13531],[81.14242,7.13444],[81.14276,7.13353],[81.14294,7.13264],[81.14347,7.13086],[81.14387,7.13],[81.14461,7.12951],[81.14545,7.12931],[81.14628,7.12897],[81.14706,7.12842],[81.14801,7.12806],[81.14856,7.12735],[81.14906,7.12656],[81.14948,7.12576],[81.14999,7.12499],[81.15038,7.12419],[81.15077,7.12327],[81.15162,7.12163],[81.15212,7.1208],[81.15277,7.12006],[81.15346,7.11947],[81.15434,7.11915],[81.15494,7.11844],[81.15617,7.11685],[81.15687,7.11613],[81.15897,7.11418],[81.1594,7.1134],[81.15977,7.11261],[81.16033,7.11181],[81.16123,7.11004],[81.16193,7.10818],[81.1621,7.10633],[81.1623,7.1054],[81.16236,7.10454],[81.16242,7.1035],[81.16233,7.10164],[81.1626,7.10068],[81.16343,7.09901],[81.16367,7.09811],[81.1638,7.09714],[81.16414,7.09633],[81.16478,7.09456],[81.16527,7.09378],[81.16574,7.09289],[81.16611,7.09207],[81.16646,7.09112],[81.16685,7.09028],[81.16729,7.08952],[81.16763,7.08869],[81.16817,7.08683],[81.16812,7.08582],[81.16824,7.08495],[81.16874,7.08411],[81.1697,7.08389],[81.17065,7.08404],[81.17125,7.08467],[81.17299,7.0854],[81.17355,7.08609],[81.17434,7.08657],[81.1752,7.08668],[81.17612,7.08666],[81.17712,7.08643],[81.17789,7.08587],[81.17882,7.0855],[81.1797,7.08517],[81.18147,7.08471],[81.18237,7.08505],[81.18313,7.08545],[81.18402,7.0856],[81.18495,7.08582],[81.18588,7.08597],[81.18676,7.08576],[81.18769,7.08591],[81.1883,7.08678],[81.18862,7.08853],[81.18867,7.08944],[81.18868,7.09249],[81.18892,7.0934],[81.18956,7.09399],[81.19039,7.09426],[81.19122,7.09459],[81.19206,7.0948],[81.19294,7.09485],[81.19392,7.09481],[81.19482,7.09469],[81.19567,7.09451],[81.19661,7.09424],[81.19932,7.09372],[81.2021,7.09424],[81.20385,7.09489],[81.20574,7.09527],[81.20659,7.09548],[81.20754,7.09523],[81.20826,7.09468],[81.20879,7.09386],[81.20963,7.09348],[81.21065,7.09503],[81.21126,7.09574],[81.21203,7.09634],[81.21284,7.09671],[81.21372,7.09659],[81.21438,7.09598],[81.21477,7.09517],[81.21513,7.09334],[81.21542,7.09243],[81.21612,7.08974],[81.21627,7.08879],[81.21608,7.08794],[81.2161,7.08707],[81.21636,7.0862],[81.21681,7.08535],[81.21784,7.0838],[81.21812,7.082],[81.21838,7.08117],[81.21907,7.08064],[81.22067,7.08099],[81.22217,7.08191],[81.22283,7.08261],[81.22359,7.08312],[81.22449,7.08351],[81.22543,7.08404],[81.22646,7.08425],[81.22743,7.08429],[81.22839,7.08445],[81.22928,7.08439],[81.22957,7.08382],[81.22987,7.083],[81.23079,7.08145],[81.2311,7.08045],[81.23152,7.07866],[81.2315,7.07762],[81.23159,7.07674],[81.23194,7.0759],[81.23245,7.07422],[81.23318,7.07257],[81.23406,7.07098],[81.23528,7.06963],[81.23605,7.06799],[81.23662,7.06655],[81.237,7.06541],[81.23734,7.06415],[81.23778,7.06291],[81.23887,7.06047],[81.23944,7.05858],[81.23963,7.05807],[81.24033,7.05639],[81.24104,7.0549],[81.24166,7.0532],[81.24178,7.05264],[81.24169,7.05158],[81.24185,7.05056],[81.24198,7.05004],[81.24275,7.04791],[81.24304,7.04698],[81.24339,7.04569],[81.24351,7.04503],[81.24355,7.0443],[81.24353,7.04353],[81.24358,7.04161],[81.24368,7.03947],[81.2442,7.03572],[81.24451,7.03412],[81.24484,7.03123],[81.24501,7.0303],[81.24553,7.02654],[81.24586,7.02466],[81.24617,7.02321],[81.24619,7.02231],[81.24599,7.0214],[81.24601,7.02092],[81.24571,7.0193],[81.24567,7.0187],[81.24544,7.01707],[81.24504,7.01582],[81.24509,7.01423],[81.245,7.01248],[81.24526,7.01086],[81.24522,7.01037],[81.24483,7.00894],[81.24401,7.00809],[81.24319,7.00772],[81.2427,7.00743],[81.2423,7.00696],[81.24179,7.00554],[81.24155,7.00503],[81.2414,7.00451],[81.24108,7.00296],[81.24086,7.0025],[81.24019,7.00039],[81.23979,6.99939],[81.23963,6.99883],[81.23862,6.99637],[81.23833,6.99538],[81.23808,6.99483],[81.23759,6.99396],[81.23689,6.99246],[81.2366,6.99199],[81.23576,6.99122],[81.23535,6.99096],[81.23492,6.99078],[81.23442,6.99066],[81.23396,6.99068],[81.23349,6.99081],[81.233,6.99078],[81.23264,6.99041],[81.23237,6.99001],[81.23185,6.98863],[81.23176,6.98759],[81.23186,6.98655],[81.23201,6.9854],[81.23215,6.98475],[81.23234,6.98324],[81.23249,6.98261],[81.23273,6.98208],[81.23333,6.98126],[81.23362,6.9807],[81.23425,6.97909],[81.2345,6.97807],[81.23457,6.97685],[81.23425,6.97493],[81.23411,6.97445],[81.23406,6.97392],[81.23418,6.97335],[81.23462,6.97182],[81.23473,6.97128],[81.23472,6.9707],[81.23464,6.97023],[81.2347,6.96876],[81.23433,6.96573],[81.2338,6.96526],[81.23297,6.96484],[81.2319,6.96421],[81.23085,6.96407],[81.22943,6.96408],[81.22897,6.96389],[81.2281,6.9634],[81.22633,6.96225],[81.22579,6.96211],[81.22532,6.96204],[81.2248,6.96209],[81.22435,6.96238],[81.22402,6.96276],[81.22366,6.96305],[81.22316,6.96322],[81.22259,6.9631],[81.22216,6.96209],[81.22104,6.96105],[81.22043,6.96063],[81.22028,6.96019],[81.22019,6.9597],[81.22021,6.95923],[81.22034,6.9582],[81.2206,6.95674],[81.22067,6.95525],[81.2209,6.95419],[81.22101,6.95267],[81.22117,6.95216],[81.22198,6.95045],[81.22231,6.9501],[81.22272,6.94982],[81.22321,6.94966],[81.22372,6.9496],[81.2243,6.94958],[81.2253,6.94969],[81.22575,6.94962],[81.22625,6.94945],[81.22675,6.94922],[81.22719,6.94887],[81.22747,6.94843],[81.22755,6.9479],[81.22751,6.94741],[81.22731,6.94687],[81.22645,6.9457],[81.22602,6.94528],[81.22477,6.94461],[81.22432,6.94445],[81.2234,6.94452],[81.22295,6.94444],[81.22244,6.94408],[81.22173,6.94307],[81.22141,6.94275],[81.22099,6.94257],[81.22055,6.94249],[81.22006,6.94248],[81.21905,6.94263],[81.21755,6.94228],[81.21701,6.94231],[81.21604,6.94245],[81.21507,6.94241],[81.21417,6.9425],[81.21365,6.94251],[81.21225,6.94241],[81.21089,6.94247],[81.21037,6.94245],[81.20986,6.94238],[81.2094,6.94225],[81.20895,6.94195],[81.20863,6.94154],[81.20799,6.94087],[81.20713,6.94023],[81.20671,6.9398],[81.20578,6.9384],[81.20432,6.93687],[81.20406,6.93645],[81.20387,6.93603],[81.20373,6.93551],[81.20364,6.93451],[81.20344,6.93407],[81.20306,6.93369],[81.20215,6.93316],[81.2018,6.93285],[81.20171,6.93234],[81.20176,6.93142],[81.20202,6.93097],[81.20313,6.9297],[81.20357,6.92933],[81.20529,6.92807],[81.20617,6.92758],[81.20718,6.92715],[81.20763,6.92686],[81.20782,6.9264],[81.2078,6.92591],[81.20742,6.925],[81.20647,6.92388],[81.20557,6.9226],[81.20516,6.92222],[81.20468,6.92189],[81.20428,6.92163],[81.2038,6.92142],[81.20334,6.92132],[81.2011,6.92104],[81.19896,6.921],[81.19707,6.92082],[81.19608,6.92079],[81.1941,6.92094],[81.19297,6.92115],[81.19129,6.92133],[81.19076,6.9213],[81.18959,6.92136],[81.18859,6.92127],[81.18757,6.92132],[81.18696,6.92126],[81.18648,6.92146],[81.18611,6.92174],[81.1858,6.92207],[81.18559,6.92257],[81.18546,6.92303],[81.18536,6.92399],[81.18476,6.92669],[81.18461,6.92777],[81.18434,6.92864],[81.18393,6.92895],[81.18339,6.92901],[81.18284,6.92882],[81.1821,6.92803],[81.18166,6.92771],[81.18098,6.92705],[81.18058,6.92658],[81.18033,6.92619],[81.17996,6.92519],[81.17986,6.92466],[81.17984,6.9242],[81.17995,6.92313],[81.18026,6.92215],[81.18023,6.9217],[81.17998,6.92122],[81.17953,6.92086],[81.17916,6.92041],[81.17885,6.9199],[81.17877,6.91942],[81.17854,6.91552],[81.17854,6.91208],[81.17841,6.91097],[81.17842,6.90989],[81.17836,6.90942],[81.17827,6.90888],[81.17803,6.9079],[81.17744,6.90638],[81.17699,6.90495],[81.17675,6.90451],[81.17581,6.90318],[81.17545,6.90283],[81.17466,6.90216],[81.17426,6.90189],[81.17285,6.90115],[81.1717,6.90069],[81.17125,6.90055],[81.17077,6.90048],[81.17032,6.90049],[81.16913,6.9007],[81.16863,6.90068],[81.16766,6.90052],[81.16724,6.90025],[81.16701,6.89978],[81.16665,6.89743],[81.16633,6.89704],[81.16587,6.89669],[81.16534,6.89651],[81.16482,6.89641],[81.16432,6.89638],[81.16233,6.89697],[81.16188,6.8969],[81.16141,6.89659],[81.1609,6.89517],[81.16074,6.89416],[81.16059,6.89261],[81.16043,6.89211],[81.15982,6.89129],[81.15916,6.89062],[81.15823,6.89018],[81.1577,6.89008],[81.15706,6.89012],[81.15616,6.89007],[81.15336,6.8894],[81.15286,6.88917],[81.15233,6.88883],[81.15122,6.88792],[81.15082,6.88768],[81.14987,6.88724],[81.14936,6.88715],[81.14874,6.88713],[81.14822,6.88718],[81.14677,6.8871],[81.1458,6.88693],[81.14527,6.88674],[81.14435,6.8862],[81.14268,6.88483],[81.14227,6.88457],[81.14177,6.88432],[81.14068,6.88391],[81.13919,6.88326],[81.13806,6.88294],[81.13649,6.88234],[81.13379,6.88148],[81.13227,6.88083],[81.13087,6.88044],[81.12943,6.87987],[81.12898,6.87953],[81.12867,6.8792],[81.12839,6.87884],[81.12779,6.87768],[81.12741,6.87739],[81.12698,6.87712],[81.12531,6.87623],[81.12401,6.87529],[81.12357,6.87506],[81.12267,6.87468],[81.1222,6.87438],[81.12115,6.87346],[81.12025,6.87289],[81.11978,6.87277],[81.11921,6.8727],[81.11873,6.87279],[81.11844,6.87314],[81.118,6.87334],[81.116,6.87368],[81.11501,6.87341],[81.11404,6.87346],[81.11326,6.87336],[81.11257,6.87258],[81.11174,6.87109],[81.11055,6.86869],[81.10996,6.86704],[81.10944,6.86538],[81.10949,6.86455],[81.10966,6.86375],[81.10996,6.86325],[81.11274,6.86274],[81.11419,6.86291],[81.11568,6.86257],[81.11662,6.86249],[81.11708,6.8624],[81.11755,6.86223],[81.11796,6.86197],[81.11826,6.86162],[81.11895,6.86027],[81.12043,6.85867],[81.12084,6.85815],[81.12108,6.85772],[81.12138,6.85731],[81.1218,6.85702],[81.12247,6.85632],[81.123,6.85536],[81.12368,6.85453],[81.12467,6.8535],[81.12571,6.85268],[81.12612,6.85244],[81.12807,6.85168],[81.12955,6.85098],[81.13035,6.85052],[81.1307,6.85016],[81.13205,6.8485],[81.13294,6.84788],[81.13323,6.84742],[81.13341,6.84693],[81.13371,6.846],[81.13414,6.84434],[81.1347,6.84333],[81.13535,6.84258],[81.13666,6.8418],[81.13753,6.84134],[81.13787,6.84103],[81.13816,6.84045],[81.13813,6.83994],[81.13794,6.83948],[81.13743,6.83871],[81.13702,6.83829],[81.13505,6.83672],[81.13427,6.83602],[81.13156,6.8333],[81.13072,6.83294],[81.12982,6.83269],[81.12886,6.83249],[81.12791,6.83241],[81.12684,6.83226],[81.1258,6.83206],[81.12527,6.83191],[81.12362,6.83136],[81.12012,6.82975],[81.11856,6.82926],[81.11806,6.82914],[81.11752,6.82907],[81.11642,6.82907],[81.11494,6.82899],[81.11355,6.82883],[81.11282,6.82921],[81.11054,6.83023],[81.10972,6.83044],[81.10892,6.83058],[81.10809,6.83084],[81.10727,6.83092],[81.10554,6.83086],[81.10375,6.83067],[81.10288,6.83045],[81.1021,6.83013],[81.1014,6.82973],[81.10066,6.82923],[81.09982,6.8288],[81.09815,6.82832],[81.09728,6.82832],[81.09659,6.82791],[81.09612,6.82711],[81.09602,6.82631],[81.09576,6.82547],[81.09502,6.82511],[81.09441,6.82459],[81.09408,6.82387],[81.09419,6.82304],[81.09454,6.82232],[81.09501,6.82166],[81.09515,6.82077],[81.09509,6.81826],[81.09501,6.81741],[81.09532,6.81661],[81.09628,6.81527],[81.09889,6.81247],[81.09862,6.8119],[81.09788,6.81156],[81.09695,6.81157],[81.09498,6.80988],[81.0943,6.80941],[81.09356,6.80907],[81.0919,6.80877],[81.09115,6.8084],[81.09039,6.80809],[81.08962,6.80783],[81.08871,6.80744],[81.08783,6.80716],[81.08698,6.80706],[81.08615,6.80707],[81.08528,6.80754],[81.08465,6.80804],[81.08405,6.80859],[81.08345,6.80937],[81.0833,6.81015],[81.0827,6.81097],[81.08224,6.81178],[81.08187,6.81257],[81.08138,6.81325],[81.08073,6.81374],[81.08,6.81413],[81.07914,6.81409],[81.07834,6.8139],[81.07751,6.81363],[81.07663,6.81325],[81.0758,6.81309],[81.07524,6.81306],[81.07397,6.81318],[81.07241,6.81368],[81.07155,6.814],[81.06987,6.81437],[81.06907,6.81448],[81.06731,6.81443],[81.0664,6.81431],[81.06577,6.81374],[81.06551,6.81299],[81.06536,6.81221],[81.06519,6.81124],[81.06503,6.80951],[81.06485,6.80872],[81.06476,6.80701],[81.06481,6.80615],[81.06477,6.80438],[81.06459,6.80185],[81.06448,6.80104],[81.064,6.79848],[81.06356,6.79589],[81.06326,6.79339],[81.06324,6.79257],[81.0635,6.79084],[81.06363,6.78911],[81.06352,6.7883],[81.06325,6.78754],[81.06285,6.7867],[81.06206,6.78514],[81.06123,6.78362],[81.06111,6.78282],[81.06119,6.78203],[81.0614,6.78119],[81.06165,6.78042],[81.06198,6.77959],[81.06217,6.77877],[81.0628,6.77684],[81.06313,6.77601],[81.0634,6.77511],[81.06393,6.7725],[81.06433,6.76964],[81.06452,6.76783],[81.06455,6.76527],[81.06466,6.76353],[81.06484,6.76176],[81.06463,6.7608],[81.06425,6.75996],[81.06368,6.75936],[81.06213,6.75838],[81.05995,6.75686],[81.05936,6.75619],[81.05836,6.75474],[81.05794,6.75403],[81.05756,6.75324],[81.0571,6.75255],[81.05603,6.75117],[81.05456,6.74887],[81.05374,6.74723],[81.05355,6.74639],[81.05356,6.74475],[81.0534,6.7437],[81.05334,6.74285],[81.05271,6.74126],[81.05188,6.73979],[81.05152,6.73905],[81.05161,6.73815],[81.052,6.73725],[81.05241,6.73649],[81.05301,6.73583],[81.05369,6.73534],[81.0544,6.73491],[81.05516,6.73465],[81.05604,6.73453],[81.05855,6.73506],[81.05933,6.73544],[81.06002,6.73586],[81.06075,6.73649],[81.06139,6.73697],[81.06227,6.7372],[81.06307,6.73725],[81.06551,6.73628],[81.06635,6.73615],[81.06714,6.73641],[81.06852,6.73733],[81.06932,6.7375],[81.07017,6.73755],[81.07106,6.73747],[81.07194,6.73712],[81.07275,6.73664],[81.07349,6.73612],[81.07651,6.73355],[81.07887,6.73199],[81.08053,6.73101],[81.08385,6.7293],[81.08457,6.72884],[81.08499,6.72802],[81.08483,6.7272],[81.08442,6.72634],[81.08395,6.72566],[81.08331,6.72494],[81.0819,6.72364],[81.0813,6.72302],[81.08043,6.72151],[81.07964,6.71981],[81.07928,6.71882],[81.07907,6.71794],[81.07849,6.7163],[81.0789,6.71169],[81.07875,6.70911],[81.07842,6.70813],[81.078,6.70734],[81.07727,6.70659],[81.07659,6.70611],[81.07475,6.70548],[81.07389,6.70511],[81.07211,6.70465],[81.07143,6.70424],[81.07079,6.70366],[81.0694,6.70257],[81.06846,6.70206],[81.06753,6.70166],[81.0658,6.70107],[81.06508,6.70057],[81.06474,6.69982],[81.0645,6.69901],[81.06433,6.69806],[81.06433,6.6962],[81.06386,6.6926],[81.06391,6.69165],[81.06398,6.68706],[81.06378,6.68621],[81.06366,6.68532],[81.06345,6.68434],[81.06349,6.68338],[81.0637,6.68164],[81.06353,6.68081],[81.06349,6.67737],[81.06334,6.67564],[81.06299,6.67276],[81.06297,6.67193],[81.06287,6.67101],[81.06259,6.66929],[81.06253,6.66849],[81.06225,6.66685],[81.06213,6.66586],[81.06199,6.66403],[81.06197,6.66149],[81.06184,6.65893],[81.06161,6.65796],[81.0615,6.65707],[81.0615,6.65615],[81.06131,6.65529],[81.06118,6.65418],[81.06102,6.6525],[81.06098,6.65154],[81.06105,6.65069],[81.06106,6.64687],[81.06121,6.64584],[81.06127,6.64493],[81.06139,6.64413],[81.06159,6.64326],[81.06197,6.64244],[81.06244,6.64173],[81.06328,6.63998],[81.06374,6.63914],[81.06418,6.63826],[81.06446,6.63751],[81.06461,6.6367],[81.06468,6.63398],[81.06483,6.63317],[81.06537,6.63243],[81.06602,6.63181],[81.06887,6.62931],[81.07149,6.62692],[81.07339,6.62497],[81.07549,6.62303],[81.07761,6.62155],[81.07921,6.62028],[81.07997,6.61979],[81.08145,6.61898],[81.08212,6.61855],[81.08361,6.6174],[81.0842,6.61687],[81.08478,6.61612],[81.08521,6.61527],[81.08542,6.6145],[81.08535,6.61369],[81.08548,6.6129],[81.0862,6.61122],[81.08637,6.61043],[81.08622,6.60963],[81.08539,6.60927],[81.08454,6.60929],[81.08374,6.60947],[81.08287,6.60976],[81.08206,6.6102],[81.08139,6.6107],[81.08064,6.61109],[81.07801,6.61173],[81.07725,6.61143],[81.07638,6.61118],[81.07558,6.61074],[81.07501,6.61016],[81.07435,6.6096],[81.07294,6.60854],[81.07165,6.60739],[81.07033,6.60598],[81.06945,6.60531],[81.06861,6.60476],[81.06721,6.60367],[81.06653,6.60278],[81.06594,6.60223],[81.06428,6.60096],[81.06291,6.59976],[81.06223,6.59924],[81.06164,6.59838],[81.06134,6.59754],[81.0612,6.59674],[81.0611,6.59592],[81.06113,6.59503],[81.06128,6.59314],[81.06127,6.59218],[81.06122,6.59134],[81.06108,6.59037],[81.06059,6.58769],[81.06058,6.58689],[81.06069,6.58599],[81.0613,6.58353],[81.06143,6.58268],[81.0617,6.58175],[81.06201,6.58097],[81.06245,6.57938],[81.06242,6.57847],[81.06161,6.57812],[81.06076,6.57843],[81.0601,6.57896],[81.05904,6.58037],[81.05875,6.58118],[81.05801,6.58163],[81.0571,6.58187],[81.05544,6.58262],[81.05468,6.58305],[81.05388,6.58335],[81.0531,6.58347],[81.0503,6.58351],[81.04952,6.58365],[81.04871,6.58401],[81.048,6.58449],[81.0474,6.58503],[81.04663,6.58552],[81.04488,6.58621],[81.04416,6.58678],[81.04379,6.5875],[81.04327,6.58816],[81.04182,6.58912],[81.04145,6.58998],[81.04077,6.59061],[81.04002,6.59007],[81.03961,6.58931],[81.039,6.58845],[81.03776,6.58694],[81.03712,6.58622],[81.03639,6.58557],[81.03568,6.58514],[81.03378,6.58355],[81.03335,6.58259],[81.03306,6.58164],[81.03252,6.58084],[81.03112,6.57964],[81.03019,6.57813],[81.0296,6.57742],[81.02832,6.57613],[81.02697,6.57493],[81.02631,6.5744],[81.02555,6.5739],[81.02508,6.57323],[81.02491,6.57234],[81.02505,6.57144],[81.02525,6.57066],[81.02564,6.56988],[81.0263,6.56823],[81.0263,6.56733],[81.02597,6.56655],[81.02538,6.56591],[81.0248,6.56512],[81.02474,6.56432],[81.02484,6.56345],[81.02544,6.56192],[81.02559,6.56107],[81.02558,6.56021],[81.02509,6.55865],[81.02445,6.557],[81.02393,6.55376],[81.02374,6.55214],[81.02361,6.55038],[81.02353,6.54557],[81.02339,6.54369],[81.02274,6.54217],[81.02177,6.54339],[81.02071,6.54452],[81.01971,6.54577],[81.01888,6.54727],[81.01833,6.54897],[81.01767,6.55051],[81.01654,6.55171],[81.01523,6.55265],[81.01407,6.5537],[81.01302,6.55503],[81.01121,6.55769],[81.00906,6.55879],[81.00865,6.56041],[81.00836,6.56118],[81.00787,6.56183],[81.00653,6.56301],[81.00575,6.56345],[81.00511,6.56404],[81.00415,6.5656],[81.00355,6.5662],[81.00277,6.56675],[81.0019,6.56721],[81.00107,6.56773],[81.00056,6.5684],[80.99979,6.5708],[80.99945,6.5716],[80.999,6.57242],[80.99835,6.57297],[80.99754,6.57342],[80.99663,6.57382],[80.99598,6.57428],[80.99564,6.5751],[80.99545,6.57595],[80.99539,6.57678],[80.99573,6.57853],[80.99578,6.57946],[80.99602,6.58038],[80.99735,6.58399],[80.99811,6.587],[80.99875,6.58906],[80.99891,6.58993],[80.99887,6.59082],[80.99757,6.59409],[80.99732,6.59489],[80.99688,6.59577],[80.9964,6.59657],[80.99549,6.59837],[80.99494,6.59923],[80.99493,6.60025],[80.99548,6.60188],[80.99622,6.60366],[80.99662,6.60437],[80.99771,6.60602],[80.99822,6.60672],[80.99871,6.6075],[80.99938,6.60912],[80.99967,6.61009],[80.9999,6.61087],[81.00008,6.61176],[81.00019,6.61263],[81.00008,6.61347],[80.99976,6.61428],[80.9993,6.61503],[80.99862,6.61574],[80.99799,6.6163],[80.99652,6.6174],[80.9958,6.61801],[80.99515,6.61847],[80.99204,6.62022],[80.99093,6.62059],[80.99004,6.62063],[80.98931,6.62029],[80.98868,6.61967],[80.9878,6.61935],[80.98698,6.61953],[80.98615,6.61979],[80.9852,6.61981],[80.98433,6.61956],[80.98365,6.61906],[80.983,6.61841],[80.98131,6.61626],[80.98041,6.61617],[80.97968,6.6165],[80.97903,6.61705],[80.97803,6.61845],[80.97761,6.61924],[80.97729,6.62021],[80.97692,6.62109],[80.97676,6.62195],[80.97674,6.62283],[80.97731,6.62478],[80.9779,6.62647],[80.97825,6.62732],[80.979,6.63006],[80.97954,6.63264],[80.97953,6.63354],[80.97965,6.63439],[80.97963,6.6353],[80.97944,6.63632],[80.97855,6.63988],[80.97823,6.6409],[80.97728,6.64353],[80.9769,6.64428],[80.9764,6.64499],[80.97569,6.64587],[80.97511,6.64646],[80.97361,6.64751],[80.9722,6.64867],[80.97083,6.64966],[80.97022,6.6503],[80.96989,6.65111],[80.96966,6.65221],[80.96969,6.65313],[80.96961,6.654],[80.96893,6.65446],[80.96796,6.65453],[80.96609,6.6537],[80.96441,6.65282],[80.96281,6.65223],[80.96173,6.65201],[80.96078,6.6519],[80.9597,6.65179],[80.95875,6.6518],[80.9578,6.65202],[80.95621,6.6531],[80.95531,6.65332],[80.95464,6.65379],[80.95343,6.65516],[80.95297,6.65588],[80.95262,6.6569],[80.95258,6.65772],[80.95299,6.65943],[80.9533,6.66027],[80.95354,6.66111],[80.95368,6.66194],[80.95357,6.66288],[80.95341,6.66374],[80.9533,6.6648],[80.95299,6.66572],[80.95258,6.66758],[80.95258,6.66936],[80.95243,6.67021],[80.95222,6.67111],[80.9519,6.67187],[80.95138,6.67257],[80.95081,6.67316],[80.95023,6.67369],[80.94942,6.67423],[80.94768,6.67496],[80.94678,6.67521],[80.94586,6.67541],[80.94481,6.67561],[80.94392,6.67571],[80.94314,6.67592],[80.94135,6.67665],[80.94067,6.67712],[80.94001,6.67788],[80.93961,6.67867],[80.93946,6.67959],[80.93958,6.68048],[80.93981,6.68128],[80.94015,6.68287],[80.94076,6.68468],[80.94097,6.68545],[80.941,6.68638],[80.94089,6.68718],[80.94081,6.68888],[80.94063,6.68969],[80.94008,6.69041],[80.93939,6.69089],[80.93859,6.69108],[80.93756,6.69111],[80.93462,6.69065],[80.93354,6.69067],[80.93264,6.69083],[80.931,6.69121],[80.93015,6.69135],[80.92945,6.69095],[80.92881,6.69036],[80.92829,6.68974],[80.92779,6.68899],[80.92802,6.68757],[80.92809,6.68676],[80.92781,6.68622],[80.92733,6.68585],[80.92672,6.68566],[80.92611,6.68557],[80.92552,6.68539],[80.92499,6.68508],[80.92451,6.68468],[80.9241,6.68424],[80.92374,6.68376],[80.92341,6.68322],[80.92323,6.68263],[80.92295,6.68211],[80.92224,6.68107],[80.92179,6.68065],[80.9207,6.67999],[80.92014,6.6796],[80.91969,6.67921],[80.91922,6.67871],[80.91883,6.67821],[80.91776,6.67658],[80.91704,6.67557],[80.91666,6.67506],[80.9162,6.67459],[80.9152,6.67382],[80.91411,6.6732],[80.91357,6.67282],[80.91311,6.67237],[80.91269,6.67185],[80.91243,6.67129],[80.91227,6.67071],[80.91223,6.67004],[80.91234,6.66818],[80.91228,6.66758],[80.91209,6.66689],[80.91174,6.66628],[80.9114,6.6658],[80.91037,6.66498],[80.90994,6.66456],[80.90954,6.66408],[80.90885,6.66302],[80.90858,6.66247],[80.90842,6.66189],[80.90823,6.66062],[80.90804,6.66006],[80.90769,6.65958],[80.9071,6.65846],[80.90698,6.65784],[80.90715,6.65725],[80.90756,6.65608],[80.90756,6.65545],[80.90739,6.65479],[80.90715,6.65422],[80.9068,6.65374],[80.90639,6.6533],[80.90481,6.65216],[80.90432,6.6517],[80.9037,6.65063],[80.90361,6.64939],[80.90362,6.64879],[80.90401,6.6483],[80.9045,6.64793],[80.90504,6.64762],[80.90535,6.64712],[80.90541,6.64648],[80.90493,6.64396],[80.90466,6.64142],[80.90451,6.64083],[80.90426,6.64019],[80.90398,6.63955],[80.90362,6.63899],[80.9024,6.63759],[80.90191,6.63721],[80.90131,6.63705],[80.90068,6.63703],[80.89886,6.63737],[80.89826,6.63742],[80.89776,6.63702],[80.89734,6.63657],[80.897,6.63605],[80.89657,6.63558],[80.89609,6.63514],[80.89559,6.63477],[80.89506,6.63448],[80.89387,6.63414],[80.89336,6.63382],[80.89258,6.63278],[80.89204,6.6324],[80.8915,6.63214],[80.89096,6.6318],[80.89052,6.63139],[80.89022,6.63081],[80.88993,6.62953],[80.88973,6.62895],[80.88941,6.62843],[80.88898,6.62795],[80.88851,6.62753],[80.88821,6.62697],[80.88801,6.62576],[80.88798,6.62517],[80.88767,6.62395],[80.88743,6.62338],[80.8867,6.6223],[80.88639,6.62169],[80.88615,6.62108],[80.88581,6.61924],[80.88556,6.61867],[80.88522,6.61816],[80.88477,6.61765],[80.88431,6.61724],[80.8841,6.61669],[80.88257,6.61467],[80.8817,6.61371],[80.88119,6.61329],[80.88014,6.61257],[80.87959,6.61226],[80.87901,6.61203],[80.87775,6.61165],[80.8771,6.61158],[80.87648,6.61145],[80.87595,6.61117],[80.8756,6.61063],[80.87553,6.60999],[80.87589,6.60947],[80.87784,6.60788],[80.87822,6.6074],[80.87844,6.60679],[80.87858,6.60616],[80.87853,6.60549],[80.87835,6.6049],[80.87799,6.6043],[80.87722,6.60335],[80.87633,6.60246],[80.87593,6.60195],[80.87569,6.60139],[80.87564,6.60077],[80.87576,6.60019],[80.87611,6.59899],[80.87645,6.59834],[80.87667,6.59772],[80.87687,6.59645],[80.87687,6.59579],[80.87675,6.59451],[80.87663,6.59389],[80.87638,6.59334],[80.87603,6.59283],[80.87546,6.59264],[80.87485,6.59265],[80.87421,6.5928],[80.87351,6.59301],[80.87231,6.59348],[80.87165,6.59367],[80.87103,6.59374],[80.8704,6.59369],[80.86989,6.59337],[80.86961,6.59283],[80.86967,6.59221],[80.87003,6.59164],[80.87032,6.59109],[80.87045,6.59048],[80.87035,6.58981],[80.86974,6.58873],[80.8695,6.58818],[80.86937,6.58754],[80.86935,6.58694],[80.86954,6.58631],[80.87107,6.58529],[80.87157,6.58486],[80.87201,6.58434],[80.87231,6.58378],[80.8725,6.58318],[80.87251,6.58255],[80.87246,6.58192],[80.87224,6.58135],[80.87184,6.58089],[80.87134,6.58055],[80.8708,6.5803],[80.8702,6.58014],[80.8696,6.58006],[80.86899,6.58004],[80.86843,6.57983],[80.86659,6.57979],[80.86608,6.57935],[80.86584,6.57879],[80.86601,6.5782],[80.86625,6.5776],[80.86678,6.57649],[80.86699,6.57583],[80.86709,6.57522],[80.86711,6.57458],[80.86695,6.57396],[80.86666,6.57342],[80.86629,6.57294],[80.86542,6.57207],[80.86501,6.57156],[80.86472,6.57096],[80.86434,6.56978],[80.8639,6.56722],[80.86349,6.56602],[80.86299,6.56484],[80.86196,6.56324],[80.86138,6.56216],[80.86114,6.56163],[80.8608,6.5604],[80.86171,6.55887],[80.86279,6.55777],[80.86349,6.55634],[80.86322,6.55461],[80.86389,6.55302],[80.86411,6.55129],[80.8636,6.54967],[80.86263,6.54822],[80.86156,6.54695],[80.86089,6.54554],[80.86011,6.54421],[80.85917,6.54297],[80.85844,6.54151],[80.85806,6.5399],[80.85715,6.53676],[80.85619,6.53546],[80.85477,6.53458],[80.85378,6.53334],[80.85364,6.53177],[80.85251,6.53041],[80.84875,6.52839],[80.84761,6.52673],[80.84637,6.52563],[80.84588,6.52402],[80.84295,6.51992],[80.84187,6.51862],[80.84047,6.51763],[80.83943,6.51637],[80.83961,6.51476],[80.83939,6.51315],[80.83863,6.51167],[80.83771,6.51042],[80.8367,6.50922],[80.83531,6.50787],[80.83453,6.5067],[80.83286,6.50377],[80.83265,6.50214],[80.83259,6.50056],[80.83216,6.49897],[80.83119,6.49752],[80.8288,6.49311],[80.82813,6.49166],[80.82784,6.49011],[80.82909,6.48908],[80.83057,6.48835],[80.83093,6.48678],[80.8308,6.48523],[80.83061,6.48369],[80.83081,6.48214],[80.83144,6.48063],[80.832,6.4791],[80.83206,6.47739],[80.83244,6.47572],[80.83339,6.4744],[80.83415,6.47295],[80.83498,6.47163],[80.83565,6.4702],[80.83646,6.46868],[80.83726,6.46733],[80.83789,6.46587],[80.83818,6.4641],[80.83834,6.46248],[80.83873,6.46072],[80.83961,6.45938],[80.84073,6.45812],[80.84209,6.4573],[80.84307,6.45608],[80.8431,6.45451],[80.84238,6.45304],[80.84109,6.45193],[80.83988,6.45074],[80.83931,6.44929],[80.83931,6.44774],[80.83968,6.44622],[80.84035,6.44482],[80.84078,6.44324],[80.84035,6.44162],[80.83874,6.44149],[80.8372,6.44179],[80.83621,6.44046],[80.83674,6.43892],[80.83961,6.43754],[80.84252,6.43552],[80.84276,6.43395],[80.84182,6.43252],[80.84063,6.43139],[80.83931,6.43027],[80.83843,6.42874],[80.83795,6.42695],[80.83819,6.42541],[80.83835,6.42375],[80.83858,6.42212],[80.83936,6.42062],[80.84062,6.41936],[80.84191,6.41826],[80.84268,6.41688],[80.84317,6.4138],[80.84365,6.41221],[80.84405,6.41062],[80.84434,6.40883],[80.84441,6.40704],[80.84409,6.40545],[80.84326,6.40406],[80.84169,6.40401],[80.84011,6.40443],[80.83897,6.40332],[80.83879,6.40174],[80.83977,6.40052],[80.84103,6.39941],[80.84307,6.39659],[80.84412,6.39539],[80.8451,6.39416],[80.84602,6.39266],[80.84649,6.39091],[80.84649,6.38775],[80.84721,6.38618],[80.84879,6.38532],[80.8503,6.3848],[80.8518,6.38434],[80.85323,6.38358],[80.854,6.38199],[80.85437,6.38036],[80.85442,6.37873],[80.85431,6.37694],[80.85464,6.37539],[80.85546,6.37407],[80.85681,6.37304],[80.85824,6.37227],[80.86125,6.37094],[80.86251,6.36975],[80.86299,6.36817],[80.86326,6.36659],[80.86347,6.36502],[80.86429,6.3635],[80.86496,6.36201],[80.86521,6.35876],[80.86539,6.35698],[80.86678,6.3558],[80.86854,6.35576],[80.87015,6.35613],[80.87179,6.35643],[80.87334,6.35621],[80.8748,6.35548],[80.87613,6.35467],[80.87768,6.35424],[80.88107,6.35382],[80.88259,6.35348],[80.88421,6.3529],[80.88561,6.35223],[80.88738,6.3518],[80.88923,6.35179],[80.89085,6.35132],[80.89228,6.35054],[80.89386,6.34993],[80.89542,6.34963],[80.89701,6.34926],[80.89844,6.34852],[80.89939,6.34719],[80.90034,6.34572],[80.90148,6.34465],[80.90297,6.34385],[80.90314,6.34208],[80.9026,6.3405],[80.90215,6.33897],[80.9024,6.33735],[80.90347,6.33616],[80.90504,6.33508],[80.90821,6.33383],[80.90927,6.33256],[80.90914,6.33093],[80.90833,6.32958],[80.9071,6.32863],[80.90602,6.32739],[80.90576,6.32564],[80.90607,6.32374],[80.90656,6.32203],[80.90753,6.32073],[80.9088,6.31949],[80.90994,6.31844],[80.91098,6.31725],[80.91283,6.31461],[80.91345,6.31313],[80.91458,6.31007],[80.91532,6.30872],[80.91621,6.3073],[80.91695,6.30593],[80.91756,6.30433],[80.91839,6.30159],[80.91922,6.30015],[80.92012,6.2984],[80.92139,6.29647],[80.92202,6.29682],[80.92278,6.29737],[80.92354,6.29877],[80.92457,6.30004],[80.92724,6.30182],[80.92804,6.30203],[80.92917,6.30335],[80.93074,6.30355],[80.9324,6.30352],[80.93378,6.30426],[80.93507,6.30511],[80.93662,6.30525],[80.93815,6.30596],[80.94079,6.30796],[80.94228,6.30837],[80.94384,6.30917],[80.94527,6.31003],[80.94702,6.31018],[80.94857,6.31008],[80.95026,6.31066],[80.95173,6.31132],[80.95333,6.31221],[80.95467,6.31302],[80.95606,6.31372],[80.95934,6.31616],[80.96092,6.31715],[80.96385,6.31878],[80.9653,6.31967],[80.96636,6.32081],[80.9668,6.32249],[80.96696,6.32418],[80.96795,6.32539],[80.96964,6.32539],[80.9713,6.32602],[80.97303,6.32661],[80.97468,6.32655],[80.97634,6.32624],[80.97797,6.32667],[80.97929,6.32748],[80.98089,6.32783],[80.98252,6.32831],[80.98388,6.32905],[80.98504,6.33007],[80.98646,6.33097],[80.98807,6.33167],[80.98953,6.33248],[80.99091,6.33337],[80.99239,6.334],[80.99388,6.33446],[80.99544,6.33479],[80.99699,6.33484],[80.99867,6.335],[81.00017,6.3358],[81.00144,6.33683],[81.00326,6.33775],[81.00494,6.33804],[81.00666,6.33848],[81.00818,6.33912],[81.00961,6.34012],[81.01073,6.34138],[81.01222,6.34212],[81.01546,6.34317],[81.01684,6.34386],[81.01817,6.3447],[81.01906,6.34603],[81.01978,6.35266],[81.02012,6.35426],[81.0211,6.35588],[81.02205,6.35721],[81.02255,6.35892],[81.0218,6.36039],[81.02073,6.36152],[81.01967,6.36296],[81.01853,6.36607],[81.01699,6.36635],[81.01553,6.3671],[81.01504,6.3687],[81.01346,6.3691],[81.01183,6.3685],[81.01028,6.36801],[81.00869,6.36803],[81.00746,6.36918],[81.00709,6.37069],[81.00712,6.37248],[81.00726,6.37403],[81.0071,6.37564],[81.00683,6.37724],[81.00674,6.37885],[81.00704,6.38036],[81.00826,6.38142],[81.00882,6.38291],[81.00843,6.38449],[81.00818,6.38616],[81.00827,6.38778],[81.00896,6.38932],[81.01015,6.39054],[81.01115,6.39193],[81.01174,6.39352],[81.01186,6.39514],[81.01323,6.396],[81.01485,6.39599],[81.01996,6.39494],[81.0215,6.39449],[81.02319,6.39414],[81.02502,6.39415],[81.02669,6.39409],[81.02808,6.39335],[81.02979,6.39321],[81.03134,6.39357],[81.03288,6.39337],[81.03423,6.3924],[81.03548,6.3914],[81.03702,6.3913],[81.03789,6.39261],[81.03878,6.39425],[81.04103,6.39691],[81.04211,6.39806],[81.04324,6.39916],[81.04457,6.40034],[81.04582,6.40154],[81.04686,6.40285],[81.04774,6.40409],[81.04944,6.4068],[81.04972,6.40846],[81.0495,6.41016],[81.04907,6.41168],[81.04875,6.41335],[81.04985,6.4146],[81.0509,6.41593],[81.05123,6.41745],[81.05033,6.41893],[81.04943,6.42022],[81.04907,6.42178],[81.05062,6.42205],[81.05104,6.42057],[81.05178,6.41921],[81.05273,6.4179],[81.05341,6.41642],[81.05455,6.41529],[81.05605,6.41466],[81.0576,6.41381],[81.05891,6.41277],[81.06009,6.41166],[81.06161,6.41132],[81.06302,6.41194],[81.06434,6.41288],[81.06575,6.4135],[81.06729,6.41389],[81.06731,6.41552],[81.06771,6.41702],[81.06874,6.41818],[81.06997,6.41932],[81.07078,6.42066],[81.07045,6.42227],[81.07091,6.4238],[81.07384,6.42249],[81.07549,6.42294],[81.07709,6.42346],[81.07871,6.42419],[81.08037,6.42426],[81.08215,6.42391],[81.08382,6.42381],[81.08562,6.42395],[81.08727,6.42414],[81.0891,6.42413],[81.09076,6.4237],[81.09267,6.42313],[81.09429,6.42258],[81.09712,6.42075],[81.09836,6.41966],[81.09972,6.41857],[81.10124,6.41829],[81.10274,6.41897],[81.10417,6.41967],[81.10563,6.42016],[81.1072,6.42018],[81.10893,6.42069],[81.11049,6.42093],[81.11209,6.42088],[81.11369,6.42076],[81.11407,6.42035],[81.11545,6.42054],[81.11817,6.4203],[81.11945,6.42051],[81.12079,6.42084],[81.12216,6.42098],[81.12348,6.42076],[81.12487,6.4206],[81.12622,6.42055],[81.1276,6.42044],[81.12885,6.42073],[81.13013,6.42114],[81.13166,6.4213],[81.13425,6.42123],[81.13555,6.42135],[81.13687,6.42106],[81.13756,6.41996],[81.13794,6.41862],[81.13808,6.41717],[81.13792,6.41583],[81.13784,6.41442],[81.13856,6.41326],[81.13958,6.41221],[81.14071,6.4115],[81.14167,6.41064],[81.14227,6.40947],[81.14249,6.40818],[81.14227,6.40551],[81.14265,6.40419],[81.14343,6.4028],[81.14404,6.4016],[81.1443,6.40019],[81.14434,6.39889],[81.14462,6.39753],[81.14546,6.3965],[81.14676,6.39651],[81.14751,6.39758],[81.14785,6.3989],[81.14906,6.39935],[81.1498,6.39959],[81.15059,6.39966],[81.15204,6.39903],[81.15315,6.39801],[81.15375,6.39669],[81.15355,6.39529],[81.15424,6.3939],[81.15555,6.39308],[81.15689,6.39257],[81.15838,6.39249],[81.15969,6.39287],[81.16099,6.39351],[81.16246,6.39353],[81.16381,6.39303],[81.16486,6.39245],[81.1661,6.39285],[81.16681,6.39372],[81.16659,6.39544],[81.16698,6.39616],[81.16866,6.39691],[81.16952,6.39891],[81.17021,6.40013],[81.17014,6.4015],[81.17011,6.40282],[81.17138,6.40328],[81.17266,6.40313],[81.17539,6.403],[81.17668,6.40319],[81.17788,6.40396],[81.17892,6.40494],[81.18011,6.4059],[81.18141,6.40627],[81.1829,6.40598],[81.18427,6.40548],[81.18553,6.40484],[81.18665,6.40421],[81.18782,6.40343],[81.1891,6.40271],[81.19022,6.40172],[81.19063,6.40033],[81.19075,6.39756],[81.19103,6.39629],[81.19157,6.395],[81.19229,6.39387],[81.1932,6.39282],[81.19438,6.39221],[81.1956,6.39176],[81.19646,6.39074],[81.19671,6.38803],[81.19747,6.38682],[81.19865,6.38587],[81.19986,6.3853],[81.20338,6.38327],[81.20415,6.38215],[81.20358,6.381],[81.20308,6.37976],[81.20355,6.37841],[81.20553,6.3766],[81.20647,6.3756],[81.20667,6.37415],[81.20697,6.37288],[81.21006,6.36835],[81.21099,6.36721],[81.21283,6.36508],[81.21405,6.36425],[81.21523,6.3637],[81.21642,6.363],[81.21773,6.36235],[81.21901,6.36195],[81.2203,6.36129],[81.2215,6.36052],[81.22364,6.35883],[81.22437,6.35776],[81.22434,6.35637],[81.22393,6.35515],[81.22288,6.35429],[81.22189,6.35327],[81.22113,6.35207],[81.22068,6.35076],[81.22109,6.34952],[81.22204,6.34854],[81.22302,6.34769],[81.2244,6.34547],[81.22558,6.34471],[81.2269,6.34461],[81.22819,6.34489],[81.22967,6.34481],[81.23098,6.34423],[81.23193,6.34329],[81.23289,6.34242],[81.234,6.34175],[81.23531,6.34141],[81.23672,6.34171],[81.23799,6.34217],[81.23931,6.34243],[81.24065,6.34244],[81.24227,6.34253],[81.24441,6.34317],[81.24574,6.34338],[81.24704,6.34295],[81.24838,6.34234],[81.25214,6.34098],[81.25352,6.34084],[81.25468,6.34165],[81.25675,6.34371],[81.25781,6.34449],[81.25914,6.345],[81.26048,6.34529],[81.26177,6.34551],[81.26307,6.34611],[81.26417,6.34691],[81.26516,6.34782],[81.26717,6.35014],[81.26815,6.35111],[81.26923,6.35187],[81.27158,6.35326],[81.27263,6.35412],[81.2735,6.35507],[81.274,6.35634],[81.27425,6.3578],[81.27461,6.35919],[81.275,6.36041],[81.27516,6.3618],[81.27509,6.36327],[81.27512,6.36489],[81.27546,6.36632],[81.27635,6.36746],[81.27729,6.36844],[81.27842,6.3691],[81.27983,6.36958],[81.2827,6.37035],[81.28401,6.37078],[81.28517,6.37135],[81.28775,6.37251],[81.28909,6.37304],[81.29203,6.37264],[81.29347,6.37264],[81.295,6.37279],[81.29672,6.37314],[81.29802,6.37351],[81.29941,6.374],[81.30173,6.37527],[81.30298,6.37587],[81.30586,6.37681],[81.30865,6.378],[81.30996,6.37862],[81.31247,6.38002],[81.31333,6.379],[81.31454,6.37654],[81.31558,6.37549],[81.31699,6.37533],[81.31817,6.37605],[81.31936,6.37688],[81.32047,6.37756],[81.32145,6.37841],[81.32239,6.37934],[81.32362,6.38034],[81.32489,6.38118],[81.32616,6.38184],[81.32737,6.38229],[81.32856,6.38164],[81.32939,6.38048],[81.3307,6.37991],[81.33206,6.37977],[81.33372,6.37996],[81.33525,6.38021],[81.33656,6.38062],[81.33777,6.38107],[81.34057,6.38222],[81.34181,6.38277],[81.34301,6.3834],[81.34418,6.38412],[81.34661,6.38521],[81.34798,6.38607],[81.34897,6.38705],[81.34989,6.38811],[81.35068,6.38929],[81.35196,6.38975],[81.35335,6.3901],[81.35474,6.39032],[81.35607,6.39022],[81.35747,6.39022],[81.3589,6.39061],[81.3602,6.39091],[81.3646,6.39028],[81.36597,6.39038],[81.36726,6.39057],[81.3683,6.39137],[81.36888,6.39276],[81.36968,6.39404],[81.37102,6.39658],[81.3721,6.39756],[81.37326,6.39811],[81.37462,6.3982],[81.37613,6.39798],[81.37743,6.39766],[81.37879,6.39747],[81.38014,6.39729],[81.38149,6.39728],[81.38399,6.39847],[81.38508,6.39957],[81.38587,6.40077],[81.38648,6.40207],[81.38717,6.40331],[81.38797,6.40459],[81.38853,6.406],[81.38903,6.40747],[81.38966,6.40874],[81.39042,6.40989],[81.39102,6.41126],[81.39172,6.41246],[81.3925,6.4137],[81.39333,6.41469],[81.39483,6.41475],[81.39634,6.4147],[81.39761,6.41451],[81.39875,6.41386],[81.39892,6.41244],[81.39872,6.41113],[81.39874,6.40974],[81.39908,6.40831],[81.39967,6.40708],[81.40078,6.4064],[81.40209,6.40674],[81.40322,6.40742],[81.40465,6.4079],[81.40606,6.40796],[81.40875,6.40794],[81.41017,6.40828],[81.41299,6.40921],[81.41451,6.40918],[81.41728,6.4087],[81.41869,6.40882],[81.41994,6.40924],[81.42032,6.41054],[81.42038,6.41183],[81.42172,6.41201],[81.42322,6.41177],[81.42439,6.41235],[81.42525,6.41337],[81.42598,6.41448],[81.42638,6.41572],[81.42675,6.41706],[81.42757,6.41805],[81.42885,6.41788],[81.42969,6.41689],[81.43099,6.41635],[81.43227,6.41633],[81.43636,6.41676],[81.43682,6.41801],[81.43703,6.41931],[81.43826,6.41991],[81.4397,6.41989],[81.44101,6.41974],[81.44231,6.41947],[81.44378,6.41884],[81.4449,6.41818],[81.44582,6.41703],[81.44704,6.41444],[81.44814,6.41375],[81.4496,6.41341],[81.45117,6.41338],[81.45405,6.41404],[81.45531,6.41365],[81.45676,6.41343],[81.45822,6.41293],[81.45979,6.41294],[81.46102,6.41333],[81.46213,6.41259],[81.46308,6.41147],[81.46397,6.41031],[81.46547,6.40796],[81.46673,6.40713],[81.46805,6.40691],[81.46953,6.40725],[81.47084,6.40767],[81.47208,6.40814],[81.47336,6.40886],[81.47514,6.41089],[81.47665,6.41302],[81.47753,6.41418],[81.47897,6.41661],[81.47962,6.41797],[81.4798,6.41928],[81.47955,6.42066],[81.47949,6.42219],[81.47902,6.42477],[81.47885,6.42617],[81.47837,6.42763],[81.47789,6.42884],[81.47806,6.43014],[81.47777,6.43289],[81.47799,6.4343],[81.4783,6.43556],[81.47853,6.43682],[81.479,6.43812],[81.47914,6.43949],[81.47799,6.44203],[81.47727,6.4433],[81.47676,6.44459],[81.47632,6.44598],[81.47603,6.44741],[81.47624,6.44882],[81.47715,6.44979],[81.4782,6.45073],[81.47907,6.45173],[81.47988,6.45285],[81.48045,6.45414],[81.48131,6.45521],[81.48236,6.45605],[81.48332,6.45691],[81.48419,6.45794],[81.48487,6.45923],[81.4852,6.4605],[81.48576,6.46166],[81.48601,6.46301],[81.48617,6.46429],[81.48616,6.46574],[81.48567,6.46696],[81.48428,6.46708],[81.48309,6.46756],[81.48215,6.46845],[81.48148,6.46964],[81.48041,6.47038],[81.47958,6.47169],[81.47929,6.47309],[81.47967,6.47463],[81.48052,6.47724],[81.48025,6.47884],[81.47949,6.47991],[81.47864,6.48239],[81.47868,6.4837],[81.47837,6.4868],[81.47894,6.48817],[81.47923,6.4895],[81.47958,6.49075],[81.48011,6.49211],[81.48045,6.49335],[81.48121,6.4947],[81.4821,6.49585],[81.48327,6.49674],[81.4846,6.49748],[81.48591,6.49793],[81.48726,6.49799],[81.48821,6.49906],[81.48866,6.50028],[81.4895,6.50138],[81.49037,6.50235],[81.49255,6.50409],[81.49364,6.50485],[81.49511,6.50558],[81.49628,6.50622],[81.50054,6.50965],[81.50211,6.51071],[81.50455,6.51202],[81.50829,6.51423],[81.50951,6.51483],[81.51231,6.51578],[81.5134,6.5162],[81.51455,6.51632],[81.5157,6.51633],[81.51687,6.5164],[81.51742,6.51658],[81.51794,6.5168],[81.51903,6.51713],[81.52157,6.5184],[81.52269,6.51885],[81.5231,6.51923],[81.52399,6.51967],[81.52444,6.52011],[81.52476,6.52056],[81.525,6.52106],[81.5261,6.52365],[81.52641,6.52472],[81.52725,6.52675],[81.52819,6.52881],[81.52988,6.53177],[81.53081,6.53316],[81.53209,6.53507],[81.53245,6.53549],[81.53288,6.53587],[81.53377,6.53654],[81.53522,6.53738],[81.53626,6.53775],[81.53737,6.53795],[81.53792,6.53796],[81.53845,6.53811],[81.53903,6.53815],[81.53959,6.53798],[81.5401,6.53775],[81.5406,6.53748],[81.54153,6.53686],[81.54257,6.53648],[81.54308,6.53624],[81.54479,6.53603],[81.54589,6.53615],[81.54694,6.53645],[81.54823,6.53753],[81.54945,6.53886],[81.55017,6.53976],[81.55228,6.54191],[81.554,6.54339],[81.55525,6.54464],[81.55612,6.54566],[81.55646,6.54614],[81.55671,6.5466],[81.55706,6.54705],[81.55744,6.54744],[81.5582,6.54803],[81.55863,6.54857],[81.55945,6.54931],[81.56026,6.55017],[81.56099,6.55106],[81.56156,6.55161],[81.5633,6.55315],[81.56462,6.55416],[81.56523,6.55451],[81.56562,6.55466],[81.56634,6.5547],[81.56783,6.55444],[81.56953,6.55347],[81.57114,6.55272],[81.57304,6.55206],[81.57439,6.55171],[81.57656,6.55124],[81.57766,6.55109],[81.57838,6.55088],[81.57954,6.55065],[81.5803,6.55067],[81.58109,6.55076],[81.58179,6.55091],[81.58214,6.5511],[81.58274,6.55151],[81.58329,6.55196],[81.58462,6.55314],[81.58514,6.55379],[81.58625,6.55494],[81.5867,6.55551],[81.58744,6.55672],[81.58765,6.55742],[81.58784,6.55853],[81.58793,6.55969],[81.58817,6.56032],[81.58872,6.56084],[81.59056,6.56183],[81.59135,6.56206],[81.59205,6.56218],[81.59315,6.56254],[81.5936,6.56259],[81.59428,6.5625],[81.59497,6.56221],[81.59627,6.56149],[81.59691,6.56127],[81.59785,6.56112],[81.59902,6.56106],[81.59972,6.56127],[81.60039,6.56172],[81.60094,6.5622],[81.60137,6.56274],[81.60191,6.56371],[81.60291,6.56608],[81.60386,6.5671],[81.60422,6.56765],[81.60487,6.5688],[81.60514,6.56948],[81.60567,6.57129],[81.60643,6.57312],[81.60667,6.57382],[81.60777,6.57817],[81.60831,6.58004]]]}},{"type":"Feature","properties":{"slug":"polonnaruwa","name":"Polonnaruwa","district_id":21,"iso":"LK-72"},"geometry":{"type":"Polygon","coordinates":[[[81.24133,7.73911],[81.24086,7.74077],[81.23985,7.74264],[81.23771,7.74632],[81.23713,7.74841],[81.23681,7.75054],[81.23603,7.75468],[81.23597,7.7555],[81.23596,7.7568],[81.2374,7.7584],[81.2374,7.7588],[81.23747,7.76049],[81.23635,7.76229],[81.23577,7.76438],[81.23489,7.76637],[81.23308,7.76754],[81.23172,7.76912],[81.23068,7.77096],[81.22902,7.77495],[81.22833,7.77695],[81.22745,7.7789],[81.22702,7.78097],[81.22707,7.78307],[81.22754,7.78511],[81.22839,7.78707],[81.22853,7.78915],[81.22875,7.79128],[81.22997,7.79301],[81.22996,7.79511],[81.22942,7.79715],[81.22927,7.79928],[81.22956,7.80136],[81.2287,7.80332],[81.22745,7.80501],[81.22786,7.80709],[81.22708,7.80903],[81.22642,7.81103],[81.22652,7.81313],[81.22649,7.81523],[81.22582,7.8194],[81.22518,7.82138],[81.22496,7.8235],[81.22611,7.82523],[81.22696,7.82713],[81.22685,7.82927],[81.22732,7.8313],[81.22851,7.83304],[81.22906,7.83509],[81.22925,7.83717],[81.23008,7.83904],[81.23157,7.84109],[81.23212,7.84163],[81.23244,7.84233],[81.23274,7.84352],[81.23287,7.84471],[81.23276,7.84595],[81.23247,7.84713],[81.23237,7.84832],[81.2328,7.85089],[81.23311,7.85209],[81.23276,7.85326],[81.23218,7.85442],[81.23188,7.8558],[81.2318,7.85701],[81.23182,7.85857],[81.23164,7.85986],[81.23152,7.86129],[81.23073,7.86222],[81.22959,7.86261],[81.22861,7.86358],[81.22804,7.86464],[81.22781,7.86584],[81.22784,7.86706],[81.22815,7.86833],[81.22866,7.86941],[81.2286,7.87076],[81.22835,7.87228],[81.22858,7.87486],[81.22894,7.87608],[81.22951,7.87726],[81.23037,7.8784],[81.23133,7.87981],[81.232,7.88112],[81.23239,7.88236],[81.23289,7.88364],[81.23383,7.88467],[81.23478,7.8854],[81.2357,7.8862],[81.2361,7.88679],[81.23663,7.88741],[81.23701,7.88866],[81.23667,7.88992],[81.23621,7.89105],[81.23594,7.89227],[81.23588,7.89349],[81.23594,7.89493],[81.23627,7.8962],[81.23733,7.89866],[81.23778,7.90014],[81.2382,7.90126],[81.23847,7.90257],[81.23833,7.90404],[81.23795,7.90521],[81.23769,7.9064],[81.23736,7.90759],[81.23724,7.90889],[81.23712,7.91164],[81.23722,7.91326],[81.23721,7.91603],[81.23704,7.91734],[81.2367,7.91858],[81.23687,7.91977],[81.23749,7.92088],[81.23903,7.9228],[81.2401,7.92374],[81.24128,7.9243],[81.24231,7.925],[81.24403,7.92688],[81.2451,7.92768],[81.24638,7.92781],[81.24733,7.92857],[81.24767,7.92976],[81.2482,7.93114],[81.24914,7.93221],[81.25032,7.93308],[81.25144,7.93396],[81.25233,7.93518],[81.25306,7.93632],[81.25446,7.93693],[81.25565,7.93705],[81.25681,7.93764],[81.25808,7.93863],[81.25921,7.93902],[81.26053,7.93897],[81.26174,7.93931],[81.26283,7.94],[81.26398,7.93939],[81.26482,7.93837],[81.26582,7.93753],[81.26709,7.93707],[81.26839,7.93727],[81.26961,7.93711],[81.27098,7.93669],[81.27235,7.93661],[81.27352,7.93693],[81.27473,7.9368],[81.27573,7.9375],[81.27626,7.93864],[81.27689,7.9397],[81.27779,7.94054],[81.279,7.94106],[81.28033,7.94121],[81.28179,7.94148],[81.28302,7.94219],[81.28493,7.94414],[81.28591,7.94508],[81.28695,7.94573],[81.28804,7.94633],[81.28929,7.94659],[81.29064,7.9464],[81.29188,7.94603],[81.29327,7.94583],[81.29568,7.94632],[81.29689,7.94633],[81.29813,7.94606],[81.29908,7.94532],[81.3019,7.94242],[81.3048,7.93916],[81.30568,7.93833],[81.30679,7.93778],[81.30795,7.93745],[81.30924,7.93733],[81.3105,7.9374],[81.31133,7.93768],[81.31181,7.93784],[81.31292,7.93853],[81.31409,7.93944],[81.3151,7.94009],[81.31654,7.94038],[81.31783,7.94022],[81.31902,7.93968],[81.32109,7.93829],[81.32435,7.93573],[81.32562,7.9355],[81.32692,7.93538],[81.32816,7.93514],[81.32938,7.93527],[81.33058,7.9358],[81.33151,7.93658],[81.33254,7.93724],[81.33368,7.93765],[81.33502,7.93804],[81.33748,7.93804],[81.34,7.93744],[81.34009,7.93898],[81.34,7.94005],[81.34002,7.94148],[81.33955,7.94284],[81.33923,7.94397],[81.33906,7.94475],[81.33903,7.94509],[81.33904,7.94544],[81.33921,7.94656],[81.33928,7.94738],[81.33946,7.94819],[81.33968,7.95041],[81.34,7.95231],[81.33996,7.95337],[81.33985,7.95415],[81.33992,7.95491],[81.34014,7.95633],[81.34014,7.95667],[81.34006,7.95704],[81.3399,7.95739],[81.33844,7.95946],[81.33702,7.96168],[81.33681,7.96212],[81.33633,7.9629],[81.33559,7.96392],[81.33476,7.96517],[81.3344,7.96581],[81.33411,7.96646],[81.33408,7.96672],[81.33398,7.96684],[81.3333,7.96826],[81.33266,7.96927],[81.33212,7.97037],[81.3318,7.97107],[81.33151,7.97192],[81.33066,7.97406],[81.33041,7.97484],[81.32996,7.97597],[81.32923,7.97736],[81.32864,7.97865],[81.3278,7.98003],[81.32706,7.98141],[81.32641,7.98284],[81.32555,7.98517],[81.32488,7.98655],[81.32429,7.98802],[81.32334,7.98966],[81.32277,7.99112],[81.32225,7.99213],[81.32157,7.99363],[81.31978,7.99699],[81.31949,7.99787],[81.31913,7.9987],[81.31888,7.99941],[81.31821,8.00171],[81.31763,8.00275],[81.31716,8.00386],[81.31648,8.00618],[81.31608,8.00827],[81.31583,8.00899],[81.31527,8.01002],[81.31389,8.0133],[81.31351,8.01438],[81.31306,8.01534],[81.31209,8.01708],[81.31098,8.01871],[81.30979,8.02074],[81.30873,8.02268],[81.30833,8.02372],[81.30783,8.02477],[81.30742,8.02582],[81.30675,8.02798],[81.30643,8.02908],[81.30637,8.02945],[81.30637,8.03018],[81.30646,8.03128],[81.30646,8.03232],[81.30683,8.03548],[81.30692,8.03676],[81.3069,8.03752],[81.30695,8.03837],[81.30711,8.03917],[81.30706,8.04103],[81.30717,8.04248],[81.30716,8.04429],[81.30728,8.04542],[81.30732,8.04711],[81.30747,8.0486],[81.30753,8.04982],[81.30751,8.05077],[81.30736,8.05082],[81.30742,8.05154],[81.30738,8.0527],[81.30737,8.05303],[81.30738,8.0543],[81.30725,8.05577],[81.30727,8.05816],[81.30769,8.06219],[81.3077,8.06261],[81.30771,8.06366],[81.30766,8.06407],[81.30782,8.066],[81.30781,8.06611],[81.3078,8.06676],[81.30791,8.06823],[81.30795,8.06859],[81.30836,8.0705],[81.30839,8.07084],[81.30839,8.0736],[81.3083,8.07435],[81.30829,8.07513],[81.30836,8.07671],[81.30813,8.07819],[81.30807,8.07984],[81.30824,8.08151],[81.30825,8.08232],[81.30819,8.08347],[81.30834,8.08452],[81.30816,8.08528],[81.30812,8.08567],[81.30813,8.08675],[81.30804,8.08721],[81.30796,8.08863],[81.30818,8.0909],[81.30837,8.09168],[81.30856,8.09275],[81.30784,8.09504],[81.30825,8.09869],[81.30833,8.10031],[81.30842,8.10226],[81.30834,8.10752],[81.30841,8.10932],[81.30865,8.1112],[81.309,8.11477],[81.30901,8.11526],[81.30915,8.11986],[81.30939,8.12331],[81.30945,8.12856],[81.30955,8.13029],[81.30966,8.13554],[81.30988,8.13916],[81.31024,8.14821],[81.31036,8.15013],[81.31109,8.15755],[81.31122,8.15946],[81.31122,8.16494],[81.31139,8.16888],[81.31154,8.17079],[81.31211,8.17649],[81.31221,8.17826],[81.31229,8.18008],[81.31228,8.18113],[81.31223,8.18588],[81.31232,8.18777],[81.31231,8.1913],[81.31236,8.1932],[81.31276,8.19681],[81.31288,8.19891],[81.31295,8.20256],[81.31288,8.20768],[81.31299,8.20958],[81.31339,8.2131],[81.31345,8.21485],[81.3135,8.22009],[81.31356,8.22193],[81.31382,8.2256],[81.31398,8.2292],[81.31397,8.23091],[81.31407,8.23447],[81.31407,8.23623],[81.31418,8.23974],[81.314,8.24143],[81.31371,8.24318],[81.31351,8.24492],[81.31325,8.24658],[81.31238,8.24938],[81.31157,8.25197],[81.30839,8.25305],[81.30489,8.25343],[81.30327,8.25369],[81.30155,8.25405],[81.29985,8.25467],[81.29903,8.25494],[81.29823,8.25504],[81.29684,8.25602],[81.29564,8.25714],[81.29404,8.25751],[81.2929,8.25886],[81.29128,8.25976],[81.28962,8.26002],[81.28808,8.26106],[81.28701,8.2598],[81.2873,8.25817],[81.28592,8.25714],[81.28237,8.25741],[81.28117,8.25631],[81.28059,8.25468],[81.28034,8.25301],[81.28056,8.25133],[81.27998,8.24975],[81.27828,8.24941],[81.27666,8.24898],[81.27498,8.24807],[81.27337,8.24739],[81.27246,8.24589],[81.27302,8.24426],[81.27342,8.24262],[81.27255,8.24124],[81.27104,8.24045],[81.26974,8.24144],[81.26849,8.24251],[81.26681,8.24228],[81.26576,8.24102],[81.26599,8.23939],[81.26764,8.23953],[81.2693,8.23927],[81.27012,8.23787],[81.26988,8.2362],[81.26901,8.2348],[81.2674,8.23431],[81.26608,8.23535],[81.2647,8.23436],[81.26338,8.23125],[81.26171,8.23086],[81.26025,8.23175],[81.25866,8.23212],[81.25746,8.23096],[81.25758,8.22929],[81.25797,8.22767],[81.25779,8.22604],[81.25639,8.22506],[81.25471,8.22442],[81.25321,8.2252],[81.25197,8.2263],[81.25031,8.22613],[81.24977,8.22444],[81.24978,8.22272],[81.25015,8.22106],[81.25069,8.2195],[81.25134,8.21787],[81.25208,8.21635],[81.25214,8.21462],[81.25123,8.21325],[81.25175,8.21166],[81.25141,8.20998],[81.25009,8.20898],[81.24952,8.20728],[81.24946,8.20566],[81.24874,8.20412],[81.24736,8.20309],[81.24625,8.20179],[81.2448,8.20102],[81.2448,8.19936],[81.2441,8.19782],[81.24309,8.19643],[81.24145,8.19626],[81.23981,8.19669],[81.23831,8.19589],[81.23758,8.19427],[81.23714,8.1926],[81.23731,8.19091],[81.23802,8.18939],[81.23868,8.18784],[81.23885,8.18615],[81.23966,8.18447],[81.24108,8.18335],[81.24236,8.18226],[81.24305,8.18073],[81.24285,8.17906],[81.24143,8.1782],[81.23981,8.17802],[81.23844,8.17903],[81.23687,8.17853],[81.23662,8.17684],[81.23573,8.17538],[81.23452,8.17408],[81.23432,8.17248],[81.23403,8.17079],[81.23395,8.1691],[81.23553,8.16856],[81.23486,8.16703],[81.23392,8.16569],[81.233,8.16401],[81.23379,8.16257],[81.23421,8.16101],[81.23311,8.15979],[81.23269,8.15821],[81.23263,8.15654],[81.23149,8.15526],[81.23015,8.15631],[81.22912,8.15761],[81.22776,8.15671],[81.22669,8.15541],[81.22516,8.1548],[81.22197,8.15388],[81.22021,8.15413],[81.21896,8.1552],[81.21739,8.15474],[81.21647,8.15338],[81.21481,8.15309],[81.21316,8.1527],[81.21246,8.15124],[81.21137,8.14997],[81.20978,8.14914],[81.20798,8.14883],[81.20613,8.14915],[81.20482,8.15027],[81.20313,8.15037],[81.20147,8.14996],[81.19977,8.15018],[81.19804,8.15079],[81.19641,8.15115],[81.19476,8.15112],[81.19299,8.15121],[81.19191,8.15249],[81.19206,8.15425],[81.19295,8.15576],[81.19457,8.15628],[81.19609,8.15706],[81.19674,8.15859],[81.19733,8.16015],[81.19885,8.16105],[81.20053,8.16084],[81.20238,8.16078],[81.20327,8.16083],[81.20552,8.16201],[81.20693,8.16298],[81.20792,8.16436],[81.20879,8.16602],[81.20944,8.16764],[81.20999,8.16931],[81.21024,8.17112],[81.21036,8.17283],[81.21093,8.1745],[81.21184,8.17617],[81.2126,8.17786],[81.21342,8.17949],[81.21329,8.1813],[81.21212,8.18253],[81.21056,8.18332],[81.20893,8.18302],[81.20737,8.18245],[81.20573,8.18274],[81.2045,8.18395],[81.20414,8.18562],[81.20446,8.18907],[81.20451,8.19081],[81.20414,8.19246],[81.20219,8.19545],[81.2015,8.19713],[81.20194,8.19877],[81.20289,8.20024],[81.20355,8.20184],[81.20398,8.20345],[81.20502,8.20686],[81.20542,8.20849],[81.20564,8.21017],[81.20579,8.21204],[81.20606,8.21396],[81.20619,8.2156],[81.20572,8.21715],[81.20435,8.22018],[81.20371,8.22181],[81.20466,8.22517],[81.20445,8.22691],[81.20344,8.22837],[81.20212,8.2294],[81.20077,8.23034],[81.19943,8.23135],[81.19783,8.23225],[81.19619,8.23195],[81.19485,8.23101],[81.19342,8.23009],[81.19027,8.22841],[81.1886,8.2277],[81.18691,8.22736],[81.1853,8.2277],[81.18217,8.2295],[81.18072,8.22974],[81.17881,8.22976],[81.17732,8.23057],[81.17641,8.23197],[81.17534,8.23319],[81.17272,8.23535],[81.17121,8.2347],[81.16968,8.23413],[81.16777,8.23401],[81.16618,8.23465],[81.16325,8.23645],[81.1617,8.23747],[81.16035,8.23839],[81.159,8.23952],[81.15803,8.24094],[81.15713,8.2424],[81.15357,8.24632],[81.15247,8.24767],[81.15149,8.24903],[81.14931,8.2516],[81.14801,8.25276],[81.14574,8.2551],[81.14466,8.25655],[81.14209,8.25884],[81.14094,8.26027],[81.13936,8.26086],[81.13756,8.26058],[81.13644,8.25931],[81.1347,8.25961],[81.1338,8.261],[81.13242,8.26208],[81.13076,8.26208],[81.129,8.26233],[81.1274,8.26268],[81.12576,8.26291],[81.12411,8.26304],[81.1227,8.26194],[81.12133,8.26072],[81.11983,8.25994],[81.11851,8.25895],[81.11692,8.2584],[81.11651,8.25903],[81.1157,8.25928],[81.11416,8.25989],[81.1125,8.25999],[81.11076,8.25986],[81.10929,8.25895],[81.10834,8.2575],[81.10729,8.25619],[81.10565,8.25602],[81.10404,8.25643],[81.10268,8.25733],[81.10135,8.2583],[81.09992,8.25942],[81.09844,8.26037],[81.09679,8.26074],[81.09499,8.26071],[81.09312,8.2608],[81.09155,8.26142],[81.09007,8.26224],[81.08712,8.26388],[81.0857,8.26476],[81.08432,8.26576],[81.08308,8.26687],[81.08192,8.26836],[81.08073,8.26955],[81.07764,8.27157],[81.07411,8.27172],[81.07236,8.27169],[81.07061,8.27149],[81.06902,8.27104],[81.06734,8.27072],[81.06558,8.27067],[81.0638,8.27079],[81.06032,8.27138],[81.05847,8.27192],[81.05696,8.27252],[81.05531,8.27296],[81.05006,8.27224],[81.04846,8.27305],[81.04721,8.27442],[81.04616,8.27579],[81.04457,8.27623],[81.04282,8.27617],[81.04124,8.27679],[81.03967,8.27766],[81.03802,8.27848],[81.03626,8.2789],[81.03456,8.27879],[81.03121,8.27797],[81.02938,8.27762],[81.02771,8.27722],[81.02598,8.27687],[81.02424,8.27697],[81.02239,8.2775],[81.02072,8.27818],[81.01895,8.27868],[81.01735,8.27901],[81.01564,8.27876],[81.01216,8.27729],[81.01062,8.27671],[81.00901,8.27589],[81.00731,8.27552],[81.00556,8.27545],[81.00397,8.27501],[81.00227,8.27405],[81.00055,8.2733],[80.999,8.27268],[80.99719,8.27259],[80.99558,8.27288],[80.9939,8.27343],[80.99049,8.27285],[80.98882,8.2731],[80.98792,8.27459],[80.98733,8.27613],[80.98696,8.27774],[80.98646,8.28111],[80.98577,8.28485],[80.98565,8.28665],[80.98543,8.28838],[80.98509,8.29025],[80.9846,8.29362],[80.98331,8.30058],[80.98292,8.30238],[80.98245,8.30596],[80.98209,8.3077],[80.9818,8.30951],[80.98131,8.31113],[80.98013,8.31248],[80.97859,8.31335],[80.97525,8.31473],[80.9737,8.31529],[80.97191,8.31578],[80.97034,8.31644],[80.96899,8.31734],[80.96736,8.31794],[80.96608,8.31895],[80.96495,8.32018],[80.9652,8.32187],[80.9639,8.32287],[80.96232,8.32369],[80.96069,8.32419],[80.95901,8.32458],[80.95703,8.32458],[80.95532,8.32445],[80.95354,8.32356],[80.95205,8.3229],[80.95088,8.32409],[80.95009,8.32552],[80.94928,8.32717],[80.94834,8.32871],[80.94745,8.33007],[80.94672,8.33173],[80.94593,8.33338],[80.94499,8.33477],[80.94331,8.33779],[80.94232,8.33937],[80.94153,8.34085],[80.94084,8.34253],[80.93895,8.34215],[80.93737,8.34283],[80.93523,8.34445],[80.93255,8.34532],[80.93079,8.34511],[80.92841,8.34279],[80.92423,8.33692],[80.92349,8.33575],[80.92256,8.33434],[80.92147,8.33304],[80.92004,8.33212],[80.91687,8.33059],[80.91536,8.3296],[80.91259,8.32762],[80.91142,8.32642],[80.91094,8.32485],[80.91055,8.32321],[80.90995,8.3216],[80.9093,8.32005],[80.9086,8.31678],[80.90731,8.31357],[80.90549,8.31064],[80.90423,8.30756],[80.9038,8.30591],[80.90334,8.3026],[80.90283,8.30092],[80.90118,8.29417],[80.9009,8.29247],[80.90084,8.29078],[80.90085,8.289],[80.90061,8.28402],[80.9001,8.28238],[80.89915,8.28092],[80.89755,8.28047],[80.89577,8.28051],[80.89374,8.28068],[80.89015,8.28084],[80.88677,8.2809],[80.88342,8.28058],[80.8781,8.28051],[80.87647,8.28061],[80.87294,8.28096],[80.8711,8.28089],[80.86936,8.28068],[80.86583,8.28048],[80.86186,8.28052],[80.85208,8.28048],[80.84849,8.28013],[80.8449,8.28006],[80.84311,8.28009],[80.83757,8.28042],[80.83583,8.28047],[80.82813,8.28053],[80.82289,8.28034],[80.82117,8.28032],[80.81783,8.28046],[80.81272,8.28044],[80.80761,8.27989],[80.80569,8.27951],[80.80441,8.27846],[80.80325,8.27525],[80.8029,8.27363],[80.80271,8.27199],[80.80197,8.27045],[80.79939,8.26606],[80.79779,8.26303],[80.79714,8.26155],[80.79595,8.25832],[80.79529,8.25681],[80.79456,8.25535],[80.79395,8.25377],[80.79373,8.25216],[80.79418,8.25054],[80.7944,8.24879],[80.79371,8.24721],[80.79289,8.24577],[80.79214,8.24421],[80.79149,8.24266],[80.79045,8.23956],[80.78999,8.23791],[80.78945,8.23632],[80.78897,8.23467],[80.78784,8.23125],[80.78751,8.22948],[80.78743,8.22782],[80.78744,8.22619],[80.7878,8.21937],[80.78765,8.21769],[80.78746,8.216],[80.78692,8.21251],[80.78676,8.21088],[80.78643,8.20916],[80.78598,8.20569],[80.78544,8.20413],[80.7846,8.20272],[80.78202,8.19812],[80.78129,8.19657],[80.78003,8.19328],[80.7789,8.19005],[80.77826,8.18848],[80.77751,8.18688],[80.77667,8.1853],[80.77584,8.18391],[80.77492,8.18251],[80.77385,8.18118],[80.77288,8.17983],[80.77226,8.17817],[80.77177,8.1766],[80.77089,8.17505],[80.76992,8.17373],[80.76785,8.16914],[80.76632,8.16607],[80.76451,8.16311],[80.76388,8.16155],[80.76281,8.15831],[80.76205,8.15668],[80.76048,8.15365],[80.75987,8.15215],[80.75938,8.15055],[80.75963,8.14894],[80.76046,8.14747],[80.76099,8.14591],[80.7607,8.14429],[80.76105,8.14266],[80.76106,8.14103],[80.76012,8.13957],[80.75873,8.13857],[80.75835,8.137],[80.75855,8.13522],[80.75858,8.13353],[80.75854,8.13012],[80.75884,8.1251],[80.75888,8.12338],[80.75872,8.11984],[80.75879,8.11644],[80.75872,8.11307],[80.75864,8.11137],[80.75839,8.10966],[80.75786,8.1081],[80.75729,8.10656],[80.75674,8.10488],[80.75656,8.10323],[80.75667,8.10154],[80.75697,8.09978],[80.75721,8.09803],[80.75759,8.09637],[80.75843,8.09596],[80.75811,8.09475],[80.75797,8.09229],[80.75822,8.091],[80.75824,8.08977],[80.7581,8.08851],[80.75809,8.08721],[80.75791,8.08463],[80.75793,8.08205],[80.75777,8.07779],[80.75814,8.0753],[80.75839,8.07255],[80.75846,8.07119],[80.75873,8.06858],[80.75916,8.06726],[80.75996,8.06632],[80.76099,8.06559],[80.76219,8.06523],[80.76352,8.06522],[80.76478,8.0655],[80.76864,8.06671],[80.77,8.067],[80.77398,8.06734],[80.7752,8.06728],[80.7764,8.0669],[80.77703,8.06587],[80.77618,8.06489],[80.77515,8.06405],[80.77423,8.06303],[80.77349,8.06206],[80.77288,8.06084],[80.77241,8.05941],[80.77195,8.05825],[80.77109,8.05718],[80.77022,8.05627],[80.76844,8.05415],[80.76666,8.05213],[80.76579,8.05102],[80.76512,8.05002],[80.76424,8.04896],[80.76331,8.04814],[80.76122,8.04643],[80.76026,8.04549],[80.75948,8.04458],[80.759,8.04339],[80.75941,8.04189],[80.76044,8.03955],[80.76043,8.0383],[80.75976,8.03719],[80.75887,8.03619],[80.75784,8.03557],[80.75675,8.03464],[80.75593,8.03356],[80.75395,8.0302],[80.7528,8.02798],[80.75085,8.02448],[80.74971,8.0221],[80.74936,8.02089],[80.75007,8.01985],[80.75123,8.01952],[80.75258,8.01931],[80.75376,8.01877],[80.75484,8.01813],[80.75557,8.01717],[80.75614,8.01605],[80.75615,8.01477],[80.75599,8.01357],[80.75611,8.01235],[80.75703,8.01107],[80.75746,8.01037],[80.75867,8.00874],[80.75979,8.00735],[80.76048,8.00676],[80.76198,8.00579],[80.76325,8.00475],[80.76455,8.00383],[80.76534,8.00342],[80.76687,8.00254],[80.76861,8.00148],[80.76945,8.00108],[80.77112,8.0005],[80.77164,7.99986],[80.77184,7.99909],[80.77203,7.99635],[80.77232,7.9956],[80.77314,7.99585],[80.7734,7.99663],[80.77342,7.9975],[80.77358,7.99841],[80.77437,7.99854],[80.77537,7.99807],[80.77692,7.99719],[80.7783,7.99612],[80.77893,7.99553],[80.77949,7.99482],[80.77984,7.99407],[80.77969,7.99324],[80.77941,7.99245],[80.77904,7.99162],[80.77887,7.99081],[80.77891,7.98991],[80.77922,7.98809],[80.77924,7.98726],[80.77913,7.98639],[80.77889,7.98541],[80.77813,7.98375],[80.77783,7.98278],[80.77766,7.98172],[80.77762,7.98068],[80.77753,7.97811],[80.77754,7.97548],[80.77762,7.97464],[80.77779,7.97369],[80.77843,7.97079],[80.77849,7.96994],[80.77842,7.96824],[80.77888,7.96751],[80.77968,7.96736],[80.78048,7.96713],[80.78149,7.96672],[80.78235,7.96616],[80.78341,7.96558],[80.78529,7.96486],[80.78598,7.96428],[80.7872,7.96304],[80.78787,7.96247],[80.78863,7.96213],[80.79325,7.96172],[80.7951,7.96129],[80.79674,7.96074],[80.79767,7.96052],[80.79854,7.96063],[80.79913,7.96124],[80.7994,7.96203],[80.79965,7.96294],[80.79978,7.96395],[80.79983,7.96488],[80.79987,7.9688],[80.79967,7.97054],[80.79948,7.97138],[80.79919,7.97226],[80.79875,7.97333],[80.79852,7.97415],[80.79849,7.97504],[80.79861,7.97589],[80.79907,7.97657],[80.79969,7.9771],[80.80051,7.97767],[80.80128,7.97797],[80.80388,7.97876],[80.80481,7.9792],[80.80663,7.98035],[80.80752,7.98051],[80.8093,7.98071],[80.81031,7.98089],[80.81107,7.9812],[80.81169,7.98171],[80.81239,7.98261],[80.81319,7.98323],[80.81396,7.98347],[80.8148,7.9835],[80.81559,7.98327],[80.8174,7.98258],[80.81824,7.9822],[80.81911,7.9819],[80.81988,7.98155],[80.82049,7.9809],[80.82073,7.98003],[80.82067,7.97921],[80.82046,7.97835],[80.82058,7.97749],[80.82202,7.97624],[80.82246,7.97545],[80.82279,7.97466],[80.82362,7.97297],[80.82423,7.97234],[80.82487,7.9718],[80.82559,7.97132],[80.82641,7.97103],[80.82721,7.97096],[80.82812,7.97095],[80.82908,7.97099],[80.8299,7.97132],[80.83075,7.97156],[80.8326,7.97178],[80.83357,7.97199],[80.83453,7.97207],[80.8354,7.97209],[80.83628,7.97218],[80.83718,7.97235],[80.83918,7.97237],[80.84004,7.9722],[80.84161,7.97147],[80.84335,7.9704],[80.84429,7.96993],[80.84808,7.96727],[80.84875,7.96671],[80.85112,7.96514],[80.85257,7.96424],[80.85311,7.96356],[80.85334,7.96271],[80.853,7.96194],[80.85222,7.96156],[80.85133,7.96145],[80.8502,7.96139],[80.84848,7.96117],[80.84747,7.96092],[80.84651,7.96053],[80.84392,7.95936],[80.84203,7.95872],[80.84118,7.95851],[80.84022,7.95838],[80.83932,7.95811],[80.83845,7.95771],[80.83775,7.95731],[80.83608,7.95626],[80.83473,7.95486],[80.83404,7.95424],[80.83344,7.95354],[80.83241,7.95187],[80.8322,7.95091],[80.83216,7.94912],[80.83186,7.94542],[80.83159,7.94439],[80.83019,7.94087],[80.82976,7.93991],[80.82928,7.939],[80.82776,7.93675],[80.82656,7.93483],[80.8249,7.93263],[80.82365,7.93132],[80.8217,7.92879],[80.82127,7.92799],[80.82002,7.9254],[80.81964,7.92447],[80.81935,7.92362],[80.81923,7.9227],[80.81926,7.92171],[80.8198,7.9179],[80.82001,7.9158],[80.82002,7.915],[80.82001,7.91398],[80.81994,7.91312],[80.81941,7.90921],[80.81911,7.90797],[80.81883,7.90712],[80.81854,7.90493],[80.81836,7.90405],[80.81733,7.9006],[80.81694,7.89956],[80.81612,7.89693],[80.81554,7.89378],[80.81487,7.89153],[80.8136,7.88772],[80.8134,7.88686],[80.8134,7.88594],[80.81353,7.88309],[80.81348,7.88129],[80.81332,7.88034],[80.81309,7.87954],[80.81207,7.87664],[80.81189,7.87568],[80.81169,7.87297],[80.81172,7.87197],[80.81184,7.87094],[80.81187,7.87004],[80.81183,7.86893],[80.81129,7.86583],[80.81129,7.86492],[80.81106,7.86403],[80.81056,7.86322],[80.80992,7.86265],[80.80985,7.86179],[80.81061,7.86018],[80.81095,7.8592],[80.81117,7.85829],[80.81128,7.85737],[80.81133,7.85632],[80.81131,7.85539],[80.81104,7.85195],[80.81064,7.85116],[80.80912,7.85022],[80.80848,7.84947],[80.80784,7.84769],[80.80737,7.84486],[80.80714,7.84388],[80.80659,7.84195],[80.80629,7.84034],[80.80558,7.83405],[80.80576,7.83242],[80.80544,7.83073],[80.80495,7.8293],[80.8041,7.82797],[80.80338,7.82661],[80.8033,7.82507],[80.80305,7.82333],[80.80236,7.82195],[80.80113,7.82091],[80.79964,7.82042],[80.79836,7.81948],[80.79705,7.81877],[80.79404,7.81867],[80.79346,7.81726],[80.79398,7.81583],[80.79431,7.81418],[80.79477,7.81263],[80.79508,7.81098],[80.79543,7.80953],[80.79583,7.80652],[80.79561,7.80486],[80.79439,7.80397],[80.79272,7.80353],[80.79134,7.80296],[80.78863,7.8014],[80.78719,7.80063],[80.78567,7.80006],[80.78463,7.80116],[80.78499,7.80259],[80.78445,7.80407],[80.78308,7.80487],[80.78164,7.80564],[80.78009,7.80537],[80.77923,7.80388],[80.77788,7.80285],[80.77643,7.80218],[80.77496,7.80205],[80.77345,7.80199],[80.77034,7.80226],[80.7688,7.80228],[80.76743,7.80148],[80.76682,7.80009],[80.76599,7.79876],[80.7647,7.7979],[80.76406,7.79613],[80.76298,7.79467],[80.76197,7.79347],[80.76118,7.79218],[80.76164,7.79069],[80.76312,7.79025],[80.76457,7.78959],[80.76563,7.78828],[80.76588,7.78682],[80.76587,7.78531],[80.76576,7.7838],[80.76551,7.78215],[80.76491,7.78055],[80.76381,7.77894],[80.7636,7.7774],[80.76384,7.77588],[80.76403,7.77406],[80.76379,7.77106],[80.76384,7.76789],[80.76381,7.76321],[80.76373,7.76141],[80.76348,7.75829],[80.76338,7.75631],[80.76337,7.7531],[80.76304,7.75156],[80.76281,7.75005],[80.76301,7.74848],[80.76315,7.74691],[80.76318,7.74532],[80.76299,7.74361],[80.7629,7.74196],[80.76296,7.74029],[80.76347,7.7372],[80.76363,7.73548],[80.76382,7.734],[80.76444,7.73079],[80.76579,7.72612],[80.76634,7.72438],[80.76772,7.72144],[80.76836,7.71974],[80.76908,7.71677],[80.76968,7.715],[80.77037,7.71368],[80.77125,7.71226],[80.77188,7.7108],[80.77286,7.70964],[80.77376,7.70839],[80.77419,7.70531],[80.77438,7.70355],[80.77449,7.70193],[80.77448,7.70016],[80.77432,7.69857],[80.77391,7.69715],[80.77337,7.69571],[80.773,7.69403],[80.77234,7.69255],[80.77122,7.69128],[80.76984,7.69049],[80.76853,7.69149],[80.7679,7.69288],[80.76686,7.6942],[80.76563,7.69518],[80.76411,7.69554],[80.76257,7.69598],[80.76105,7.69562],[80.76209,7.69452],[80.7637,7.69378],[80.76539,7.69317],[80.76668,7.69243],[80.76785,7.69133],[80.76854,7.68987],[80.7691,7.68846],[80.77017,7.68539],[80.77077,7.68381],[80.77226,7.6843],[80.77381,7.684],[80.77685,7.68056],[80.77788,7.67931],[80.77882,7.67794],[80.7803,7.67749],[80.78169,7.67836],[80.78291,7.67928],[80.78446,7.67963],[80.79127,7.67981],[80.79474,7.68001],[80.7983,7.67999],[80.8002,7.6799],[80.80326,7.67967],[80.80479,7.67963],[80.80592,7.67836],[80.80649,7.67694],[80.80688,7.67542],[80.80735,7.674],[80.80804,7.67264],[80.80928,7.67172],[80.81072,7.6723],[80.81198,7.6733],[80.81328,7.67422],[80.81651,7.67556],[80.81776,7.67636],[80.81892,7.67737],[80.82087,7.67985],[80.82389,7.67905],[80.82533,7.67871],[80.82678,7.6791],[80.82802,7.68005],[80.82961,7.68032],[80.83119,7.6801],[80.83284,7.68002],[80.83418,7.68081],[80.83534,7.68174],[80.83688,7.68128],[80.83813,7.68228],[80.83888,7.68361],[80.83998,7.68465],[80.84051,7.68612],[80.84028,7.68772],[80.84062,7.68944],[80.84116,7.69093],[80.8419,7.69229],[80.84342,7.69223],[80.84495,7.69245],[80.84639,7.69318],[80.84702,7.6946],[80.84718,7.69615],[80.84837,7.69744],[80.84907,7.6988],[80.85068,7.69917],[80.8518,7.70023],[80.85307,7.70108],[80.85418,7.69995],[80.85468,7.69847],[80.85491,7.69689],[80.85385,7.69557],[80.85265,7.69465],[80.85343,7.69299],[80.85483,7.6924],[80.85551,7.69093],[80.85677,7.68988],[80.85825,7.6895],[80.86088,7.68779],[80.86249,7.68803],[80.86375,7.6888],[80.86552,7.68935],[80.86726,7.68971],[80.86875,7.68967],[80.87028,7.6895],[80.87096,7.68818],[80.8709,7.6867],[80.87137,7.68494],[80.87233,7.68371],[80.87474,7.68178],[80.87694,7.67967],[80.87772,7.68096],[80.87775,7.68246],[80.87805,7.68421],[80.87822,7.68585],[80.87875,7.68882],[80.87944,7.69199],[80.88082,7.6949],[80.88153,7.69625],[80.88195,7.69795],[80.88208,7.69953],[80.88212,7.70108],[80.88228,7.70264],[80.88232,7.70417],[80.88214,7.7057],[80.88222,7.70726],[80.88267,7.7087],[80.88326,7.7102],[80.88357,7.71197],[80.88359,7.71511],[80.88534,7.71492],[80.88683,7.71443],[80.88842,7.71437],[80.8901,7.71447],[80.89185,7.71481],[80.89347,7.7152],[80.89508,7.71566],[80.89674,7.71572],[80.89828,7.71557],[80.89996,7.71548],[80.90172,7.71574],[80.90328,7.71585],[80.90482,7.71602],[80.90651,7.71587],[80.90808,7.71535],[80.90958,7.71457],[80.91075,7.71352],[80.91196,7.71252],[80.91374,7.71207],[80.91521,7.71232],[80.91678,7.71189],[80.91801,7.71068],[80.9192,7.70968],[80.92049,7.70891],[80.92199,7.7083],[80.92363,7.70894],[80.92503,7.70957],[80.92641,7.70862],[80.92786,7.70828],[80.92938,7.70878],[80.93105,7.70897],[80.93266,7.70903],[80.93424,7.70982],[80.93769,7.71011],[80.93911,7.71076],[80.94006,7.7121],[80.94111,7.7132],[80.94258,7.71363],[80.94407,7.71338],[80.9457,7.71337],[80.94875,7.71277],[80.95027,7.7131],[80.95191,7.71368],[80.95341,7.71442],[80.95515,7.71482],[80.95663,7.71485],[80.95816,7.71463],[80.95975,7.71489],[80.96123,7.71545],[80.96273,7.71609],[80.96436,7.71662],[80.96598,7.71649],[80.96751,7.71616],[80.96901,7.716],[80.97042,7.71676],[80.97201,7.71722],[80.97378,7.71727],[80.97538,7.71713],[80.97687,7.71674],[80.97858,7.71614],[80.98026,7.7161],[80.98178,7.71684],[80.98322,7.71794],[80.98406,7.71922],[80.98525,7.72024],[80.98684,7.72088],[80.98844,7.72144],[80.98913,7.72169],[80.98998,7.72167],[80.99157,7.72172],[80.99311,7.72168],[80.99482,7.72144],[80.99647,7.72113],[80.99791,7.7205],[80.99935,7.72003],[81.00094,7.71962],[81.00249,7.71932],[81.00594,7.71881],[81.00771,7.71849],[81.00924,7.71828],[81.01078,7.71826],[81.01229,7.71843],[81.01376,7.71898],[81.01517,7.71961],[81.0167,7.72045],[81.01949,7.7218],[81.0209,7.72234],[81.02247,7.7228],[81.02403,7.72306],[81.02567,7.72289],[81.02875,7.72192],[81.03191,7.72116],[81.03524,7.72018],[81.03702,7.71987],[81.03855,7.71969],[81.04031,7.71939],[81.0418,7.71939],[81.04276,7.71922],[81.04607,7.71903],[81.04775,7.71878],[81.04927,7.71885],[81.05068,7.71949],[81.05221,7.72046],[81.05362,7.72128],[81.05659,7.72274],[81.05815,7.7237],[81.05942,7.72459],[81.06338,7.72766],[81.06468,7.72843],[81.06732,7.73021],[81.06874,7.73079],[81.07181,7.72953],[81.07337,7.72934],[81.07511,7.72933],[81.07675,7.7291],[81.07836,7.72859],[81.08004,7.72798],[81.08173,7.72769],[81.08333,7.72755],[81.08495,7.72721],[81.08792,7.7264],[81.09125,7.72572],[81.09283,7.72557],[81.09435,7.72519],[81.09569,7.72446],[81.09671,7.72328],[81.09842,7.72059],[81.09921,7.71912],[81.10008,7.71772],[81.10087,7.71635],[81.10156,7.71494],[81.10231,7.71365],[81.10407,7.71084],[81.1047,7.70933],[81.10545,7.70786],[81.10625,7.70652],[81.10695,7.70518],[81.10779,7.70388],[81.10879,7.7025],[81.11058,7.69773],[81.11329,7.69412],[81.11542,7.6916],[81.11761,7.68993],[81.1195,7.68878],[81.12137,7.68784],[81.12339,7.6869],[81.12552,7.68605],[81.12746,7.68523],[81.13328,7.68227],[81.13527,7.68111],[81.13711,7.67996],[81.14104,7.67782],[81.14507,7.67627],[81.1471,7.67578],[81.14871,7.67712],[81.14983,7.67896],[81.15189,7.67965],[81.15393,7.67904],[81.15593,7.67821],[81.16,7.67641],[81.16197,7.67561],[81.16394,7.67486],[81.16591,7.67418],[81.16987,7.67271],[81.17384,7.67114],[81.17577,7.67014],[81.17773,7.66935],[81.18183,7.66806],[81.18382,7.66727],[81.18777,7.66549],[81.18981,7.66463],[81.19179,7.66372],[81.19386,7.66289],[81.19588,7.66193],[81.19789,7.66115],[81.19956,7.65978],[81.20122,7.65851],[81.20449,7.6557],[81.20601,7.65427],[81.21034,7.64942],[81.21197,7.64794],[81.21395,7.64696],[81.21579,7.648],[81.2179,7.64809],[81.21907,7.64982],[81.22001,7.65168],[81.22084,7.65365],[81.22095,7.65578],[81.21989,7.65766],[81.21965,7.65976],[81.21996,7.66183],[81.22092,7.666],[81.22124,7.66809],[81.22182,7.67009],[81.22263,7.67209],[81.22413,7.67355],[81.22587,7.67472],[81.22785,7.67567],[81.22984,7.67653],[81.232,7.67693],[81.23419,7.67706],[81.23627,7.67748],[81.2383,7.67796],[81.23936,7.67978],[81.23887,7.68187],[81.23818,7.68391],[81.23731,7.68583],[81.23655,7.68786],[81.23679,7.69003],[81.23976,7.69305],[81.24035,7.69507],[81.23999,7.69716],[81.23931,7.69916],[81.23824,7.70101],[81.23795,7.7053],[81.2379,7.7074],[81.23961,7.71137],[81.2394,7.71344],[81.23821,7.71524],[81.23642,7.71643],[81.23468,7.7178],[81.23396,7.71982],[81.23372,7.72196],[81.23382,7.72412],[81.23451,7.72609],[81.23594,7.7277],[81.23699,7.72955],[81.23751,7.73158],[81.2379,7.73368],[81.24086,7.73669],[81.2412,7.73875],[81.24133,7.73911]]]}},{"type":"Feature","properties":{"slug":"colombo","name":"Colombo","district_id":1,"iso":"LK-11"},"geometry":{"type":"Polygon","coordinates":[[[79.8699,6.9793],[79.86994,6.97925],[79.8704,6.97846],[79.87031,6.97815],[79.8702,6.97785],[79.86997,6.97762],[79.86981,6.97732],[79.86968,6.97689],[79.86942,6.97623],[79.86896,6.97516],[79.86877,6.97454],[79.86861,6.97418],[79.86841,6.97389],[79.86829,6.97332],[79.86869,6.97324],[79.8689,6.97295],[79.86898,6.97244],[79.86886,6.97184],[79.86858,6.97124],[79.8682,6.97077],[79.86792,6.97082],[79.86786,6.97051],[79.86823,6.97041],[79.86847,6.96995],[79.86848,6.96941],[79.86808,6.9685],[79.86772,6.96818],[79.86651,6.96846],[79.86647,6.96837],[79.86678,6.96827],[79.86675,6.96789],[79.86655,6.96788],[79.86611,6.96748],[79.86554,6.96685],[79.86501,6.96586],[79.86455,6.96549],[79.86407,6.96516],[79.86348,6.96496],[79.86289,6.96487],[79.86268,6.96478],[79.86237,6.96478],[79.86222,6.96464],[79.86239,6.96454],[79.86253,6.96436],[79.86244,6.96399],[79.86226,6.96375],[79.86206,6.96364],[79.86192,6.96369],[79.86126,6.96431],[79.86121,6.96434],[79.86119,6.96432],[79.86122,6.96427],[79.86176,6.96374],[79.86173,6.96361],[79.86165,6.96347],[79.86147,6.96332],[79.86132,6.96332],[79.86127,6.96338],[79.86122,6.96347],[79.86118,6.96349],[79.86114,6.96348],[79.86105,6.96336],[79.86098,6.9632],[79.8606,6.96311],[79.86003,6.96306],[79.85953,6.96314],[79.85926,6.96325],[79.85913,6.9634],[79.85917,6.96376],[79.85938,6.96464],[79.85924,6.96472],[79.85931,6.96486],[79.85926,6.96494],[79.85915,6.96493],[79.85895,6.96437],[79.85885,6.9637],[79.8588,6.96333],[79.85887,6.96301],[79.8588,6.96296],[79.85882,6.96279],[79.85875,6.96272],[79.8586,6.96263],[79.85855,6.96267],[79.85806,6.96247],[79.85766,6.96355],[79.85798,6.96405],[79.8579,6.96409],[79.85752,6.9637],[79.85738,6.96372],[79.85729,6.96366],[79.85734,6.96349],[79.8578,6.96235],[79.85778,6.96224],[79.85768,6.96221],[79.8569,6.96202],[79.85664,6.96197],[79.85652,6.96188],[79.85649,6.96173],[79.8565,6.96158],[79.85637,6.96146],[79.85554,6.96137],[79.85546,6.96145],[79.85535,6.96145],[79.85523,6.9614],[79.85516,6.96134],[79.85337,6.96115],[79.85332,6.96111],[79.85327,6.96102],[79.85316,6.96048],[79.85659,6.96079],[79.85662,6.95938],[79.85501,6.95903],[79.85498,6.95922],[79.8532,6.95884],[79.8532,6.95773],[79.85322,6.9577],[79.85324,6.95769],[79.85656,6.95839],[79.85652,6.9573],[79.85409,6.95677],[79.85405,6.95671],[79.85407,6.95658],[79.85413,6.95655],[79.85739,6.95676],[79.8574,6.95671],[79.85748,6.9567],[79.85748,6.95646],[79.85741,6.95646],[79.85742,6.95632],[79.85706,6.9563],[79.85706,6.95623],[79.85715,6.95623],[79.85709,6.95602],[79.85627,6.95585],[79.8562,6.95573],[79.85617,6.9556],[79.85549,6.95562],[79.85549,6.95557],[79.85615,6.95551],[79.85614,6.95536],[79.85602,6.95536],[79.85601,6.95528],[79.85571,6.9553],[79.85571,6.95521],[79.85622,6.95518],[79.85622,6.95499],[79.85618,6.95439],[79.85385,6.95464],[79.85383,6.95447],[79.85706,6.95412],[79.85703,6.95372],[79.85459,6.95398],[79.85457,6.95382],[79.85613,6.95363],[79.85609,6.95324],[79.85373,6.95347],[79.85318,6.9508],[79.85257,6.94784],[79.84987,6.9425],[79.85135,6.94178],[79.85168,6.94204],[79.85229,6.94174],[79.85198,6.94138],[79.85185,6.94151],[79.85097,6.94076],[79.84941,6.94153],[79.84934,6.94139],[79.85061,6.94035],[79.8504,6.9402],[79.85018,6.9405],[79.84948,6.94004],[79.84981,6.93954],[79.84959,6.93938],[79.84878,6.94051],[79.84872,6.94046],[79.84946,6.93937],[79.84898,6.93903],[79.84859,6.93958],[79.84852,6.93954],[79.8489,6.93898],[79.8486,6.93877],[79.84831,6.93919],[79.84826,6.93916],[79.84853,6.93873],[79.84818,6.93852],[79.84799,6.93881],[79.84795,6.93878],[79.84813,6.93849],[79.84776,6.93825],[79.84779,6.93799],[79.84757,6.93767],[79.84731,6.93794],[79.8473,6.93802],[79.84639,6.93827],[79.8474,6.94196],[79.84628,6.94231],[79.84529,6.93872],[79.84498,6.93882],[79.84509,6.93927],[79.84501,6.9393],[79.84488,6.93884],[79.84439,6.93898],[79.84451,6.93947],[79.84441,6.9395],[79.84429,6.93901],[79.84362,6.9392],[79.84381,6.93946],[79.84369,6.93955],[79.84338,6.93916],[79.84319,6.93947],[79.84349,6.93964],[79.84343,6.93973],[79.84315,6.93955],[79.84291,6.93996],[79.84291,6.94003],[79.84294,6.94009],[79.84332,6.94032],[79.84335,6.94034],[79.84337,6.94034],[79.8434,6.94032],[79.84349,6.94017],[79.84348,6.94015],[79.8435,6.94012],[79.84352,6.94012],[79.84376,6.94028],[79.84387,6.94089],[79.84415,6.94086],[79.8444,6.94097],[79.84431,6.94071],[79.84451,6.94065],[79.84494,6.94221],[79.84637,6.95067],[79.84606,6.95073],[79.84625,6.95181],[79.84489,6.95213],[79.84503,6.95243],[79.84531,6.95287],[79.84558,6.95323],[79.84562,6.95321],[79.84568,6.95321],[79.84572,6.95325],[79.84574,6.95329],[79.84572,6.95335],[79.84568,6.9534],[79.84564,6.95341],[79.84559,6.95341],[79.84553,6.95337],[79.84547,6.95341],[79.845,6.95355],[79.84459,6.95362],[79.84469,6.95583],[79.84472,6.95583],[79.84484,6.95575],[79.84488,6.95581],[79.84475,6.95589],[79.84476,6.95592],[79.84474,6.95596],[79.84469,6.95599],[79.84465,6.95599],[79.84461,6.95598],[79.84457,6.95593],[79.84454,6.95539],[79.84014,6.9606],[79.84002,6.9607],[79.83984,6.96076],[79.83969,6.96076],[79.83954,6.96073],[79.8394,6.96061],[79.83924,6.96049],[79.83908,6.96034],[79.83893,6.96018],[79.83888,6.96004],[79.83889,6.95989],[79.83897,6.95976],[79.83908,6.95963],[79.83979,6.95882],[79.83985,6.95884],[79.83991,6.95891],[79.83926,6.95969],[79.84004,6.96038],[79.84454,6.95516],[79.84444,6.95314],[79.84434,6.95151],[79.84432,6.95086],[79.84394,6.94836],[79.84355,6.94687],[79.84306,6.94678],[79.84279,6.94543],[79.84217,6.9452],[79.84183,6.9453],[79.84183,6.94546],[79.84198,6.94546],[79.84197,6.94596],[79.84182,6.94596],[79.84182,6.94591],[79.84152,6.9459],[79.84151,6.946],[79.84079,6.94599],[79.84038,6.94607],[79.84024,6.94619],[79.84025,6.94686],[79.84041,6.94829],[79.84066,6.94841],[79.84064,6.94863],[79.84054,6.94879],[79.84054,6.94905],[79.84062,6.9492],[79.84061,6.94959],[79.84038,6.94958],[79.84025,6.94945],[79.83998,6.94804],[79.83978,6.94692],[79.83963,6.94613],[79.83972,6.94576],[79.83973,6.94554],[79.83959,6.94532],[79.83945,6.94504],[79.83928,6.94481],[79.83902,6.94455],[79.83863,6.94464],[79.83863,6.94473],[79.83732,6.94473],[79.83732,6.94523],[79.83697,6.94525],[79.83698,6.94473],[79.83665,6.94477],[79.83663,6.94492],[79.83636,6.94488],[79.83636,6.94482],[79.8362,6.94476],[79.83619,6.94471],[79.83588,6.94455],[79.83566,6.94437],[79.83546,6.94409],[79.8353,6.94398],[79.83509,6.94373],[79.83461,6.94363],[79.83439,6.94383],[79.83428,6.94485],[79.82847,6.94484],[79.82818,6.9451],[79.82815,6.94569],[79.8305,6.9457],[79.8305,6.94583],[79.82758,6.94582],[79.82757,6.94535],[79.8277,6.94536],[79.82772,6.94507],[79.8277,6.94463],[79.82743,6.94433],[79.82714,6.94409],[79.82688,6.94416],[79.82652,6.94408],[79.82623,6.94407],[79.82608,6.94421],[79.82604,6.94446],[79.82591,6.94455],[79.82587,6.94446],[79.82583,6.94393],[79.8258,6.9435],[79.82567,6.9433],[79.82412,6.94454],[79.82348,6.94537],[79.8232,6.94687],[79.82319,6.95666],[79.82335,6.9573],[79.82357,6.95766],[79.82394,6.95807],[79.82975,6.9639],[79.82951,6.96415],[79.83079,6.96539],[79.83101,6.96538],[79.83121,6.96552],[79.83124,6.96577],[79.83108,6.96594],[79.83084,6.96594],[79.82364,6.95869],[79.82305,6.95807],[79.82278,6.95765],[79.82261,6.9572],[79.82251,6.9567],[79.82245,6.94817],[79.82247,6.946],[79.82248,6.94532],[79.82257,6.94483],[79.8227,6.94437],[79.82287,6.94395],[79.82305,6.94349],[79.82339,6.943],[79.82377,6.94264],[79.82398,6.94245],[79.82425,6.94222],[79.82449,6.94203],[79.82472,6.94189],[79.82498,6.94172],[79.8253,6.94155],[79.82566,6.94142],[79.82614,6.94131],[79.8267,6.94126],[79.82774,6.94126],[79.83362,6.94126],[79.83541,6.94124],[79.83679,6.94117],[79.83772,6.9409],[79.83855,6.94045],[79.83931,6.93992],[79.84001,6.93926],[79.84024,6.93884],[79.84044,6.93831],[79.84045,6.93772],[79.84034,6.93714],[79.84003,6.9365],[79.84053,6.93574],[79.84082,6.93451],[79.84069,6.93402],[79.84096,6.93365],[79.84173,6.93129],[79.84203,6.93042],[79.84351,6.92607],[79.84529,6.92058],[79.84625,6.91761],[79.84832,6.90965],[79.84888,6.9077],[79.84927,6.90635],[79.85128,6.89829],[79.85196,6.89556],[79.85273,6.89304],[79.85354,6.89043],[79.85494,6.8841],[79.85577,6.88041],[79.85604,6.87888],[79.85609,6.87867],[79.85613,6.87853],[79.85632,6.87784],[79.8572,6.87445],[79.85754,6.87291],[79.85782,6.87164],[79.8587,6.86721],[79.85911,6.86493],[79.85934,6.86358],[79.85923,6.86286],[79.8591,6.86263],[79.85922,6.8625],[79.85909,6.86242],[79.85915,6.86206],[79.85943,6.86073],[79.85975,6.85855],[79.85976,6.85847],[79.86028,6.85589],[79.86077,6.85347],[79.86118,6.85147],[79.86159,6.84942],[79.86175,6.84737],[79.86182,6.84667],[79.8619,6.84474],[79.86198,6.84272],[79.86198,6.84267],[79.86218,6.84161],[79.86232,6.84085],[79.86239,6.84046],[79.86242,6.84027],[79.86237,6.83915],[79.86261,6.8385],[79.86274,6.83729],[79.8627,6.83659],[79.86251,6.83597],[79.86257,6.83506],[79.86256,6.8349],[79.86251,6.83473],[79.86237,6.83449],[79.8622,6.83425],[79.86203,6.834],[79.86196,6.83392],[79.86192,6.83388],[79.86182,6.83386],[79.86169,6.83392],[79.86155,6.83399],[79.86145,6.83408],[79.86135,6.83414],[79.86131,6.83409],[79.86131,6.834],[79.86123,6.83387],[79.8611,6.83375],[79.86104,6.83362],[79.8611,6.8335],[79.86118,6.83338],[79.86124,6.83323],[79.86137,6.83306],[79.86149,6.833],[79.86143,6.83269],[79.86156,6.83235],[79.86158,6.83202],[79.86169,6.83157],[79.86179,6.8314],[79.86189,6.83121],[79.86197,6.83093],[79.8622,6.8304],[79.86244,6.82977],[79.86256,6.82928],[79.86259,6.8291],[79.86271,6.82856],[79.86291,6.82687],[79.86295,6.82595],[79.8629,6.82528],[79.86301,6.82468],[79.86335,6.8241],[79.86361,6.8232],[79.86385,6.8227],[79.86422,6.82179],[79.86452,6.821],[79.86485,6.82011],[79.86502,6.81953],[79.86622,6.81554],[79.86652,6.81464],[79.86752,6.81131],[79.86818,6.80961],[79.86837,6.80857],[79.86937,6.80586],[79.86987,6.80491],[79.87023,6.80351],[79.87057,6.80183],[79.87138,6.79901],[79.87183,6.79816],[79.8723,6.79675],[79.8724,6.79559],[79.87242,6.79487],[79.8738,6.79144],[79.8748,6.78834],[79.87483,6.78794],[79.87473,6.78765],[79.87529,6.78628],[79.87565,6.78481],[79.87612,6.78287],[79.87641,6.78196],[79.8767,6.78107],[79.87751,6.77893],[79.87853,6.7768],[79.87916,6.77453],[79.87962,6.77293],[79.88025,6.77166],[79.8804,6.77096],[79.88029,6.77057],[79.88015,6.77051],[79.87992,6.77048],[79.88036,6.77024],[79.88058,6.76982],[79.88092,6.76917],[79.88106,6.76895],[79.88115,6.7688],[79.88092,6.76857],[79.88108,6.76841],[79.88134,6.76834],[79.88172,6.76805],[79.88196,6.76758],[79.8821,6.76717],[79.88229,6.76663],[79.88223,6.76635],[79.88198,6.76606],[79.88202,6.76593],[79.88242,6.7659],[79.88264,6.76523],[79.88302,6.76373],[79.88291,6.76332],[79.88334,6.7626],[79.88701,6.75421],[79.88927,6.74828],[79.88904,6.74793],[79.88938,6.74776],[79.89043,6.74523],[79.89126,6.74289],[79.89209,6.74103],[79.89448,6.73453],[79.8944,6.73406],[79.89457,6.73349],[79.89495,6.73327],[79.89976,6.72065],[79.89982,6.71851],[79.89963,6.71742],[79.8996,6.71688],[79.89957,6.71643],[79.90154,6.71541],[79.90199,6.71564],[79.90258,6.71614],[79.90317,6.71682],[79.90362,6.7176],[79.90397,6.71881],[79.90382,6.72059],[79.90354,6.72242],[79.90294,6.726],[79.90132,6.73315],[79.90015,6.73711],[79.89867,6.74097],[79.89528,6.747],[79.89491,6.75159],[79.89354,6.75281],[79.89267,6.75446],[79.89246,6.75626],[79.89296,6.75891],[79.89388,6.76165],[79.89384,6.76233],[79.89335,6.7639],[79.89054,6.76695],[79.88839,6.76951],[79.88714,6.77108],[79.88658,6.77195],[79.88666,6.77314],[79.88699,6.77415],[79.88788,6.77517],[79.88915,6.77592],[79.89008,6.77649],[79.89109,6.77688],[79.89349,6.77698],[79.89599,6.77688],[79.89781,6.77611],[79.89916,6.77487],[79.89995,6.77343],[79.90044,6.77256],[79.90133,6.77143],[79.90368,6.76931],[79.90624,6.76788],[79.90725,6.76737],[79.90873,6.76702],[79.91007,6.76633],[79.91278,6.76476],[79.91509,6.76278],[79.91628,6.76192],[79.91708,6.76095],[79.91813,6.75912],[79.91841,6.75776],[79.91819,6.75555],[79.9175,6.75366],[79.91658,6.7527],[79.91776,6.74965],[79.91943,6.74904],[79.92315,6.74893],[79.92593,6.74786],[79.93627,6.74824],[79.93842,6.7487],[79.94119,6.74889],[79.94251,6.74914],[79.94426,6.74921],[79.94555,6.74973],[79.94655,6.75056],[79.94721,6.7521],[79.94752,6.75319],[79.94767,6.75434],[79.94779,6.75641],[79.94804,6.7569],[79.94821,6.75726],[79.94922,6.75846],[79.95011,6.75997],[79.9508,6.76069],[79.95133,6.76133],[79.95185,6.76153],[79.95241,6.76142],[79.95355,6.76048],[79.95585,6.75942],[79.95793,6.7587],[79.96,6.7585],[79.96183,6.75847],[79.96368,6.75876],[79.96484,6.7591],[79.96624,6.75981],[79.96743,6.7606],[79.96825,6.76098],[79.96904,6.76118],[79.97,6.76119],[79.97075,6.76106],[79.9716,6.76089],[79.97203,6.76086],[79.97359,6.76089],[79.97408,6.76081],[79.9759,6.75969],[79.97745,6.75909],[79.97856,6.75904],[79.97966,6.75936],[79.98088,6.75998],[79.9828,6.76201],[79.98339,6.76233],[79.9856,6.76278],[79.98698,6.76277],[79.98922,6.76214],[79.99,6.76214],[79.9907,6.76244],[79.99152,6.76341],[79.99282,6.76616],[79.99359,6.76703],[79.99414,6.7673],[79.99623,6.7688],[79.9986,6.77046],[79.99951,6.77093],[80.00181,6.77106],[80.00264,6.77126],[80.00356,6.77172],[80.00453,6.77263],[80.00513,6.7739],[80.00511,6.77664],[80.00559,6.77748],[80.00609,6.77791],[80.0066,6.7782],[80.00828,6.77873],[80.00883,6.77909],[80.00948,6.77958],[80.01004,6.78028],[80.01046,6.7813],[80.01085,6.78328],[80.01126,6.78411],[80.01167,6.78464],[80.01203,6.78497],[80.01265,6.7853],[80.01328,6.78546],[80.01412,6.78551],[80.0148,6.78583],[80.01509,6.78608],[80.01522,6.78644],[80.01523,6.78691],[80.01509,6.78728],[80.01473,6.78769],[80.0137,6.78852],[80.01367,6.78883],[80.01407,6.7891],[80.01471,6.78919],[80.02119,6.79052],[80.02278,6.79117],[80.024,6.79194],[80.0259,6.79293],[80.02705,6.79465],[80.02761,6.79623],[80.0281,6.79674],[80.02917,6.79725],[80.02993,6.79783],[80.03111,6.79943],[80.03223,6.80022],[80.03294,6.80089],[80.03378,6.80189],[80.03432,6.80278],[80.03451,6.80343],[80.03486,6.80604],[80.03514,6.80641],[80.03581,6.80659],[80.03846,6.80614],[80.0401,6.80541],[80.04092,6.80531],[80.04198,6.80485],[80.04266,6.80405],[80.04323,6.80199],[80.04436,6.79981],[80.04538,6.79866],[80.04633,6.79799],[80.04741,6.79752],[80.04992,6.7964],[80.05061,6.79576],[80.05139,6.79489],[80.05292,6.79356],[80.05484,6.79242],[80.05646,6.7919],[80.05829,6.79177],[80.05994,6.79258],[80.06109,6.79363],[80.06152,6.79395],[80.06196,6.79405],[80.06245,6.79409],[80.06382,6.79365],[80.06452,6.79354],[80.06531,6.79354],[80.06569,6.79371],[80.06604,6.79411],[80.06614,6.79473],[80.06621,6.79827],[80.0692,6.80544],[80.07197,6.80945],[80.07341,6.81253],[80.07535,6.81526],[80.07676,6.81623],[80.07888,6.81666],[80.08177,6.81596],[80.08371,6.81503],[80.08424,6.81433],[80.08481,6.81398],[80.08587,6.814],[80.08728,6.815],[80.08809,6.81507],[80.08861,6.81485],[80.08957,6.8135],[80.0904,6.81103],[80.09038,6.80885],[80.09069,6.80808],[80.0919,6.80674],[80.09351,6.80567],[80.09658,6.80442],[80.09758,6.80388],[80.09812,6.80348],[80.09847,6.80288],[80.09871,6.80196],[80.0986,6.80125],[80.09798,6.79936],[80.09771,6.79743],[80.09773,6.79455],[80.09775,6.79259],[80.09804,6.79138],[80.09877,6.79031],[80.10065,6.78826],[80.10119,6.7872],[80.10151,6.78585],[80.10159,6.7845],[80.10187,6.78175],[80.10216,6.78045],[80.1053,6.77424],[80.10595,6.77339],[80.1078,6.77226],[80.10873,6.77157],[80.10913,6.77112],[80.1097,6.77061],[80.11067,6.77005],[80.11142,6.76978],[80.11245,6.76969],[80.11377,6.76979],[80.11565,6.77019],[80.11984,6.77036],[80.1222,6.77138],[80.12367,6.77249],[80.12463,6.7743],[80.12406,6.77678],[80.1246,6.77949],[80.12571,6.78219],[80.12557,6.78432],[80.12393,6.78952],[80.12323,6.79086],[80.12098,6.79297],[80.12071,6.79356],[80.12079,6.79461],[80.12143,6.79598],[80.12134,6.79656],[80.12042,6.79761],[80.11875,6.7984],[80.11776,6.7992],[80.11625,6.80132],[80.11555,6.80302],[80.1156,6.80418],[80.11641,6.80522],[80.11738,6.8058],[80.12175,6.80743],[80.12466,6.80891],[80.13035,6.81255],[80.13146,6.81372],[80.13258,6.81516],[80.13375,6.81592],[80.13763,6.81723],[80.14298,6.81905],[80.14422,6.82],[80.14664,6.82268],[80.14845,6.82389],[80.14933,6.82407],[80.15241,6.82393],[80.15418,6.8235],[80.15586,6.82344],[80.15692,6.823],[80.15912,6.82105],[80.16121,6.81809],[80.16186,6.81683],[80.16261,6.81564],[80.16331,6.81494],[80.16416,6.81436],[80.16562,6.81434],[80.16689,6.81463],[80.1675,6.8148],[80.16881,6.81487],[80.17031,6.81514],[80.17132,6.81555],[80.17208,6.81597],[80.17254,6.81648],[80.17337,6.81748],[80.17374,6.81884],[80.1738,6.81923],[80.17394,6.81963],[80.17398,6.81972],[80.17407,6.81982],[80.17417,6.81992],[80.17445,6.81993],[80.17472,6.81993],[80.17488,6.81985],[80.17504,6.81973],[80.17517,6.81962],[80.17535,6.81939],[80.17547,6.81914],[80.17559,6.81879],[80.17566,6.81802],[80.17576,6.8174],[80.17588,6.81704],[80.17605,6.81669],[80.17621,6.81642],[80.17644,6.81619],[80.17665,6.81603],[80.17707,6.8158],[80.17736,6.81575],[80.17773,6.81577],[80.1778,6.81642],[80.178,6.81657],[80.1785,6.81663],[80.17876,6.81649],[80.17962,6.81474],[80.1801,6.8142],[80.18034,6.81401],[80.18114,6.81417],[80.18167,6.81477],[80.18207,6.81538],[80.18253,6.81563],[80.18304,6.81567],[80.18421,6.81553],[80.18456,6.81551],[80.18488,6.81558],[80.18521,6.81573],[80.18546,6.81594],[80.18592,6.81653],[80.18631,6.81733],[80.18681,6.81843],[80.18696,6.81864],[80.18719,6.81879],[80.18742,6.81867],[80.18767,6.81816],[80.18803,6.81646],[80.18832,6.81554],[80.18852,6.81529],[80.18896,6.81498],[80.18972,6.81467],[80.1907,6.81441],[80.19138,6.81435],[80.19432,6.81437],[80.19691,6.81455],[80.19845,6.81496],[80.19951,6.81541],[80.2001,6.81594],[80.20116,6.81736],[80.20207,6.81942],[80.20224,6.82048],[80.2024,6.82281],[80.20245,6.82521],[80.20258,6.82985],[80.20216,6.8317],[80.20053,6.83371],[80.19919,6.83553],[80.19865,6.83723],[80.19867,6.83969],[80.19835,6.8422],[80.19653,6.84479],[80.19539,6.84668],[80.19499,6.84866],[80.19463,6.85051],[80.19423,6.85151],[80.19356,6.85249],[80.19239,6.85348],[80.19146,6.85395],[80.19067,6.85418],[80.18988,6.85423],[80.18882,6.85454],[80.18767,6.85504],[80.18589,6.85549],[80.1846,6.85571],[80.18194,6.85602],[80.17941,6.85662],[80.17725,6.85749],[80.17596,6.85807],[80.17527,6.85864],[80.17505,6.8591],[80.17501,6.85991],[80.17523,6.86068],[80.1762,6.86214],[80.17686,6.86397],[80.17853,6.86567],[80.1795,6.86627],[80.18029,6.86798],[80.18074,6.86988],[80.18168,6.8764],[80.18328,6.88141],[80.18335,6.88459],[80.18373,6.8865],[80.18855,6.8902],[80.1901,6.8926],[80.18961,6.89515],[80.1887,6.89795],[80.1887,6.8987],[80.18889,6.89952],[80.19098,6.90054],[80.1946,6.90415],[80.19618,6.90415],[80.19814,6.90345],[80.19988,6.90372],[80.20037,6.90491],[80.2002,6.90685],[80.20048,6.90869],[80.20287,6.9109],[80.20369,6.91258],[80.20467,6.91344],[80.20679,6.91366],[80.2094,6.91496],[80.21167,6.91787],[80.21267,6.91996],[80.21278,6.92178],[80.21234,6.92525],[80.21095,6.92845],[80.20815,6.93676],[80.20809,6.93736],[80.2082,6.93796],[80.20892,6.93853],[80.20999,6.9388],[80.21151,6.93885],[80.21304,6.93876],[80.21497,6.93846],[80.21712,6.93747],[80.2188,6.93665],[80.22042,6.93669],[80.22131,6.93705],[80.22211,6.93799],[80.22292,6.93999],[80.22314,6.94085],[80.2232,6.94167],[80.22307,6.94309],[80.22256,6.94561],[80.22243,6.94773],[80.22256,6.94967],[80.22236,6.95038],[80.22187,6.951],[80.22098,6.9527],[80.2207,6.95324],[80.22029,6.95363],[80.21999,6.95427],[80.21941,6.95486],[80.2189,6.95531],[80.21796,6.9559],[80.21753,6.9564],[80.21743,6.95707],[80.21752,6.95767],[80.21768,6.95822],[80.21836,6.95935],[80.21854,6.95984],[80.21843,6.96041],[80.21756,6.96219],[80.21732,6.96312],[80.2172,6.96484],[80.21727,6.96572],[80.21789,6.96856],[80.21785,6.96984],[80.21781,6.97155],[80.21809,6.97207],[80.21824,6.97263],[80.21796,6.97356],[80.21705,6.97527],[80.21683,6.97535],[80.21604,6.97507],[80.21487,6.97407],[80.2146,6.97421],[80.21443,6.97438],[80.21361,6.97618],[80.21319,6.97656],[80.21288,6.97661],[80.21156,6.97657],[80.21083,6.97681],[80.20963,6.97781],[80.20917,6.97805],[80.20724,6.9787],[80.20398,6.97763],[80.20299,6.97712],[80.20134,6.97628],[80.19924,6.97618],[80.19686,6.97701],[80.19455,6.97721],[80.19284,6.97787],[80.19078,6.97852],[80.18942,6.97838],[80.1873,6.97593],[80.18618,6.97535],[80.18361,6.97501],[80.18135,6.97666],[80.17959,6.97741],[80.17921,6.97768],[80.17894,6.9779],[80.17841,6.97844],[80.17758,6.9786],[80.17569,6.97851],[80.17491,6.97863],[80.17355,6.97886],[80.17288,6.97906],[80.17214,6.97928],[80.17069,6.97969],[80.16929,6.97945],[80.16877,6.97891],[80.16878,6.97657],[80.16893,6.97362],[80.16878,6.97255],[80.16821,6.97155],[80.1668,6.97078],[80.16332,6.97099],[80.16166,6.97187],[80.16008,6.97231],[80.15849,6.97274],[80.15438,6.97291],[80.15165,6.97407],[80.15032,6.97378],[80.1479,6.97352],[80.14588,6.97387],[80.1404,6.97465],[80.13589,6.97455],[80.13232,6.97544],[80.13025,6.97501],[80.1283,6.97452],[80.12559,6.97458],[80.12453,6.97469],[80.12397,6.97427],[80.12353,6.97332],[80.12327,6.97182],[80.12242,6.96879],[80.12208,6.96803],[80.12205,6.96652],[80.12195,6.96592],[80.12168,6.96539],[80.12059,6.96496],[80.11768,6.96436],[80.11583,6.96331],[80.11426,6.96285],[80.11246,6.96299],[80.11062,6.96307],[80.10995,6.96287],[80.10967,6.96252],[80.10961,6.96208],[80.1104,6.96032],[80.11029,6.95961],[80.10925,6.9585],[80.10869,6.95774],[80.10735,6.95588],[80.10634,6.95396],[80.10538,6.95353],[80.10147,6.95344],[80.09871,6.95195],[80.09859,6.9517],[80.0985,6.95153],[80.09839,6.94739],[80.09816,6.94639],[80.09774,6.9452],[80.0972,6.94439],[80.09543,6.94204],[80.09383,6.94009],[80.09364,6.93924],[80.09372,6.93835],[80.09426,6.93658],[80.09514,6.93573],[80.09531,6.93452],[80.09511,6.93287],[80.09471,6.93162],[80.09424,6.93002],[80.09497,6.92671],[80.09506,6.92586],[80.09498,6.92476],[80.09384,6.92187],[80.0934,6.92061],[80.09305,6.91843],[80.09364,6.91315],[80.09324,6.91233],[80.09254,6.91194],[80.09204,6.91196],[80.09083,6.91264],[80.0888,6.91369],[80.08841,6.91371],[80.08686,6.91114],[80.08573,6.91027],[80.08451,6.91001],[80.08316,6.90995],[80.08156,6.9105],[80.07816,6.91124],[80.07708,6.91093],[80.07572,6.90898],[80.07534,6.90852],[80.07476,6.90831],[80.07433,6.90827],[80.07374,6.90824],[80.07332,6.90831],[80.073,6.90851],[80.07264,6.90887],[80.0722,6.90919],[80.07129,6.90968],[80.07021,6.91033],[80.06695,6.91236],[80.06571,6.91292],[80.06422,6.91283],[80.06378,6.91228],[80.06334,6.91035],[80.06281,6.90845],[80.06064,6.90707],[80.05847,6.90739],[80.05608,6.9074],[80.05491,6.90748],[80.0544,6.90819],[80.05481,6.90971],[80.05484,6.91077],[80.05439,6.91219],[80.05243,6.91355],[80.04999,6.91361],[80.04771,6.91372],[80.046,6.91439],[80.0442,6.91518],[80.04229,6.91661],[80.0402,6.91897],[80.03266,6.92206],[80.03054,6.92377],[80.02781,6.92482],[80.02531,6.92508],[80.02212,6.92463],[80.02028,6.92471],[80.01996,6.92508],[80.01921,6.92764],[80.01888,6.93019],[80.01805,6.93285],[80.01667,6.93501],[80.01499,6.93697],[80.0144,6.9378],[80.01398,6.93859],[80.01366,6.93937],[80.01349,6.94092],[80.01352,6.94136],[80.01358,6.94173],[80.01367,6.94211],[80.01427,6.94362],[80.01443,6.94461],[80.01446,6.9455],[80.01444,6.946],[80.01438,6.94629],[80.01418,6.94663],[80.01392,6.94684],[80.01356,6.94701],[80.01298,6.94692],[80.01099,6.94583],[80.00967,6.94516],[80.00919,6.94498],[80.00767,6.94485],[80.00467,6.94403],[80.00351,6.94354],[80.00138,6.94245],[80.00103,6.94233],[80.00062,6.94229],[79.99985,6.9423],[79.99722,6.94353],[79.99548,6.94436],[79.9934,6.94401],[79.98956,6.94108],[79.98784,6.93748],[79.98669,6.93564],[79.98614,6.93536],[79.98563,6.93547],[79.98537,6.93586],[79.98514,6.93671],[79.98446,6.93758],[79.98265,6.93863],[79.98052,6.93907],[79.97744,6.93908],[79.97249,6.93802],[79.97068,6.93755],[79.96984,6.93757],[79.9689,6.93827],[79.9688,6.93833],[79.96599,6.94001],[79.96312,6.94121],[79.95979,6.94164],[79.95483,6.94325],[79.95386,6.94312],[79.95311,6.94259],[79.9524,6.94171],[79.95162,6.94122],[79.95068,6.9405],[79.94924,6.93978],[79.94753,6.939],[79.94571,6.93843],[79.94502,6.93831],[79.94437,6.9383],[79.94372,6.93851],[79.94324,6.93901],[79.94308,6.93952],[79.94303,6.94002],[79.94303,6.94061],[79.94309,6.94105],[79.94323,6.94147],[79.9433,6.94177],[79.94333,6.94205],[79.94333,6.94228],[79.94325,6.94254],[79.94313,6.94269],[79.94289,6.94299],[79.94197,6.94375],[79.9389,6.94491],[79.93675,6.94698],[79.93471,6.95023],[79.93327,6.95066],[79.93111,6.95047],[79.92797,6.94907],[79.92594,6.94947],[79.92567,6.95083],[79.92498,6.95164],[79.92426,6.95221],[79.92332,6.95246],[79.92237,6.95249],[79.92114,6.95174],[79.92073,6.9511],[79.92044,6.94953],[79.91889,6.94704],[79.91774,6.94619],[79.91624,6.94559],[79.9127,6.94666],[79.91188,6.94745],[79.91169,6.94838],[79.91141,6.94971],[79.91083,6.95042],[79.91006,6.95047],[79.90875,6.94947],[79.90744,6.94868],[79.90523,6.94762],[79.90319,6.947],[79.90031,6.94725],[79.89823,6.94787],[79.89727,6.94923],[79.89678,6.94962],[79.89634,6.95094],[79.89637,6.95161],[79.89682,6.95214],[79.89836,6.95243],[79.89852,6.95246],[79.89991,6.95343],[79.90054,6.95452],[79.89991,6.95592],[79.89727,6.95631],[79.8955,6.95585],[79.89296,6.95497],[79.88991,6.95457],[79.88633,6.9541],[79.88344,6.95434],[79.88252,6.95463],[79.88155,6.95522],[79.87921,6.95833],[79.87858,6.96003],[79.87841,6.96307],[79.8786,6.96369],[79.87914,6.96537],[79.88145,6.96748],[79.88363,6.97042],[79.8845,6.97202],[79.88495,6.97376],[79.88489,6.97641],[79.88446,6.97794],[79.88352,6.97939],[79.88074,6.98119],[79.88049,6.98122],[79.87936,6.98136],[79.87718,6.98083],[79.87459,6.9808],[79.87395,6.98073],[79.86999,6.97928],[79.8699,6.9793]]]}},{"type":"Feature","properties":{"slug":"gampaha","name":"Gampaha","district_id":2,"iso":"LK-12"},"geometry":{"type":"Polygon","coordinates":[[[80.17921,6.97768],[80.18118,6.98141],[80.18161,6.98594],[80.18178,6.98964],[80.18154,6.99096],[80.18111,6.99611],[80.18002,6.99896],[80.17836,7.00039],[80.17797,7.00323],[80.17689,7.00721],[80.17561,7.01112],[80.17468,7.01496],[80.17241,7.01914],[80.17114,7.02191],[80.17078,7.02351],[80.17046,7.02869],[80.17063,7.03134],[80.17034,7.034],[80.16942,7.0376],[80.16785,7.04101],[80.16806,7.04752],[80.16743,7.04886],[80.16641,7.05016],[80.16558,7.05279],[80.16443,7.05357],[80.1634,7.05461],[80.16267,7.05706],[80.16286,7.05869],[80.16341,7.05934],[80.16365,7.05962],[80.16518,7.06084],[80.16666,7.06244],[80.16715,7.06378],[80.1671,7.06509],[80.16686,7.06636],[80.16699,7.06733],[80.16834,7.06873],[80.16966,7.06962],[80.17188,7.07118],[80.17396,7.07296],[80.17507,7.07535],[80.17557,7.07782],[80.17591,7.08013],[80.17701,7.08268],[80.17941,7.08474],[80.18111,7.08555],[80.18275,7.08696],[80.18796,7.08993],[80.1881,7.0908],[80.18714,7.09565],[80.18733,7.09771],[80.18731,7.10083],[80.18705,7.10199],[80.18549,7.10452],[80.18555,7.1052],[80.18879,7.10376],[80.19509,7.10179],[80.19617,7.10235],[80.19635,7.10983],[80.19639,7.11165],[80.19776,7.11317],[80.19918,7.11711],[80.20179,7.11857],[80.20326,7.11948],[80.20491,7.12286],[80.20718,7.12809],[80.21007,7.1299],[80.21235,7.13023],[80.21268,7.13202],[80.21239,7.13301],[80.21195,7.1335],[80.20918,7.13505],[80.20869,7.13514],[80.20795,7.13519],[80.20638,7.13536],[80.20524,7.1356],[80.20408,7.13613],[80.20299,7.13725],[80.20267,7.13754],[80.20229,7.13763],[80.2021,7.13756],[80.20187,7.13744],[80.20096,7.13609],[80.20009,7.13544],[80.1988,7.13511],[80.19809,7.13502],[80.19742,7.13526],[80.1962,7.13618],[80.19544,7.13703],[80.19439,7.13769],[80.19257,7.13789],[80.19048,7.13781],[80.18633,7.13807],[80.18434,7.13829],[80.1833,7.13833],[80.18229,7.13805],[80.18153,7.13772],[80.18071,7.13685],[80.17995,7.13576],[80.17897,7.13449],[80.17832,7.13396],[80.17754,7.13349],[80.17663,7.133],[80.17476,7.13265],[80.17175,7.13247],[80.17024,7.13025],[80.16929,7.12937],[80.16786,7.12805],[80.1661,7.12695],[80.16513,7.12642],[80.16363,7.12617],[80.16272,7.12692],[80.16014,7.13022],[80.16012,7.13024],[80.16005,7.13034],[80.15985,7.13058],[80.15973,7.13124],[80.15934,7.13334],[80.15932,7.1347],[80.15811,7.13652],[80.15655,7.14402],[80.15599,7.14785],[80.15459,7.15202],[80.15441,7.15319],[80.15633,7.15586],[80.15681,7.15785],[80.15677,7.16072],[80.15722,7.16395],[80.15634,7.16868],[80.15486,7.17347],[80.1545,7.17794],[80.15417,7.17956],[80.15398,7.1805],[80.1539,7.18091],[80.15386,7.18109],[80.15382,7.18128],[80.15378,7.18149],[80.15374,7.18169],[80.15363,7.18224],[80.15344,7.18316],[80.15286,7.18384],[80.15281,7.18391],[80.1527,7.18403],[80.15259,7.18417],[80.15228,7.1843],[80.15182,7.18449],[80.15152,7.18462],[80.15103,7.18483],[80.15032,7.18513],[80.14884,7.18552],[80.14674,7.18687],[80.14584,7.18753],[80.14537,7.18832],[80.14552,7.18916],[80.14608,7.18965],[80.14657,7.18983],[80.14686,7.18993],[80.14777,7.18993],[80.14945,7.18959],[80.14982,7.18973],[80.15019,7.18988],[80.1505,7.19097],[80.15064,7.1925],[80.15123,7.19288],[80.15193,7.19307],[80.15262,7.19285],[80.15323,7.19247],[80.15407,7.19152],[80.15437,7.19059],[80.15459,7.18929],[80.15469,7.1881],[80.15469,7.18803],[80.15479,7.18694],[80.15522,7.18587],[80.15587,7.18534],[80.15596,7.18527],[80.15611,7.18515],[80.15622,7.18506],[80.15641,7.1849],[80.15724,7.18465],[80.1581,7.1845],[80.15884,7.18453],[80.15949,7.18461],[80.15998,7.18501],[80.16039,7.18549],[80.16094,7.18677],[80.16118,7.18828],[80.16124,7.18921],[80.1612,7.18951],[80.16119,7.18956],[80.16029,7.19047],[80.16021,7.19065],[80.15995,7.19127],[80.15995,7.19216],[80.16018,7.19262],[80.16033,7.19282],[80.16067,7.19325],[80.16148,7.19352],[80.16248,7.19352],[80.16395,7.19285],[80.16494,7.19269],[80.16598,7.19286],[80.1674,7.19348],[80.1683,7.19447],[80.16842,7.19461],[80.16901,7.19528],[80.16935,7.19561],[80.16977,7.19583],[80.17013,7.19589],[80.17053,7.19596],[80.17147,7.19584],[80.17309,7.19534],[80.17706,7.19389],[80.18051,7.19373],[80.18153,7.19363],[80.18203,7.19375],[80.18237,7.19405],[80.18254,7.19449],[80.18261,7.19478],[80.1835,7.19581],[80.18427,7.19627],[80.18427,7.19663],[80.18416,7.19694],[80.18334,7.19828],[80.18306,7.19885],[80.1831,7.19959],[80.18365,7.20057],[80.18432,7.20145],[80.18467,7.20194],[80.1848,7.20243],[80.18495,7.20345],[80.18522,7.20404],[80.1857,7.20443],[80.1862,7.20462],[80.18646,7.20491],[80.18612,7.20608],[80.18553,7.2072],[80.18481,7.20828],[80.18431,7.21073],[80.18463,7.21324],[80.18707,7.21758],[80.18832,7.21964],[80.18895,7.22085],[80.18905,7.22203],[80.18859,7.22296],[80.18833,7.22385],[80.18838,7.22465],[80.18864,7.22528],[80.18908,7.22593],[80.1896,7.22643],[80.18912,7.22719],[80.18848,7.22798],[80.18826,7.22882],[80.1888,7.23015],[80.18852,7.23115],[80.18806,7.23213],[80.18707,7.23396],[80.18659,7.2352],[80.18671,7.23615],[80.18841,7.23768],[80.19065,7.23917],[80.19261,7.24021],[80.19576,7.24094],[80.20019,7.24487],[80.20041,7.24793],[80.20028,7.24939],[80.19985,7.25064],[80.1955,7.25719],[80.19564,7.25822],[80.19205,7.26179],[80.19049,7.2638],[80.18938,7.26383],[80.18747,7.26222],[80.18654,7.26136],[80.18506,7.26121],[80.18393,7.26247],[80.18313,7.26628],[80.18239,7.26772],[80.18104,7.26912],[80.17926,7.27028],[80.17733,7.27252],[80.17594,7.27569],[80.17416,7.27777],[80.17035,7.28067],[80.16953,7.28183],[80.16869,7.28542],[80.16495,7.28836],[80.16307,7.29008],[80.15901,7.29048],[80.15721,7.2927],[80.15541,7.29365],[80.15476,7.29526],[80.15402,7.29612],[80.15222,7.29752],[80.14976,7.29882],[80.14757,7.2994],[80.14595,7.30145],[80.14416,7.30321],[80.14303,7.30455],[80.14285,7.30533],[80.14303,7.3061],[80.14441,7.30748],[80.14612,7.30838],[80.14717,7.30936],[80.14806,7.31038],[80.14872,7.31136],[80.14877,7.3124],[80.14775,7.31352],[80.14592,7.31444],[80.14439,7.31596],[80.14291,7.31756],[80.1412,7.31889],[80.1403,7.31988],[80.14013,7.32054],[80.14001,7.32247],[80.13937,7.32315],[80.13855,7.3237],[80.13665,7.32445],[80.13323,7.32689],[80.13056,7.32828],[80.12816,7.32918],[80.12416,7.33053],[80.12372,7.33035],[80.12332,7.33008],[80.12277,7.3294],[80.12171,7.32796],[80.1193,7.3262],[80.11689,7.32492],[80.11416,7.32417],[80.11155,7.32325],[80.10928,7.32191],[80.10776,7.32108],[80.10671,7.32013],[80.10475,7.31795],[80.10393,7.3172],[80.10363,7.31637],[80.10347,7.3157],[80.10333,7.31463],[80.10295,7.31381],[80.10229,7.31313],[80.10158,7.31248],[80.10072,7.31209],[80.09994,7.31242],[80.09899,7.31193],[80.09786,7.31099],[80.0943,7.3073],[80.09202,7.30654],[80.09049,7.30579],[80.08906,7.30444],[80.08799,7.30373],[80.08732,7.30339],[80.087,7.30341],[80.0867,7.3036],[80.08636,7.30422],[80.08593,7.3046],[80.08522,7.30482],[80.08459,7.30478],[80.08399,7.30457],[80.08331,7.3038],[80.0828,7.30276],[80.08246,7.30199],[80.0825,7.30122],[80.08248,7.29958],[80.08215,7.29852],[80.07682,7.2951],[80.07184,7.29143],[80.0667,7.28825],[80.0636,7.28572],[80.0618,7.28526],[80.06015,7.2844],[80.05919,7.28388],[80.05786,7.28397],[80.05684,7.28393],[80.05581,7.2841],[80.05426,7.28441],[80.05366,7.28526],[80.05317,7.28618],[80.05342,7.28715],[80.05362,7.28904],[80.05349,7.29042],[80.0532,7.29099],[80.05117,7.29256],[80.04832,7.29427],[80.04732,7.29529],[80.04693,7.29598],[80.04689,7.29653],[80.04696,7.29783],[80.04728,7.29855],[80.0474,7.29901],[80.04669,7.29959],[80.04568,7.29982],[80.04307,7.30029],[80.04093,7.30188],[80.03931,7.30318],[80.03824,7.30348],[80.03703,7.3036],[80.03475,7.30311],[80.03272,7.30199],[80.03216,7.30172],[80.03154,7.30183],[80.03083,7.30256],[80.0305,7.30555],[80.03014,7.30685],[80.03005,7.30821],[80.02915,7.30974],[80.02677,7.31116],[80.02495,7.3123],[80.02475,7.31316],[80.0248,7.31405],[80.02637,7.31501],[80.02739,7.31653],[80.02734,7.31709],[80.02702,7.31758],[80.02666,7.31793],[80.02451,7.31773],[80.02005,7.31769],[80.01595,7.3144],[80.01484,7.31452],[80.01415,7.31655],[80.01132,7.31713],[80.00992,7.31761],[80.00925,7.31912],[80.00902,7.32073],[80.00859,7.32132],[80.00679,7.32123],[80.00562,7.32034],[80.0055,7.31841],[80.00427,7.31486],[80.00228,7.3143],[80.00119,7.31469],[79.99998,7.31457],[79.99908,7.31446],[79.99748,7.31322],[79.99726,7.31194],[79.99584,7.31023],[79.99363,7.30957],[79.99012,7.30875],[79.98815,7.30664],[79.98802,7.30579],[79.98898,7.30509],[79.9911,7.30493],[79.99468,7.30586],[79.99509,7.30523],[79.99498,7.304],[79.99438,7.30324],[79.99277,7.30313],[79.99167,7.3034],[79.98948,7.30333],[79.9881,7.30222],[79.98702,7.30174],[79.98644,7.30155],[79.98452,7.30155],[79.98337,7.30181],[79.98212,7.30143],[79.98035,7.30011],[79.97922,7.29763],[79.97864,7.29393],[79.97836,7.29314],[79.9776,7.29251],[79.97607,7.29216],[79.97507,7.29233],[79.97349,7.29306],[79.97225,7.29289],[79.97056,7.29081],[79.97006,7.29001],[79.96942,7.28948],[79.96848,7.28921],[79.96704,7.2892],[79.96571,7.28948],[79.96337,7.29154],[79.96188,7.29285],[79.96019,7.29367],[79.95879,7.2939],[79.9572,7.2942],[79.95661,7.29389],[79.95685,7.29296],[79.95745,7.29145],[79.95714,7.29043],[79.95669,7.29011],[79.95423,7.29009],[79.95296,7.2902],[79.95176,7.29015],[79.95133,7.28997],[79.95101,7.28966],[79.95062,7.28891],[79.95095,7.28771],[79.9511,7.28726],[79.95141,7.28627],[79.95164,7.28592],[79.95238,7.2848],[79.95383,7.28393],[79.9559,7.28321],[79.95608,7.28299],[79.956,7.28265],[79.9556,7.28241],[79.95537,7.28232],[79.95523,7.28183],[79.955,7.28115],[79.95469,7.28052],[79.95391,7.28033],[79.95375,7.28039],[79.95342,7.28095],[79.95227,7.28069],[79.95134,7.28053],[79.9503,7.28098],[79.94937,7.28094],[79.94851,7.28054],[79.9471,7.27948],[79.94676,7.2782],[79.94701,7.27743],[79.94764,7.27678],[79.9475,7.27634],[79.94718,7.27604],[79.9467,7.27558],[79.9466,7.27485],[79.94654,7.27454],[79.94627,7.27416],[79.94593,7.27392],[79.94531,7.27404],[79.94458,7.27437],[79.94356,7.27502],[79.9426,7.27567],[79.94184,7.27629],[79.94156,7.27649],[79.94065,7.27742],[79.93998,7.27844],[79.93931,7.2796],[79.93893,7.28028],[79.93848,7.28066],[79.9381,7.28075],[79.93775,7.28059],[79.93745,7.28037],[79.93694,7.27965],[79.93562,7.27855],[79.93387,7.27821],[79.93164,7.27904],[79.92995,7.28081],[79.92925,7.2819],[79.92826,7.2829],[79.92652,7.28397],[79.92487,7.28472],[79.92398,7.28447],[79.92326,7.28352],[79.92361,7.28134],[79.92535,7.27822],[79.9282,7.275],[79.92839,7.27311],[79.92734,7.27187],[79.92602,7.27126],[79.92531,7.27143],[79.92445,7.27195],[79.92453,7.27324],[79.92489,7.27521],[79.925,7.27685],[79.9247,7.27766],[79.92351,7.27814],[79.92169,7.27789],[79.92029,7.27695],[79.91909,7.27664],[79.917,7.27698],[79.91608,7.27716],[79.91503,7.27694],[79.91461,7.27627],[79.91453,7.27534],[79.91658,7.27195],[79.91658,7.27091],[79.9162,7.26981],[79.91532,7.26873],[79.91327,7.26786],[79.91095,7.26724],[79.90937,7.26616],[79.90786,7.26533],[79.90656,7.26576],[79.90572,7.26653],[79.90528,7.26772],[79.90537,7.26886],[79.90595,7.27035],[79.90882,7.27345],[79.90957,7.27528],[79.90984,7.27753],[79.90942,7.27975],[79.90852,7.28039],[79.90751,7.28054],[79.90693,7.28048],[79.9068,7.27956],[79.90735,7.27695],[79.90699,7.27474],[79.9054,7.27404],[79.90293,7.27474],[79.9018,7.2779],[79.90155,7.27973],[79.90084,7.28102],[79.89923,7.28141],[79.89891,7.28041],[79.89916,7.27792],[79.89883,7.27587],[79.89786,7.27481],[79.89517,7.27457],[79.89114,7.27376],[79.88904,7.27359],[79.88728,7.27392],[79.88611,7.27378],[79.88479,7.27392],[79.88403,7.27486],[79.88312,7.27629],[79.88172,7.27889],[79.8805,7.28069],[79.87826,7.28195],[79.87576,7.28271],[79.87388,7.28268],[79.87095,7.28092],[79.87008,7.27952],[79.87012,7.27732],[79.8698,7.27538],[79.86801,7.27246],[79.8663,7.2709],[79.86338,7.27053],[79.85995,7.26991],[79.85869,7.27032],[79.85763,7.27242],[79.8565,7.27562],[79.8548,7.27715],[79.85337,7.27734],[79.8515,7.27644],[79.85136,7.2754],[79.85292,7.27409],[79.85222,7.27281],[79.85018,7.27211],[79.84628,7.27239],[79.84202,7.27339],[79.84213,7.27285],[79.8425,7.2719],[79.8425,7.271],[79.84204,7.2705],[79.84252,7.26983],[79.84266,7.26899],[79.84249,7.2677],[79.84271,7.26649],[79.84265,7.26526],[79.84222,7.26438],[79.84181,7.26407],[79.84125,7.26403],[79.84099,7.26417],[79.84089,7.2634],[79.84122,7.26347],[79.8416,7.26296],[79.84178,7.26233],[79.84188,7.26068],[79.84195,7.25632],[79.84138,7.25553],[79.84101,7.25539],[79.84067,7.25558],[79.84061,7.25463],[79.84122,7.25438],[79.8414,7.25368],[79.84162,7.24887],[79.84134,7.24765],[79.84105,7.24737],[79.84071,7.24733],[79.84046,7.24689],[79.8404,7.24626],[79.84062,7.24591],[79.84059,7.24475],[79.84074,7.24225],[79.8407,7.23979],[79.84068,7.23888],[79.84037,7.23826],[79.84,7.23825],[79.83973,7.23715],[79.83967,7.23688],[79.83972,7.23477],[79.83968,7.23236],[79.83943,7.23],[79.839,7.22401],[79.83899,7.22381],[79.8384,7.22129],[79.837,7.21732],[79.83642,7.21607],[79.83604,7.21548],[79.83562,7.215],[79.83553,7.21502],[79.83504,7.21433],[79.83484,7.21399],[79.83469,7.21371],[79.83447,7.21329],[79.83385,7.21259],[79.83351,7.21221],[79.83317,7.212],[79.83262,7.21165],[79.83191,7.21199],[79.83165,7.21215],[79.83135,7.21158],[79.82997,7.20962],[79.82974,7.20943],[79.82961,7.20942],[79.8287,7.20992],[79.82865,7.20981],[79.82937,7.20944],[79.82934,7.20925],[79.82933,7.20902],[79.8292,7.20871],[79.82907,7.20849],[79.82893,7.20831],[79.8288,7.20817],[79.82865,7.20799],[79.82855,7.2079],[79.82855,7.20782],[79.82859,7.20766],[79.82868,7.20754],[79.82877,7.20743],[79.82933,7.20718],[79.82934,7.20707],[79.82943,7.20708],[79.8295,7.20694],[79.82951,7.20671],[79.82943,7.20642],[79.82941,7.2063],[79.82946,7.20619],[79.82954,7.20617],[79.82965,7.20617],[79.82963,7.20632],[79.82962,7.20647],[79.82969,7.20656],[79.82999,7.20672],[79.83017,7.20674],[79.8305,7.20694],[79.83074,7.20704],[79.83104,7.20712],[79.83122,7.20726],[79.83145,7.20738],[79.83184,7.20757],[79.832,7.20768],[79.83215,7.20776],[79.83237,7.20783],[79.83267,7.20802],[79.83257,7.2082],[79.83248,7.20833],[79.83246,7.20848],[79.83241,7.20851],[79.83229,7.20867],[79.8323,7.20876],[79.83239,7.20881],[79.83249,7.20855],[79.83257,7.20857],[79.83244,7.20884],[79.8325,7.20885],[79.83267,7.20862],[79.83266,7.20858],[79.83268,7.20852],[79.83261,7.20839],[79.83256,7.20835],[79.83258,7.2083],[79.83263,7.2083],[79.83264,7.20827],[79.8327,7.20828],[79.83281,7.20816],[79.8329,7.20809],[79.83292,7.20799],[79.83301,7.20788],[79.83318,7.20786],[79.83333,7.20788],[79.83504,7.20818],[79.83592,7.20827],[79.83617,7.20816],[79.83622,7.20804],[79.83634,7.20799],[79.83641,7.20806],[79.83645,7.20805],[79.83655,7.20814],[79.83666,7.20809],[79.83677,7.20804],[79.83662,7.20788],[79.83649,7.20795],[79.83647,7.20798],[79.83642,7.20792],[79.83654,7.20781],[79.83697,7.20772],[79.8371,7.20791],[79.83714,7.20788],[79.83721,7.20786],[79.83718,7.20775],[79.83756,7.20735],[79.83795,7.20654],[79.83805,7.2061],[79.83805,7.206],[79.83811,7.20589],[79.8383,7.20598],[79.83853,7.20605],[79.83875,7.20611],[79.83881,7.2061],[79.83901,7.20617],[79.83906,7.20617],[79.83914,7.20625],[79.83929,7.20634],[79.83949,7.20643],[79.83984,7.20654],[79.83997,7.2066],[79.83998,7.20654],[79.83991,7.20649],[79.83977,7.20645],[79.83958,7.20639],[79.83928,7.20627],[79.83897,7.20609],[79.83896,7.20605],[79.83866,7.20602],[79.83852,7.20599],[79.83829,7.20591],[79.83817,7.20583],[79.83813,7.20567],[79.83799,7.20526],[79.83809,7.20473],[79.83832,7.20351],[79.838,7.20241],[79.83767,7.2018],[79.83711,7.20139],[79.83697,7.20135],[79.8369,7.20126],[79.83692,7.20118],[79.83696,7.20111],[79.83768,7.20105],[79.8377,7.201],[79.83795,7.20096],[79.83792,7.20042],[79.83815,7.20036],[79.83839,7.20032],[79.83883,7.20032],[79.83883,7.20023],[79.83904,7.20016],[79.83904,7.20003],[79.83898,7.20004],[79.83887,7.2001],[79.83874,7.20012],[79.83867,7.20008],[79.83866,7.2],[79.83855,7.20004],[79.83841,7.20005],[79.83831,7.20012],[79.83813,7.20022],[79.83805,7.20024],[79.83804,7.20031],[79.83786,7.2004],[79.83782,7.20052],[79.83783,7.20067],[79.83783,7.20092],[79.83774,7.20095],[79.83699,7.20104],[79.8366,7.20104],[79.83645,7.20096],[79.83594,7.2005],[79.83603,7.19973],[79.83636,7.1989],[79.83634,7.19817],[79.83613,7.19746],[79.83572,7.19591],[79.83649,7.19505],[79.83748,7.19489],[79.83858,7.19458],[79.83906,7.19472],[79.83965,7.19449],[79.84073,7.19485],[79.84167,7.19503],[79.84267,7.19509],[79.84452,7.19559],[79.84619,7.19623],[79.84682,7.19709],[79.84682,7.1974],[79.84662,7.19772],[79.8467,7.19811],[79.8473,7.19888],[79.84803,7.19915],[79.84894,7.19865],[79.84912,7.19811],[79.84952,7.19762],[79.85062,7.19644],[79.85153,7.19584],[79.85261,7.19504],[79.85352,7.19304],[79.85393,7.19197],[79.854,7.19117],[79.85436,7.19001],[79.85431,7.1894],[79.85545,7.18846],[79.85688,7.18617],[79.85837,7.18339],[79.85834,7.1827],[79.85809,7.18217],[79.85782,7.18205],[79.85744,7.1819],[79.85734,7.18146],[79.85776,7.18101],[79.8587,7.18084],[79.85949,7.18],[79.8608,7.17819],[79.86161,7.17665],[79.86315,7.1741],[79.86556,7.1695],[79.8671,7.16592],[79.86682,7.16494],[79.86663,7.16436],[79.86727,7.16354],[79.86779,7.16269],[79.8678,7.1614],[79.86827,7.158],[79.86832,7.15633],[79.86857,7.15551],[79.86854,7.15507],[79.86848,7.15479],[79.8684,7.15443],[79.86826,7.15386],[79.86816,7.15336],[79.86794,7.15375],[79.86724,7.1556],[79.86658,7.15676],[79.86626,7.15664],[79.86612,7.1556],[79.86604,7.15435],[79.86632,7.15314],[79.86662,7.15208],[79.86652,7.15148],[79.8668,7.1499],[79.86683,7.14902],[79.8667,7.1472],[79.86666,7.1455],[79.86663,7.14395],[79.86665,7.14288],[79.86665,7.14285],[79.86672,7.14198],[79.86732,7.14031],[79.86842,7.13744],[79.87094,7.13173],[79.87112,7.1294],[79.87115,7.12777],[79.87036,7.12668],[79.86965,7.1254],[79.86941,7.12357],[79.87019,7.12196],[79.87088,7.12115],[79.87149,7.12168],[79.87214,7.12152],[79.87209,7.12058],[79.87181,7.11967],[79.87129,7.11819],[79.87034,7.11823],[79.87005,7.11774],[79.87015,7.11743],[79.87074,7.11728],[79.87099,7.11633],[79.87099,7.11548],[79.8724,7.11459],[79.87342,7.11437],[79.87423,7.11393],[79.87443,7.11385],[79.87444,7.11357],[79.87394,7.11356],[79.87325,7.11387],[79.8726,7.11372],[79.87203,7.11407],[79.87125,7.11451],[79.87072,7.11416],[79.87051,7.11465],[79.87012,7.11486],[79.86972,7.11541],[79.86945,7.11557],[79.8689,7.11625],[79.86842,7.11605],[79.8681,7.11465],[79.86819,7.11346],[79.86802,7.11318],[79.86802,7.11251],[79.86776,7.11173],[79.86749,7.1116],[79.86684,7.11178],[79.86685,7.11263],[79.86615,7.11204],[79.86562,7.11216],[79.86527,7.11244],[79.86529,7.11286],[79.86533,7.11337],[79.86473,7.11344],[79.86414,7.11414],[79.86329,7.11556],[79.86238,7.11767],[79.86258,7.12007],[79.86299,7.12067],[79.863,7.12164],[79.8629,7.12284],[79.86308,7.12425],[79.86306,7.12543],[79.86276,7.12612],[79.86243,7.12585],[79.86198,7.12512],[79.86175,7.12372],[79.86126,7.12256],[79.86074,7.1221],[79.86001,7.12179],[79.86002,7.11996],[79.85972,7.11784],[79.85919,7.11756],[79.85828,7.11697],[79.85824,7.11614],[79.85867,7.1154],[79.85914,7.11445],[79.85923,7.11398],[79.85874,7.11376],[79.85832,7.11314],[79.85874,7.11291],[79.85927,7.11265],[79.85952,7.11226],[79.85917,7.1118],[79.8586,7.11139],[79.85743,7.11144],[79.85697,7.11155],[79.85618,7.11254],[79.8557,7.11206],[79.85557,7.11133],[79.8556,7.11114],[79.85588,7.11067],[79.85584,7.11022],[79.85627,7.10988],[79.85636,7.1091],[79.85618,7.1082],[79.85653,7.10771],[79.85726,7.10722],[79.85778,7.10639],[79.85766,7.10563],[79.85743,7.10529],[79.857,7.10598],[79.85632,7.10587],[79.85584,7.10641],[79.85512,7.10699],[79.8548,7.10691],[79.85439,7.10681],[79.85381,7.10671],[79.85341,7.10675],[79.85373,7.10623],[79.85428,7.10545],[79.85496,7.10473],[79.8557,7.10357],[79.85598,7.1033],[79.85644,7.10306],[79.85677,7.10269],[79.85655,7.10181],[79.85617,7.10118],[79.85576,7.1013],[79.85483,7.10376],[79.85408,7.105],[79.85344,7.10637],[79.85178,7.10692],[79.8511,7.10739],[79.85084,7.10819],[79.85025,7.10878],[79.8494,7.10916],[79.84955,7.10958],[79.84838,7.10971],[79.84766,7.10925],[79.84702,7.10988],[79.84753,7.11144],[79.84701,7.11201],[79.84645,7.11161],[79.846,7.11134],[79.84534,7.11188],[79.84467,7.11149],[79.84513,7.11216],[79.84536,7.11308],[79.84585,7.11475],[79.84513,7.11497],[79.84532,7.116],[79.84587,7.11712],[79.84642,7.11874],[79.8472,7.12029],[79.84537,7.12154],[79.84181,7.12531],[79.84157,7.12647],[79.84088,7.12676],[79.84029,7.12842],[79.83931,7.13069],[79.83888,7.13169],[79.83906,7.13254],[79.83955,7.13383],[79.8394,7.13605],[79.83853,7.1377],[79.83801,7.13908],[79.83805,7.14026],[79.83805,7.14216],[79.83774,7.14308],[79.83749,7.14385],[79.83824,7.14476],[79.83871,7.14594],[79.83684,7.14731],[79.83629,7.14771],[79.83602,7.14791],[79.83324,7.14997],[79.83238,7.15198],[79.83216,7.15431],[79.83193,7.15613],[79.83251,7.15802],[79.83226,7.15931],[79.82994,7.1615],[79.82882,7.16434],[79.82763,7.16702],[79.82771,7.16852],[79.82568,7.17211],[79.82564,7.17322],[79.82528,7.1742],[79.82528,7.17622],[79.82548,7.17839],[79.82528,7.18012],[79.82401,7.18076],[79.82309,7.18166],[79.82278,7.18316],[79.82353,7.18522],[79.82413,7.18601],[79.82429,7.18727],[79.82459,7.18788],[79.82469,7.18847],[79.82405,7.18867],[79.82412,7.189],[79.82425,7.18917],[79.82455,7.18933],[79.82606,7.18947],[79.82658,7.1902],[79.8266,7.19154],[79.82699,7.19243],[79.8278,7.196],[79.82951,7.19754],[79.83018,7.19903],[79.83061,7.20063],[79.83031,7.20202],[79.82936,7.20322],[79.82735,7.20471],[79.82669,7.20613],[79.82576,7.20824],[79.82283,7.20823],[79.82119,7.20789],[79.81943,7.20726],[79.81929,7.20695],[79.81907,7.20627],[79.81861,7.20556],[79.81786,7.20515],[79.81749,7.20432],[79.81717,7.20371],[79.8169,7.20346],[79.81738,7.20026],[79.81754,7.19955],[79.81797,7.19704],[79.81927,7.18993],[79.82002,7.18576],[79.82058,7.18263],[79.82105,7.18043],[79.82141,7.17871],[79.82324,7.17224],[79.82429,7.16852],[79.82594,7.16267],[79.82688,7.15912],[79.82852,7.15263],[79.82981,7.14823],[79.83071,7.14528],[79.83117,7.14435],[79.83144,7.14288],[79.83162,7.14187],[79.83214,7.14],[79.83316,7.13723],[79.83421,7.13435],[79.83564,7.13028],[79.83702,7.12623],[79.8379,7.12364],[79.83829,7.12252],[79.83921,7.12013],[79.84038,7.1171],[79.84042,7.11669],[79.84029,7.11626],[79.84015,7.11605],[79.83981,7.11613],[79.83966,7.11631],[79.83968,7.1161],[79.83985,7.116],[79.84041,7.11581],[79.84074,7.11579],[79.84122,7.11468],[79.84163,7.11374],[79.84185,7.11316],[79.84215,7.11244],[79.84262,7.10983],[79.8428,7.10864],[79.84302,7.10806],[79.84325,7.10601],[79.8463,7.09014],[79.85589,7.04896],[79.86171,7.02596],[79.86232,7.02328],[79.8627,7.0202],[79.86378,7.01702],[79.86398,7.01475],[79.86484,7.01097],[79.86514,7.01027],[79.86518,7.00905],[79.8658,7.00822],[79.86699,7.0059],[79.86683,7.00431],[79.86757,7.00288],[79.8677,7.00241],[79.86746,7.00175],[79.86801,7.00133],[79.86815,7.00066],[79.86763,6.99955],[79.86735,6.99933],[79.86695,6.99921],[79.86692,6.9991],[79.86732,6.99905],[79.86761,6.99878],[79.86786,6.99826],[79.86797,6.99772],[79.86805,6.99717],[79.86795,6.99661],[79.8677,6.99635],[79.86729,6.9963],[79.86786,6.99574],[79.86793,6.9954],[79.86778,6.99499],[79.86779,6.99452],[79.86743,6.99442],[79.86743,6.99435],[79.86781,6.99428],[79.86797,6.99397],[79.86795,6.99333],[79.86804,6.99315],[79.86801,6.99299],[79.8677,6.99294],[79.86772,6.99283],[79.86796,6.99282],[79.86808,6.99245],[79.8681,6.99206],[79.86826,6.9915],[79.86834,6.99087],[79.86784,6.99076],[79.86781,6.99068],[79.8682,6.99054],[79.86843,6.98986],[79.86855,6.98922],[79.86852,6.98875],[79.8681,6.98871],[79.86808,6.98864],[79.86849,6.98861],[79.86854,6.98855],[79.86859,6.98836],[79.8689,6.98726],[79.86893,6.9868],[79.86878,6.98651],[79.86818,6.98643],[79.8682,6.9863],[79.86881,6.98635],[79.8689,6.98615],[79.86902,6.98582],[79.86918,6.98497],[79.86902,6.98419],[79.86845,6.9841],[79.86906,6.98409],[79.86916,6.98383],[79.86918,6.98359],[79.86895,6.98353],[79.86926,6.98349],[79.8693,6.9829],[79.86923,6.98231],[79.86913,6.98195],[79.86901,6.98194],[79.86901,6.98188],[79.86914,6.98183],[79.86914,6.98164],[79.86909,6.98147],[79.86895,6.98144],[79.86894,6.98138],[79.86911,6.98132],[79.86909,6.9811],[79.86909,6.98092],[79.86894,6.98089],[79.86894,6.98081],[79.8691,6.98076],[79.86913,6.98049],[79.86911,6.98016],[79.86901,6.98014],[79.86898,6.98009],[79.86902,6.98002],[79.86915,6.98002],[79.86919,6.97984],[79.86922,6.97976],[79.86921,6.97957],[79.86925,6.97958],[79.86938,6.9797],[79.86955,6.97964],[79.86965,6.97956],[79.8699,6.9793],[79.86999,6.97928],[79.87395,6.98073],[79.87459,6.9808],[79.87718,6.98083],[79.87936,6.98136],[79.88049,6.98122],[79.88074,6.98119],[79.88352,6.97939],[79.88446,6.97794],[79.88489,6.97641],[79.88495,6.97376],[79.8845,6.97202],[79.88363,6.97042],[79.88145,6.96748],[79.87914,6.96537],[79.8786,6.96369],[79.87841,6.96307],[79.87858,6.96003],[79.87921,6.95833],[79.88155,6.95522],[79.88252,6.95463],[79.88344,6.95434],[79.88633,6.9541],[79.88991,6.95457],[79.89296,6.95497],[79.8955,6.95585],[79.89727,6.95631],[79.89991,6.95592],[79.90054,6.95452],[79.89991,6.95343],[79.89852,6.95246],[79.89836,6.95243],[79.89682,6.95214],[79.89637,6.95161],[79.89634,6.95094],[79.89678,6.94962],[79.89727,6.94923],[79.89823,6.94787],[79.90031,6.94725],[79.90319,6.947],[79.90523,6.94762],[79.90744,6.94868],[79.90875,6.94947],[79.91006,6.95047],[79.91083,6.95042],[79.91141,6.94971],[79.91169,6.94838],[79.91188,6.94745],[79.9127,6.94666],[79.91624,6.94559],[79.91774,6.94619],[79.91889,6.94704],[79.92044,6.94953],[79.92073,6.9511],[79.92114,6.95174],[79.92237,6.95249],[79.92332,6.95246],[79.92426,6.95221],[79.92498,6.95164],[79.92567,6.95083],[79.92594,6.94947],[79.92797,6.94907],[79.93111,6.95047],[79.93327,6.95066],[79.93471,6.95023],[79.93675,6.94698],[79.9389,6.94491],[79.94197,6.94375],[79.94289,6.94299],[79.94313,6.94269],[79.94325,6.94254],[79.94333,6.94228],[79.94333,6.94205],[79.9433,6.94177],[79.94323,6.94147],[79.94309,6.94105],[79.94303,6.94061],[79.94303,6.94002],[79.94308,6.93952],[79.94324,6.93901],[79.94372,6.93851],[79.94437,6.9383],[79.94502,6.93831],[79.94571,6.93843],[79.94753,6.939],[79.94924,6.93978],[79.95068,6.9405],[79.95162,6.94122],[79.9524,6.94171],[79.95311,6.94259],[79.95386,6.94312],[79.95483,6.94325],[79.95979,6.94164],[79.96312,6.94121],[79.96599,6.94001],[79.9688,6.93833],[79.9689,6.93827],[79.96984,6.93757],[79.97068,6.93755],[79.97249,6.93802],[79.97744,6.93908],[79.98052,6.93907],[79.98265,6.93863],[79.98446,6.93758],[79.98514,6.93671],[79.98537,6.93586],[79.98563,6.93547],[79.98614,6.93536],[79.98669,6.93564],[79.98784,6.93748],[79.98956,6.94108],[79.9934,6.94401],[79.99548,6.94436],[79.99722,6.94353],[79.99985,6.9423],[80.00062,6.94229],[80.00103,6.94233],[80.00138,6.94245],[80.00351,6.94354],[80.00467,6.94403],[80.00767,6.94485],[80.00919,6.94498],[80.00967,6.94516],[80.01099,6.94583],[80.01298,6.94692],[80.01356,6.94701],[80.01392,6.94684],[80.01418,6.94663],[80.01438,6.94629],[80.01444,6.946],[80.01446,6.9455],[80.01443,6.94461],[80.01427,6.94362],[80.01367,6.94211],[80.01358,6.94173],[80.01352,6.94136],[80.01349,6.94092],[80.01366,6.93937],[80.01398,6.93859],[80.0144,6.9378],[80.01499,6.93697],[80.01667,6.93501],[80.01805,6.93285],[80.01888,6.93019],[80.01921,6.92764],[80.01996,6.92508],[80.02028,6.92471],[80.02212,6.92463],[80.02531,6.92508],[80.02781,6.92482],[80.03054,6.92377],[80.03266,6.92206],[80.0402,6.91897],[80.04229,6.91661],[80.0442,6.91518],[80.046,6.91439],[80.04771,6.91372],[80.04999,6.91361],[80.05243,6.91355],[80.05439,6.91219],[80.05484,6.91077],[80.05481,6.90971],[80.0544,6.90819],[80.05491,6.90748],[80.05608,6.9074],[80.05847,6.90739],[80.06064,6.90707],[80.06281,6.90845],[80.06334,6.91035],[80.06378,6.91228],[80.06422,6.91283],[80.06571,6.91292],[80.06695,6.91236],[80.07021,6.91033],[80.07129,6.90968],[80.0722,6.90919],[80.07264,6.90887],[80.073,6.90851],[80.07332,6.90831],[80.07374,6.90824],[80.07433,6.90827],[80.07476,6.90831],[80.07534,6.90852],[80.07572,6.90898],[80.07708,6.91093],[80.07816,6.91124],[80.08156,6.9105],[80.08316,6.90995],[80.08451,6.91001],[80.08573,6.91027],[80.08686,6.91114],[80.08841,6.91371],[80.0888,6.91369],[80.09083,6.91264],[80.09204,6.91196],[80.09254,6.91194],[80.09324,6.91233],[80.09364,6.91315],[80.09305,6.91843],[80.0934,6.92061],[80.09384,6.92187],[80.09498,6.92476],[80.09506,6.92586],[80.09497,6.92671],[80.09424,6.93002],[80.09471,6.93162],[80.09511,6.93287],[80.09531,6.93452],[80.09514,6.93573],[80.09426,6.93658],[80.09372,6.93835],[80.09364,6.93924],[80.09383,6.94009],[80.09543,6.94204],[80.0972,6.94439],[80.09774,6.9452],[80.09816,6.94639],[80.09839,6.94739],[80.0985,6.95153],[80.09859,6.9517],[80.09871,6.95195],[80.10147,6.95344],[80.10538,6.95353],[80.10634,6.95396],[80.10735,6.95588],[80.10869,6.95774],[80.10925,6.9585],[80.11029,6.95961],[80.1104,6.96032],[80.10961,6.96208],[80.10967,6.96252],[80.10995,6.96287],[80.11062,6.96307],[80.11246,6.96299],[80.11426,6.96285],[80.11583,6.96331],[80.11768,6.96436],[80.12059,6.96496],[80.12168,6.96539],[80.12195,6.96592],[80.12205,6.96652],[80.12208,6.96803],[80.12242,6.96879],[80.12327,6.97182],[80.12353,6.97332],[80.12397,6.97427],[80.12453,6.97469],[80.12559,6.97458],[80.1283,6.97452],[80.13025,6.97501],[80.13232,6.97544],[80.13589,6.97455],[80.1404,6.97465],[80.14588,6.97387],[80.1479,6.97352],[80.15032,6.97378],[80.15165,6.97407],[80.15438,6.97291],[80.15849,6.97274],[80.16008,6.97231],[80.16166,6.97187],[80.16332,6.97099],[80.1668,6.97078],[80.16821,6.97155],[80.16878,6.97255],[80.16893,6.97362],[80.16878,6.97657],[80.16877,6.97891],[80.16929,6.97945],[80.17069,6.97969],[80.17214,6.97928],[80.17288,6.97906],[80.17355,6.97886],[80.17491,6.97863],[80.17569,6.97851],[80.17758,6.9786],[80.17841,6.97844],[80.17894,6.9779],[80.17921,6.97768]]]}},{"type":"Feature","properties":{"slug":"kalutara","name":"Kalutara","district_id":3,"iso":"LK-13"},"geometry":{"type":"Polygon","coordinates":[[[80.38127,6.42558],[80.38001,6.42687],[80.37925,6.42826],[80.37932,6.43124],[80.38028,6.43418],[80.37623,6.43987],[80.37429,6.44183],[80.37041,6.44598],[80.36848,6.44945],[80.36597,6.45241],[80.36128,6.45866],[80.35792,6.46491],[80.35633,6.46888],[80.35393,6.47186],[80.33809,6.49313],[80.33857,6.49393],[80.33082,6.50612],[80.32764,6.51209],[80.31303,6.5342],[80.31164,6.53524],[80.31008,6.53602],[80.30786,6.53668],[80.30661,6.53754],[80.3054,6.53785],[80.30454,6.5392],[80.30537,6.54291],[80.30462,6.54677],[80.30371,6.54783],[80.30374,6.54847],[80.30214,6.55088],[80.3014,6.55321],[80.2975,6.55916],[80.29681,6.55974],[80.29626,6.5603],[80.29554,6.56131],[80.29521,6.56232],[80.29515,6.56351],[80.29529,6.56411],[80.29755,6.56615],[80.29838,6.56661],[80.30069,6.56708],[80.3024,6.56766],[80.30404,6.56802],[80.30517,6.56787],[80.30658,6.56871],[80.30795,6.56859],[80.30838,6.56875],[80.30866,6.56915],[80.30877,6.56971],[80.30905,6.57026],[80.30946,6.57043],[80.30985,6.57043],[80.31054,6.57002],[80.3109,6.57001],[80.31122,6.57031],[80.31138,6.57067],[80.31176,6.57072],[80.3132,6.5703],[80.3139,6.57029],[80.31456,6.57072],[80.31459,6.5712],[80.31435,6.57168],[80.31346,6.57292],[80.31144,6.57614],[80.309,6.58244],[80.30826,6.5841],[80.30673,6.58553],[80.30652,6.58586],[80.30648,6.58621],[80.30664,6.58735],[80.30597,6.58984],[80.30506,6.59231],[80.30387,6.59431],[80.30322,6.59592],[80.30269,6.59656],[80.30198,6.59698],[80.30144,6.59718],[80.30072,6.59737],[80.30035,6.5974],[80.29995,6.59744],[80.29962,6.59768],[80.29937,6.59797],[80.299,6.59821],[80.29825,6.59861],[80.29787,6.59896],[80.29775,6.59933],[80.29794,6.59963],[80.29822,6.59991],[80.2982,6.60031],[80.29751,6.60066],[80.29694,6.60106],[80.29611,6.60187],[80.29535,6.60267],[80.2935,6.60389],[80.28956,6.60897],[80.28839,6.61094],[80.28732,6.6124],[80.28583,6.61478],[80.285,6.61538],[80.28411,6.61595],[80.2838,6.61626],[80.28308,6.61733],[80.28251,6.61789],[80.28184,6.61829],[80.2813,6.61843],[80.28082,6.61849],[80.2794,6.61833],[80.2783,6.61842],[80.27648,6.61862],[80.27602,6.61846],[80.27568,6.61823],[80.27513,6.61779],[80.27469,6.61776],[80.27436,6.61791],[80.27322,6.61878],[80.27204,6.61972],[80.27125,6.61997],[80.268,6.6208],[80.26544,6.62152],[80.26465,6.62185],[80.26128,6.62242],[80.26083,6.62257],[80.26025,6.623],[80.2593,6.62359],[80.2587,6.62437],[80.25706,6.62541],[80.25576,6.62657],[80.25503,6.62701],[80.25479,6.62735],[80.25446,6.62866],[80.2542,6.63001],[80.2537,6.63145],[80.25328,6.63211],[80.25277,6.63274],[80.25231,6.63321],[80.2517,6.6336],[80.25056,6.63459],[80.24998,6.6355],[80.24954,6.63701],[80.24911,6.63953],[80.24879,6.64153],[80.24885,6.64232],[80.24905,6.64271],[80.24989,6.6436],[80.25086,6.64464],[80.25125,6.64528],[80.25158,6.64594],[80.25159,6.64701],[80.25169,6.64859],[80.25166,6.65123],[80.25142,6.65206],[80.2514,6.6525],[80.25162,6.65332],[80.25161,6.65378],[80.25144,6.65412],[80.25055,6.65416],[80.25016,6.65426],[80.24978,6.65463],[80.24971,6.65493],[80.24986,6.65526],[80.25051,6.65575],[80.24944,6.65859],[80.2476,6.66031],[80.24549,6.66428],[80.24405,6.66465],[80.24327,6.66524],[80.24282,6.66608],[80.24258,6.66818],[80.24209,6.66958],[80.24169,6.67031],[80.2412,6.67076],[80.24035,6.67089],[80.23905,6.67101],[80.2349,6.67381],[80.23149,6.6764],[80.22904,6.67794],[80.22712,6.67983],[80.22405,6.68577],[80.22318,6.68695],[80.22253,6.68804],[80.2221,6.6888],[80.22154,6.68946],[80.2207,6.69041],[80.22007,6.69099],[80.21927,6.69102],[80.21791,6.69078],[80.217,6.69077],[80.2166,6.69089],[80.2162,6.69114],[80.21578,6.69187],[80.21549,6.6933],[80.21502,6.69515],[80.21478,6.69555],[80.21448,6.69591],[80.21384,6.69665],[80.21363,6.69713],[80.2135,6.69756],[80.21348,6.69819],[80.21368,6.69867],[80.21372,6.69928],[80.21356,6.70003],[80.21274,6.70152],[80.21242,6.70226],[80.20759,6.71325],[80.20691,6.71418],[80.20638,6.71516],[80.20598,6.71598],[80.20568,6.71693],[80.20422,6.71987],[80.20277,6.72046],[80.2027,6.72078],[80.20282,6.72116],[80.20406,6.72219],[80.20396,6.72256],[80.20292,6.72329],[80.20245,6.72381],[80.20211,6.72437],[80.20139,6.72641],[80.20093,6.72662],[80.1991,6.7265],[80.19891,6.7268],[80.19874,6.72728],[80.1986,6.72838],[80.1986,6.73036],[80.19879,6.73094],[80.19926,6.73136],[80.20061,6.73129],[80.20238,6.73075],[80.20414,6.73027],[80.20496,6.73023],[80.20539,6.73054],[80.20557,6.73092],[80.20573,6.73174],[80.20536,6.73301],[80.20429,6.73624],[80.20413,6.7386],[80.20307,6.74122],[80.20113,6.74408],[80.19975,6.74788],[80.19667,6.75268],[80.19409,6.7575],[80.19252,6.76097],[80.1922,6.76422],[80.19172,6.76494],[80.19167,6.76695],[80.19113,6.76846],[80.18997,6.77059],[80.18964,6.77212],[80.18978,6.77355],[80.19032,6.77617],[80.19083,6.77755],[80.19136,6.77842],[80.19219,6.77959],[80.19239,6.78045],[80.19212,6.78175],[80.19158,6.78302],[80.19092,6.78431],[80.19008,6.78555],[80.18816,6.78651],[80.18739,6.78662],[80.1869,6.78703],[80.18656,6.78758],[80.18648,6.78814],[80.18667,6.79131],[80.18639,6.79186],[80.186,6.79239],[80.18508,6.7933],[80.1843,6.79364],[80.18318,6.79403],[80.18248,6.79452],[80.18164,6.79558],[80.18088,6.79674],[80.17996,6.7993],[80.1795,6.80109],[80.17887,6.80289],[80.17858,6.8045],[80.1781,6.80667],[80.17724,6.80957],[80.17674,6.81206],[80.17749,6.81362],[80.17779,6.81443],[80.17779,6.81511],[80.17773,6.81577],[80.17736,6.81575],[80.17707,6.8158],[80.17665,6.81603],[80.17644,6.81619],[80.17621,6.81642],[80.17605,6.81669],[80.17588,6.81704],[80.17576,6.8174],[80.17566,6.81802],[80.17559,6.81879],[80.17547,6.81914],[80.17535,6.81939],[80.17517,6.81962],[80.17504,6.81973],[80.17488,6.81985],[80.17472,6.81993],[80.17445,6.81993],[80.17417,6.81992],[80.17407,6.81982],[80.17398,6.81972],[80.17394,6.81963],[80.1738,6.81923],[80.17374,6.81884],[80.17337,6.81748],[80.17254,6.81648],[80.17208,6.81597],[80.17132,6.81555],[80.17031,6.81514],[80.16881,6.81487],[80.1675,6.8148],[80.16689,6.81463],[80.16562,6.81434],[80.16416,6.81436],[80.16331,6.81494],[80.16261,6.81564],[80.16186,6.81683],[80.16121,6.81809],[80.15912,6.82105],[80.15692,6.823],[80.15586,6.82344],[80.15418,6.8235],[80.15241,6.82393],[80.14933,6.82407],[80.14845,6.82389],[80.14664,6.82268],[80.14422,6.82],[80.14298,6.81905],[80.13763,6.81723],[80.13375,6.81592],[80.13258,6.81516],[80.13146,6.81372],[80.13035,6.81255],[80.12466,6.80891],[80.12175,6.80743],[80.11738,6.8058],[80.11641,6.80522],[80.1156,6.80418],[80.11555,6.80302],[80.11625,6.80132],[80.11776,6.7992],[80.11875,6.7984],[80.12042,6.79761],[80.12134,6.79656],[80.12143,6.79598],[80.12079,6.79461],[80.12071,6.79356],[80.12098,6.79297],[80.12323,6.79086],[80.12393,6.78952],[80.12557,6.78432],[80.12571,6.78219],[80.1246,6.77949],[80.12406,6.77678],[80.12463,6.7743],[80.12367,6.77249],[80.1222,6.77138],[80.11984,6.77036],[80.11565,6.77019],[80.11377,6.76979],[80.11245,6.76969],[80.11142,6.76978],[80.11067,6.77005],[80.1097,6.77061],[80.10913,6.77112],[80.10873,6.77157],[80.1078,6.77226],[80.10595,6.77339],[80.1053,6.77424],[80.10216,6.78045],[80.10187,6.78175],[80.10159,6.7845],[80.10151,6.78585],[80.10119,6.7872],[80.10065,6.78826],[80.09877,6.79031],[80.09804,6.79138],[80.09775,6.79259],[80.09773,6.79455],[80.09771,6.79743],[80.09798,6.79936],[80.0986,6.80125],[80.09871,6.80196],[80.09847,6.80288],[80.09812,6.80348],[80.09758,6.80388],[80.09658,6.80442],[80.09351,6.80567],[80.0919,6.80674],[80.09069,6.80808],[80.09038,6.80885],[80.0904,6.81103],[80.08957,6.8135],[80.08861,6.81485],[80.08809,6.81507],[80.08728,6.815],[80.08587,6.814],[80.08481,6.81398],[80.08424,6.81433],[80.08371,6.81503],[80.08177,6.81596],[80.07888,6.81666],[80.07676,6.81623],[80.07535,6.81526],[80.07341,6.81253],[80.07197,6.80945],[80.0692,6.80544],[80.06621,6.79827],[80.06614,6.79473],[80.06604,6.79411],[80.06569,6.79371],[80.06531,6.79354],[80.06452,6.79354],[80.06382,6.79365],[80.06245,6.79409],[80.06196,6.79405],[80.06152,6.79395],[80.06109,6.79363],[80.05994,6.79258],[80.05829,6.79177],[80.05646,6.7919],[80.05484,6.79242],[80.05292,6.79356],[80.05139,6.79489],[80.05061,6.79576],[80.04992,6.7964],[80.04741,6.79752],[80.04633,6.79799],[80.04538,6.79866],[80.04436,6.79981],[80.04323,6.80199],[80.04266,6.80405],[80.04198,6.80485],[80.04092,6.80531],[80.0401,6.80541],[80.03846,6.80614],[80.03581,6.80659],[80.03514,6.80641],[80.03486,6.80604],[80.03451,6.80343],[80.03432,6.80278],[80.03378,6.80189],[80.03294,6.80089],[80.03223,6.80022],[80.03111,6.79943],[80.02993,6.79783],[80.02917,6.79725],[80.0281,6.79674],[80.02761,6.79623],[80.02705,6.79465],[80.0259,6.79293],[80.024,6.79194],[80.02278,6.79117],[80.02119,6.79052],[80.01471,6.78919],[80.01407,6.7891],[80.01367,6.78883],[80.0137,6.78852],[80.01473,6.78769],[80.01509,6.78728],[80.01523,6.78691],[80.01522,6.78644],[80.01509,6.78608],[80.0148,6.78583],[80.01412,6.78551],[80.01328,6.78546],[80.01265,6.7853],[80.01203,6.78497],[80.01167,6.78464],[80.01126,6.78411],[80.01085,6.78328],[80.01046,6.7813],[80.01004,6.78028],[80.00948,6.77958],[80.00883,6.77909],[80.00828,6.77873],[80.0066,6.7782],[80.00609,6.77791],[80.00559,6.77748],[80.00511,6.77664],[80.00513,6.7739],[80.00453,6.77263],[80.00356,6.77172],[80.00264,6.77126],[80.00181,6.77106],[79.99951,6.77093],[79.9986,6.77046],[79.99623,6.7688],[79.99414,6.7673],[79.99359,6.76703],[79.99282,6.76616],[79.99152,6.76341],[79.9907,6.76244],[79.99,6.76214],[79.98922,6.76214],[79.98698,6.76277],[79.9856,6.76278],[79.98339,6.76233],[79.9828,6.76201],[79.98088,6.75998],[79.97966,6.75936],[79.97856,6.75904],[79.97745,6.75909],[79.9759,6.75969],[79.97408,6.76081],[79.97359,6.76089],[79.97203,6.76086],[79.9716,6.76089],[79.97075,6.76106],[79.97,6.76119],[79.96904,6.76118],[79.96825,6.76098],[79.96743,6.7606],[79.96624,6.75981],[79.96484,6.7591],[79.96368,6.75876],[79.96183,6.75847],[79.96,6.7585],[79.95793,6.7587],[79.95585,6.75942],[79.95355,6.76048],[79.95241,6.76142],[79.95185,6.76153],[79.95133,6.76133],[79.9508,6.76069],[79.95011,6.75997],[79.94922,6.75846],[79.94821,6.75726],[79.94804,6.7569],[79.94779,6.75641],[79.94767,6.75434],[79.94752,6.75319],[79.94721,6.7521],[79.94655,6.75056],[79.94555,6.74973],[79.94426,6.74921],[79.94251,6.74914],[79.94119,6.74889],[79.93842,6.7487],[79.93627,6.74824],[79.92593,6.74786],[79.92315,6.74893],[79.91943,6.74904],[79.91776,6.74965],[79.91658,6.7527],[79.9175,6.75366],[79.91819,6.75555],[79.91841,6.75776],[79.91813,6.75912],[79.91708,6.76095],[79.91628,6.76192],[79.91509,6.76278],[79.91278,6.76476],[79.91007,6.76633],[79.90873,6.76702],[79.90725,6.76737],[79.90624,6.76788],[79.90368,6.76931],[79.90133,6.77143],[79.90044,6.77256],[79.89995,6.77343],[79.89916,6.77487],[79.89781,6.77611],[79.89599,6.77688],[79.89349,6.77698],[79.89109,6.77688],[79.89008,6.77649],[79.88915,6.77592],[79.88788,6.77517],[79.88699,6.77415],[79.88666,6.77314],[79.88658,6.77195],[79.88714,6.77108],[79.88839,6.76951],[79.89054,6.76695],[79.89335,6.7639],[79.89384,6.76233],[79.89388,6.76165],[79.89296,6.75891],[79.89246,6.75626],[79.89267,6.75446],[79.89354,6.75281],[79.89491,6.75159],[79.89528,6.747],[79.89867,6.74097],[79.90015,6.73711],[79.90132,6.73315],[79.90294,6.726],[79.90354,6.72242],[79.90382,6.72059],[79.90397,6.71881],[79.90362,6.7176],[79.90317,6.71682],[79.90258,6.71614],[79.90199,6.71564],[79.90154,6.71541],[79.89957,6.71643],[79.89956,6.71622],[79.8995,6.71594],[79.9001,6.71458],[79.90313,6.70799],[79.90394,6.70664],[79.90512,6.70406],[79.90638,6.70194],[79.90774,6.69905],[79.90928,6.69632],[79.91707,6.68218],[79.92463,6.66535],[79.93083,6.65118],[79.93528,6.64139],[79.93774,6.63391],[79.93921,6.63029],[79.94046,6.62653],[79.94108,6.62445],[79.942,6.62222],[79.94389,6.61783],[79.9475,6.60914],[79.94819,6.60714],[79.94877,6.60518],[79.94891,6.60417],[79.95132,6.59359],[79.95577,6.58366],[79.9559,6.5822],[79.95678,6.57931],[79.958,6.57487],[79.95918,6.5719],[79.95931,6.57144],[79.95938,6.57078],[79.95906,6.56981],[79.95975,6.56829],[79.96017,6.56773],[79.96055,6.56697],[79.96299,6.56047],[79.96422,6.55688],[79.96465,6.55501],[79.96445,6.55399],[79.96371,6.5536],[79.96424,6.55223],[79.9648,6.5523],[79.96539,6.55238],[79.96593,6.55191],[79.96661,6.55053],[79.96692,6.54971],[79.96693,6.54897],[79.96666,6.54848],[79.96613,6.54824],[79.96655,6.54725],[79.96708,6.54758],[79.96766,6.54728],[79.96964,6.54348],[79.97323,6.53334],[79.97821,6.52004],[79.9801,6.51441],[79.98154,6.5116],[79.98153,6.50913],[79.98031,6.50724],[79.97976,6.50769],[79.97914,6.5078],[79.97907,6.50725],[79.97891,6.50603],[79.97772,6.50545],[79.97655,6.50618],[79.97603,6.50554],[79.97667,6.50355],[79.97631,6.50284],[79.97785,6.50172],[79.97941,6.49923],[79.97967,6.49834],[79.97977,6.49802],[79.98257,6.48847],[79.98308,6.48347],[79.98274,6.47748],[79.9817,6.47769],[79.97984,6.47678],[79.97924,6.47657],[79.97715,6.47489],[79.97634,6.47421],[79.97606,6.4732],[79.97581,6.47297],[79.97567,6.47316],[79.97552,6.47276],[79.97572,6.47263],[79.97563,6.47232],[79.97496,6.47157],[79.97406,6.47068],[79.97346,6.4705],[79.97337,6.47028],[79.97398,6.46987],[79.97442,6.46917],[79.97478,6.46821],[79.97495,6.46775],[79.97498,6.46721],[79.97509,6.46675],[79.975,6.46621],[79.97505,6.46602],[79.97457,6.46387],[79.97449,6.46327],[79.97452,6.46305],[79.97444,6.46287],[79.97428,6.46265],[79.97431,6.46231],[79.97446,6.46196],[79.97449,6.46016],[79.97449,6.46006],[79.97458,6.46003],[79.97452,6.45974],[79.97498,6.45937],[79.97535,6.45914],[79.97573,6.45875],[79.97583,6.45852],[79.97589,6.45804],[79.97626,6.45789],[79.97653,6.4576],[79.97684,6.45694],[79.97718,6.4567],[79.97739,6.45628],[79.97755,6.45588],[79.97759,6.45552],[79.97762,6.45523],[79.97756,6.45476],[79.9776,6.45463],[79.97758,6.45447],[79.97749,6.45436],[79.97745,6.45393],[79.97737,6.45383],[79.97721,6.45372],[79.97731,6.45349],[79.97748,6.45322],[79.97751,6.45272],[79.97747,6.45253],[79.9774,6.45239],[79.97732,6.4523],[79.97721,6.45228],[79.97732,6.45211],[79.97736,6.45217],[79.97748,6.45225],[79.97766,6.45218],[79.97792,6.452],[79.97811,6.45194],[79.97852,6.45153],[79.97927,6.45033],[79.97951,6.44989],[79.97988,6.44919],[79.97991,6.44859],[79.98013,6.44803],[79.98086,6.44813],[79.98473,6.44601],[79.98774,6.44305],[79.98792,6.44253],[79.98743,6.44191],[79.98704,6.44167],[79.98683,6.44119],[79.98665,6.44113],[79.98643,6.44068],[79.98626,6.44028],[79.9864,6.44005],[79.98666,6.44],[79.98704,6.4402],[79.98751,6.44041],[79.98757,6.44035],[79.98775,6.44056],[79.98803,6.44095],[79.98825,6.4413],[79.98841,6.44155],[79.98861,6.44164],[79.98912,6.44154],[79.99013,6.4412],[79.99082,6.44077],[79.99146,6.44027],[79.99199,6.43982],[79.99239,6.4393],[79.99304,6.43818],[79.99458,6.43415],[79.99587,6.43057],[79.99634,6.42963],[79.99671,6.42891],[79.99741,6.42803],[79.9982,6.42726],[79.99904,6.42697],[79.99976,6.42692],[80.00043,6.42688],[80.00186,6.42738],[80.003,6.42818],[80.00399,6.42927],[80.00467,6.43037],[80.00484,6.4324],[80.00536,6.43372],[80.00624,6.43589],[80.00715,6.43669],[80.00776,6.43702],[80.00982,6.43753],[80.01104,6.43749],[80.01237,6.43713],[80.01487,6.43615],[80.01914,6.43413],[80.02124,6.43293],[80.02217,6.43233],[80.02325,6.43164],[80.02389,6.43038],[80.02517,6.42789],[80.02638,6.42418],[80.0268,6.42339],[80.02738,6.42274],[80.02878,6.42121],[80.02972,6.42015],[80.03023,6.41966],[80.03091,6.41928],[80.03211,6.41915],[80.03733,6.41987],[80.03884,6.41975],[80.03928,6.41953],[80.04204,6.41652],[80.04404,6.41517],[80.04747,6.41506],[80.05135,6.41371],[80.05617,6.40922],[80.05843,6.40922],[80.05997,6.409],[80.06141,6.40847],[80.06337,6.40712],[80.06541,6.4021],[80.06707,6.39961],[80.0697,6.39803],[80.0731,6.3977],[80.07686,6.39826],[80.07826,6.39942],[80.07936,6.40091],[80.08029,6.40166],[80.08218,6.4023],[80.0847,6.40253],[80.08745,6.40178],[80.09053,6.39952],[80.09528,6.39589],[80.10599,6.39043],[80.11376,6.38598],[80.11477,6.38486],[80.11621,6.383],[80.11925,6.37887],[80.12013,6.37424],[80.12218,6.37121],[80.12318,6.37052],[80.12429,6.36993],[80.12589,6.36935],[80.12699,6.36926],[80.12781,6.36936],[80.12846,6.36902],[80.12903,6.36822],[80.12997,6.36635],[80.13029,6.366],[80.13057,6.36587],[80.13067,6.36572],[80.13103,6.36573],[80.13112,6.36581],[80.13136,6.36577],[80.13159,6.36603],[80.13163,6.36636],[80.13195,6.3672],[80.13213,6.36728],[80.13226,6.36786],[80.13279,6.36786],[80.13324,6.36777],[80.13388,6.36777],[80.13436,6.36773],[80.13494,6.36738],[80.13512,6.36709],[80.13539,6.36665],[80.1356,6.36642],[80.13584,6.36637],[80.13602,6.36622],[80.1364,6.36622],[80.13707,6.36666],[80.1379,6.36715],[80.13834,6.36733],[80.1389,6.36737],[80.1395,6.36709],[80.14084,6.36653],[80.14397,6.36709],[80.14564,6.36721],[80.14744,6.36727],[80.15044,6.36736],[80.15373,6.36734],[80.15457,6.36723],[80.15568,6.36673],[80.15682,6.3661],[80.15793,6.36541],[80.15921,6.36473],[80.16218,6.36392],[80.16748,6.36173],[80.16927,6.36006],[80.17229,6.35973],[80.17288,6.35973],[80.17387,6.35953],[80.17599,6.35962],[80.17825,6.35983],[80.17956,6.35952],[80.18137,6.35921],[80.18207,6.35921],[80.18333,6.35889],[80.18439,6.35867],[80.18584,6.35842],[80.18683,6.35812],[80.18759,6.35757],[80.18809,6.35682],[80.18847,6.35601],[80.18875,6.35505],[80.18901,6.35468],[80.18933,6.35452],[80.18945,6.3545],[80.1896,6.35452],[80.18971,6.35457],[80.19007,6.35477],[80.19062,6.355],[80.19141,6.35541],[80.19199,6.3558],[80.19304,6.35637],[80.19405,6.35694],[80.19576,6.35769],[80.19667,6.35803],[80.19706,6.35813],[80.19746,6.35812],[80.19775,6.35818],[80.19825,6.35817],[80.19856,6.35812],[80.19867,6.35808],[80.19917,6.35803],[80.20006,6.35788],[80.20116,6.35777],[80.2014,6.35783],[80.20167,6.35817],[80.2018,6.35854],[80.20199,6.35886],[80.20228,6.35911],[80.20276,6.35923],[80.20324,6.35923],[80.20366,6.35915],[80.20403,6.35916],[80.20467,6.35917],[80.20567,6.35925],[80.20664,6.35942],[80.20702,6.35955],[80.2074,6.35964],[80.20766,6.35996],[80.20766,6.36036],[80.20747,6.36072],[80.20734,6.36104],[80.20726,6.36117],[80.207,6.36186],[80.20689,6.36244],[80.20673,6.36304],[80.20665,6.36343],[80.2068,6.36376],[80.20774,6.36491],[80.20792,6.36582],[80.20797,6.3669],[80.20765,6.36739],[80.20743,6.36761],[80.20695,6.36794],[80.20675,6.36825],[80.20655,6.3689],[80.20646,6.36994],[80.20642,6.37097],[80.20674,6.37199],[80.20711,6.37213],[80.20791,6.37156],[80.20846,6.37116],[80.20905,6.3709],[80.21003,6.37076],[80.212,6.37149],[80.21324,6.3736],[80.21385,6.37426],[80.21546,6.37587],[80.21579,6.37668],[80.21617,6.37794],[80.21646,6.37885],[80.21687,6.37959],[80.21748,6.38008],[80.21835,6.38028],[80.21883,6.38025],[80.21989,6.38],[80.22085,6.37981],[80.2238,6.3794],[80.22662,6.37886],[80.22894,6.37807],[80.23066,6.37705],[80.23423,6.37694],[80.23756,6.37736],[80.23929,6.3771],[80.24111,6.37657],[80.24249,6.37591],[80.24374,6.3749],[80.24547,6.37254],[80.24624,6.36963],[80.24662,6.3686],[80.24733,6.36748],[80.24863,6.36674],[80.24933,6.36658],[80.25052,6.36637],[80.2515,6.36631],[80.25243,6.36604],[80.25309,6.36564],[80.25384,6.36494],[80.25411,6.36448],[80.25473,6.36369],[80.2561,6.36215],[80.25864,6.35908],[80.26474,6.35464],[80.26686,6.35206],[80.26799,6.35094],[80.26925,6.34993],[80.2704,6.34981],[80.27107,6.34983],[80.272,6.3499],[80.27285,6.34983],[80.27387,6.34966],[80.27443,6.34961],[80.27549,6.34938],[80.27588,6.34909],[80.27681,6.34799],[80.27803,6.34647],[80.28041,6.34346],[80.28212,6.342],[80.28283,6.34077],[80.28423,6.33668],[80.2856,6.33484],[80.28742,6.33337],[80.2901,6.33158],[80.29123,6.33024],[80.29203,6.3289],[80.29365,6.32607],[80.29468,6.32528],[80.29579,6.32501],[80.29681,6.32486],[80.29808,6.3251],[80.29849,6.32525],[80.29883,6.32543],[80.29903,6.32576],[80.29919,6.32633],[80.29923,6.32954],[80.29927,6.33033],[80.29942,6.33115],[80.29992,6.33254],[80.30039,6.33328],[80.30064,6.33394],[80.30091,6.33468],[80.30091,6.33541],[80.29915,6.3458],[80.29456,6.35454],[80.29349,6.36063],[80.2903,6.37043],[80.28989,6.37455],[80.28959,6.38318],[80.28957,6.38722],[80.2894,6.38919],[80.28966,6.39101],[80.29025,6.39177],[80.29181,6.39251],[80.29505,6.39496],[80.29883,6.39758],[80.29902,6.39767],[80.29942,6.39763],[80.29975,6.39758],[80.30009,6.39745],[80.3014,6.39666],[80.30251,6.39608],[80.30375,6.39564],[80.30459,6.39546],[80.30506,6.39545],[80.30578,6.39561],[80.30626,6.39585],[80.30687,6.39608],[80.30744,6.39639],[80.30815,6.39664],[80.30877,6.39669],[80.31047,6.39717],[80.31081,6.39726],[80.31121,6.39727],[80.31157,6.39724],[80.31195,6.39714],[80.31266,6.3969],[80.31334,6.39691],[80.314,6.39721],[80.31477,6.39806],[80.31636,6.39902],[80.31756,6.40038],[80.31929,6.40161],[80.32132,6.40251],[80.32249,6.4033],[80.32626,6.40615],[80.32889,6.40783],[80.33265,6.40983],[80.33455,6.41095],[80.3386,6.41279],[80.34028,6.41328],[80.34205,6.41402],[80.34544,6.4155],[80.34685,6.4159],[80.34887,6.41698],[80.35112,6.4185],[80.35208,6.41917],[80.35261,6.41926],[80.35297,6.41906],[80.35345,6.41847],[80.35401,6.41751],[80.3547,6.41728],[80.35562,6.41718],[80.35666,6.41735],[80.35722,6.41806],[80.35807,6.41888],[80.35907,6.42037],[80.35997,6.4209],[80.36095,6.4213],[80.36175,6.42221],[80.36268,6.4227],[80.36375,6.42333],[80.36473,6.42398],[80.36643,6.42526],[80.36762,6.42613],[80.36894,6.42679],[80.37107,6.4262],[80.37162,6.42616],[80.37239,6.42671],[80.3735,6.42697],[80.37501,6.42765],[80.37603,6.42769],[80.37684,6.42755],[80.37785,6.4264],[80.37863,6.42559],[80.37957,6.42484],[80.38019,6.42481],[80.38087,6.42494],[80.38127,6.42558]]]}},{"type":"Feature","properties":{"slug":"kegalle","name":"Kegalle","district_id":25,"iso":"LK-92"},"geometry":{"type":"Polygon","coordinates":[[[80.21167,6.91787],[80.2141,6.91764],[80.21615,6.91875],[80.21686,6.92108],[80.21918,6.92141],[80.21959,6.92379],[80.21906,6.9261],[80.22127,6.92704],[80.22202,6.92949],[80.22396,6.93106],[80.22516,6.92905],[80.22589,6.92671],[80.2265,6.92446],[80.22866,6.92552],[80.23059,6.92416],[80.23071,6.92182],[80.23114,6.9195],[80.23129,6.91707],[80.23152,6.91472],[80.23268,6.91266],[80.23287,6.91018],[80.23274,6.90779],[80.23275,6.9054],[80.23322,6.90306],[80.23562,6.90264],[80.23763,6.90402],[80.23921,6.90593],[80.24104,6.90749],[80.24323,6.90657],[80.24487,6.90473],[80.2464,6.90277],[80.2484,6.90137],[80.25077,6.90152],[80.25175,6.89923],[80.25282,6.89695],[80.25375,6.89465],[80.25473,6.8925],[80.25637,6.89082],[80.25825,6.88943],[80.26065,6.88924],[80.2616,6.88695],[80.26264,6.88473],[80.26376,6.88261],[80.26467,6.88028],[80.26572,6.87815],[80.26726,6.87613],[80.26877,6.87428],[80.27112,6.87375],[80.27345,6.8733],[80.27564,6.87242],[80.27795,6.87186],[80.28031,6.87158],[80.28215,6.87011],[80.28267,6.86775],[80.28133,6.86582],[80.28312,6.86409],[80.28487,6.86251],[80.2852,6.86003],[80.28501,6.85766],[80.28405,6.85674],[80.28429,6.85618],[80.28491,6.85546],[80.28561,6.85495],[80.28648,6.85488],[80.28729,6.85527],[80.28803,6.85581],[80.28881,6.85622],[80.28971,6.85635],[80.2906,6.85635],[80.29147,6.85613],[80.2923,6.85583],[80.294,6.85545],[80.29482,6.85515],[80.29566,6.85542],[80.29584,6.85628],[80.29591,6.85716],[80.29611,6.85808],[80.29641,6.85895],[80.29722,6.85938],[80.29811,6.85928],[80.29896,6.85884],[80.30075,6.85834],[80.30169,6.85838],[80.30252,6.85863],[80.30334,6.85895],[80.30413,6.85944],[80.30476,6.86006],[80.30545,6.86063],[80.30593,6.86134],[80.30649,6.86202],[80.30739,6.86224],[80.30911,6.86242],[80.30998,6.86264],[80.31079,6.86234],[80.31154,6.8619],[80.31218,6.8613],[80.31353,6.86016],[80.31431,6.85963],[80.31572,6.85847],[80.31718,6.85741],[80.31774,6.85655],[80.31828,6.85586],[80.31892,6.85526],[80.3194,6.85452],[80.31955,6.85367],[80.32024,6.85314],[80.32078,6.8524],[80.32114,6.85145],[80.32139,6.85051],[80.32175,6.8497],[80.322,6.84885],[80.32217,6.84791],[80.32242,6.84701],[80.32258,6.84614],[80.32287,6.84529],[80.32362,6.84368],[80.32414,6.84287],[80.32439,6.84202],[80.3248,6.84121],[80.32582,6.83974],[80.32696,6.8384],[80.32762,6.83772],[80.32874,6.8363],[80.32945,6.83565],[80.33098,6.8346],[80.33161,6.83403],[80.33246,6.83358],[80.33411,6.83284],[80.33675,6.83192],[80.33746,6.83139],[80.33832,6.83127],[80.33879,6.83201],[80.33898,6.83285],[80.33958,6.83263],[80.33939,6.83121],[80.33975,6.83048],[80.34052,6.83012],[80.34136,6.83001],[80.34204,6.83052],[80.34264,6.83109],[80.34291,6.83187],[80.34282,6.83266],[80.34236,6.83332],[80.34313,6.83359],[80.3439,6.83376],[80.34479,6.83381],[80.3465,6.83361],[80.3473,6.83365],[80.34807,6.83392],[80.34866,6.83456],[80.34882,6.83539],[80.34885,6.83622],[80.34871,6.83701],[80.34857,6.83858],[80.3484,6.8394],[80.34818,6.84017],[80.34803,6.841],[80.34795,6.84179],[80.34849,6.84241],[80.35012,6.8424],[80.35101,6.84252],[80.3517,6.84296],[80.3522,6.84367],[80.35264,6.84444],[80.3531,6.84508],[80.35381,6.84556],[80.35456,6.84588],[80.35616,6.84607],[80.35677,6.84665],[80.35686,6.84754],[80.35669,6.84925],[80.35738,6.84969],[80.35808,6.84926],[80.35888,6.84885],[80.35964,6.84861],[80.36045,6.84844],[80.36131,6.84836],[80.36216,6.84843],[80.36386,6.8489],[80.36464,6.84917],[80.36528,6.84976],[80.36614,6.85113],[80.36687,6.85162],[80.36768,6.85184],[80.37009,6.85187],[80.37089,6.85212],[80.3722,6.85315],[80.37303,6.85326],[80.37561,6.85323],[80.37633,6.8536],[80.37791,6.85414],[80.37875,6.85435],[80.37957,6.85439],[80.3804,6.85419],[80.38104,6.8537],[80.3814,6.85301],[80.38161,6.85222],[80.38166,6.85062],[80.38306,6.84965],[80.38382,6.84938],[80.38548,6.84939],[80.3863,6.84949],[80.38718,6.84977],[80.38805,6.84992],[80.38887,6.84998],[80.38957,6.85039],[80.38995,6.85114],[80.39033,6.85292],[80.3907,6.8537],[80.39206,6.85463],[80.39283,6.85486],[80.39452,6.85522],[80.39537,6.85546],[80.39603,6.85593],[80.39643,6.85668],[80.39672,6.85742],[80.39726,6.85812],[80.39787,6.85874],[80.3985,6.85924],[80.39925,6.85959],[80.40005,6.85973],[80.40085,6.85965],[80.40455,6.85735],[80.4065,6.85575],[80.40771,6.85463],[80.40828,6.85396],[80.4093,6.85259],[80.40995,6.85205],[80.41084,6.8517],[80.41159,6.85149],[80.41239,6.85117],[80.41306,6.85064],[80.41362,6.85004],[80.41405,6.84931],[80.41459,6.84868],[80.41526,6.84825],[80.41605,6.84795],[80.41683,6.84779],[80.4184,6.84726],[80.42059,6.84589],[80.42124,6.84542],[80.42213,6.84405],[80.4224,6.84331],[80.4228,6.84171],[80.42329,6.84021],[80.42402,6.83982],[80.42625,6.84101],[80.42705,6.84119],[80.42789,6.84119],[80.42869,6.84127],[80.42943,6.84155],[80.43004,6.84205],[80.43043,6.84281],[80.43067,6.84372],[80.4307,6.84452],[80.43068,6.84534],[80.43076,6.8462],[80.43093,6.84697],[80.43131,6.84767],[80.43204,6.84809],[80.43282,6.84795],[80.43352,6.84745],[80.43398,6.84676],[80.43402,6.84595],[80.43419,6.84514],[80.43485,6.8445],[80.43555,6.84409],[80.43798,6.8433],[80.43873,6.84297],[80.43952,6.84274],[80.44026,6.84244],[80.44088,6.84182],[80.44084,6.84101],[80.44061,6.84022],[80.44043,6.83939],[80.44036,6.8386],[80.44063,6.83786],[80.44133,6.83749],[80.44161,6.83673],[80.44207,6.83603],[80.44283,6.83579],[80.44363,6.83563],[80.44441,6.8354],[80.44518,6.83503],[80.44598,6.83475],[80.44847,6.83463],[80.44925,6.83439],[80.44997,6.83403],[80.45062,6.83352],[80.45164,6.83312],[80.45225,6.83372],[80.45303,6.83426],[80.4559,6.83604],[80.45664,6.83639],[80.45748,6.83674],[80.45833,6.83683],[80.45921,6.83673],[80.45996,6.83647],[80.46065,6.83599],[80.46123,6.83544],[80.46199,6.83502],[80.46358,6.8344],[80.46679,6.83328],[80.4686,6.8331],[80.46942,6.83309],[80.47028,6.83315],[80.47105,6.83291],[80.4718,6.83252],[80.47267,6.83223],[80.47343,6.832],[80.47507,6.83168],[80.47583,6.83144],[80.47662,6.83109],[80.47741,6.83089],[80.47821,6.83087],[80.48062,6.83064],[80.48141,6.83071],[80.48228,6.83089],[80.48316,6.83094],[80.48399,6.8311],[80.48479,6.83137],[80.4855,6.8318],[80.48702,6.83243],[80.48783,6.83258],[80.48868,6.83258],[80.49055,6.83248],[80.49138,6.83247],[80.49312,6.83262],[80.49394,6.83255],[80.49471,6.83231],[80.496,6.83173],[80.49666,6.83226],[80.49751,6.83233],[80.49835,6.83224],[80.49914,6.8324],[80.49963,6.83302],[80.49998,6.83387],[80.50066,6.83431],[80.5031,6.83516],[80.5038,6.83565],[80.5042,6.83641],[80.5044,6.83725],[80.50542,6.83857],[80.50575,6.83934],[80.50629,6.83996],[80.50773,6.84075],[80.5083,6.84139],[80.50867,6.84228],[80.50907,6.84306],[80.51046,6.84516],[80.51085,6.84593],[80.51144,6.84751],[80.51144,6.84832],[80.51123,6.84917],[80.51056,6.85068],[80.51013,6.85144],[80.50978,6.85215],[80.50935,6.85282],[80.5087,6.85334],[80.50727,6.85434],[80.50658,6.85477],[80.50579,6.85513],[80.50415,6.85554],[80.50337,6.85586],[80.50266,6.85626],[80.50111,6.85687],[80.50042,6.85733],[80.49999,6.85813],[80.50036,6.85987],[80.50052,6.86238],[80.5005,6.86397],[80.50036,6.86476],[80.50015,6.86553],[80.49979,6.86629],[80.49935,6.86701],[80.49884,6.86765],[80.49764,6.86876],[80.49698,6.86927],[80.4958,6.87044],[80.49527,6.87104],[80.49493,6.87175],[80.4948,6.87255],[80.49465,6.87424],[80.49464,6.87503],[80.49479,6.87585],[80.49524,6.87654],[80.49589,6.87703],[80.49691,6.87825],[80.49777,6.87968],[80.49804,6.88053],[80.49838,6.88223],[80.49827,6.88385],[80.49811,6.88466],[80.4986,6.88542],[80.49833,6.88621],[80.498,6.88697],[80.49749,6.88759],[80.49687,6.88813],[80.49609,6.88849],[80.49545,6.88901],[80.49497,6.88975],[80.49457,6.89051],[80.49392,6.89106],[80.49317,6.89148],[80.49244,6.89197],[80.49195,6.89264],[80.49132,6.89319],[80.49056,6.89351],[80.48889,6.89348],[80.48806,6.89329],[80.48727,6.89304],[80.48647,6.89324],[80.48573,6.89377],[80.48407,6.89562],[80.4835,6.89619],[80.48278,6.89661],[80.48149,6.89771],[80.4808,6.89814],[80.48004,6.89852],[80.47925,6.89873],[80.47846,6.89875],[80.47764,6.89867],[80.47594,6.8982],[80.47514,6.89809],[80.47434,6.89801],[80.47351,6.89812],[80.47229,6.89927],[80.47157,6.89963],[80.47094,6.90017],[80.47024,6.90056],[80.46943,6.90066],[80.46866,6.90084],[80.46804,6.90134],[80.46737,6.90179],[80.46423,6.90126],[80.46366,6.90091],[80.46318,6.90022],[80.46249,6.89976],[80.46171,6.89992],[80.46091,6.9],[80.46005,6.9002],[80.45928,6.90049],[80.45862,6.90108],[80.45819,6.90183],[80.45775,6.90249],[80.45706,6.90293],[80.45655,6.90357],[80.45642,6.90437],[80.45597,6.90503],[80.45541,6.90559],[80.45477,6.90614],[80.45404,6.90646],[80.45319,6.90656],[80.4515,6.90627],[80.45062,6.90628],[80.44982,6.90637],[80.44826,6.9068],[80.4475,6.9071],[80.44596,6.90785],[80.44527,6.90832],[80.44421,6.90957],[80.44354,6.91014],[80.44281,6.91069],[80.44208,6.91101],[80.44126,6.91099],[80.44056,6.91135],[80.43975,6.91145],[80.43902,6.91181],[80.43827,6.91233],[80.43744,6.91224],[80.4367,6.91176],[80.43591,6.91141],[80.4351,6.91136],[80.43439,6.91173],[80.43375,6.91219],[80.43324,6.91282],[80.43299,6.9136],[80.43315,6.91438],[80.43378,6.91594],[80.43403,6.91671],[80.43473,6.91824],[80.43491,6.91904],[80.43441,6.92193],[80.43548,6.9216],[80.43629,6.92168],[80.43705,6.92194],[80.43753,6.92259],[80.43749,6.9234],[80.43723,6.92504],[80.43732,6.92584],[80.43746,6.92664],[80.43768,6.92746],[80.43797,6.92911],[80.4379,6.9299],[80.43758,6.93064],[80.43734,6.93141],[80.43742,6.9322],[80.43773,6.93293],[80.43812,6.93366],[80.4381,6.9353],[80.43826,6.93614],[80.4386,6.93686],[80.43814,6.93846],[80.43807,6.93927],[80.43826,6.9409],[80.43799,6.94164],[80.43837,6.94236],[80.43868,6.94312],[80.43898,6.9439],[80.43919,6.9447],[80.43915,6.94553],[80.43884,6.94632],[80.4383,6.94699],[80.43793,6.94768],[80.43779,6.94853],[80.43781,6.94936],[80.43768,6.9502],[80.43745,6.95097],[80.43729,6.95257],[80.43732,6.95337],[80.43758,6.95412],[80.43763,6.95578],[80.43817,6.95739],[80.43873,6.95802],[80.43945,6.95836],[80.44023,6.95861],[80.441,6.95893],[80.44164,6.95945],[80.44213,6.96009],[80.44254,6.96079],[80.44314,6.96138],[80.44386,6.96169],[80.44439,6.96238],[80.44484,6.9631],[80.44522,6.96384],[80.44551,6.96464],[80.44556,6.96545],[80.4453,6.96625],[80.44498,6.96698],[80.44452,6.96768],[80.44416,6.96839],[80.44399,6.96916],[80.44392,6.96996],[80.44392,6.97075],[80.444,6.97154],[80.44419,6.97231],[80.44438,6.97392],[80.44405,6.97465],[80.44326,6.97493],[80.44247,6.97502],[80.44166,6.97528],[80.44091,6.97561],[80.44017,6.97603],[80.43964,6.97675],[80.43913,6.97735],[80.43835,6.97781],[80.43778,6.97837],[80.4369,6.98172],[80.43608,6.98412],[80.43551,6.98476],[80.43476,6.98503],[80.43397,6.98514],[80.43318,6.98535],[80.43237,6.98572],[80.4321,6.98648],[80.43226,6.98725],[80.43234,6.98804],[80.43329,6.98945],[80.43347,6.99023],[80.43344,6.99104],[80.4332,6.99184],[80.43305,6.99261],[80.43328,6.99344],[80.43364,6.99416],[80.43397,6.99451],[80.43419,6.99473],[80.43492,6.99504],[80.43624,6.99601],[80.43672,6.9967],[80.43756,6.99811],[80.43837,6.99822],[80.43915,6.99804],[80.43994,6.99822],[80.44079,6.99836],[80.4415,6.99792],[80.44223,6.99759],[80.44382,6.99811],[80.44623,6.998],[80.44792,6.99813],[80.44872,6.99848],[80.44944,6.99897],[80.45023,6.99931],[80.45074,6.99995],[80.45115,7.0015],[80.45148,7.00309],[80.45261,7.00424],[80.45307,7.00491],[80.45379,7.00528],[80.45531,7.00581],[80.45608,7.00604],[80.45673,7.00649],[80.45725,7.00709],[80.4577,7.00777],[80.45867,7.01009],[80.45933,7.01062],[80.45984,7.01124],[80.46049,7.01268],[80.46112,7.01317],[80.46195,7.01334],[80.46273,7.01309],[80.46352,7.01303],[80.46419,7.01346],[80.46473,7.01409],[80.46504,7.01485],[80.4656,7.01548],[80.46621,7.01602],[80.46673,7.01665],[80.46737,7.01712],[80.46766,7.01787],[80.46747,7.0203],[80.46705,7.02099],[80.46637,7.02139],[80.46609,7.02219],[80.46676,7.02259],[80.46752,7.0229],[80.46813,7.02346],[80.4681,7.02426],[80.46749,7.02476],[80.4667,7.02467],[80.46593,7.02438],[80.46511,7.02419],[80.46433,7.02436],[80.46401,7.02513],[80.46345,7.0284],[80.46315,7.02921],[80.46175,7.03002],[80.46117,7.03057],[80.46092,7.03133],[80.4609,7.034],[80.46068,7.03477],[80.4604,7.03553],[80.46031,7.0364],[80.46034,7.03733],[80.46056,7.0382],[80.46058,7.03905],[80.46052,7.03983],[80.46058,7.0415],[80.46036,7.04314],[80.46042,7.04393],[80.46094,7.04726],[80.46137,7.04887],[80.46156,7.04971],[80.46239,7.05115],[80.4626,7.05194],[80.46258,7.05277],[80.46264,7.05356],[80.46279,7.05438],[80.463,7.05522],[80.46348,7.05674],[80.46377,7.05755],[80.46424,7.05825],[80.46481,7.05883],[80.46612,7.05978],[80.46692,7.06006],[80.4697,7.06175],[80.47032,7.06226],[80.47088,7.06282],[80.47126,7.06361],[80.47128,7.0644],[80.47113,7.06522],[80.47051,7.06571],[80.46997,7.06629],[80.46921,7.06655],[80.46845,7.06632],[80.46716,7.06527],[80.46661,7.06464],[80.46586,7.06431],[80.46514,7.06469],[80.4647,7.06543],[80.46451,7.06621],[80.46423,7.06699],[80.46384,7.06776],[80.46374,7.06947],[80.46373,7.07052],[80.46217,7.07164],[80.46186,7.07245],[80.46074,7.07478],[80.46035,7.0764],[80.45972,7.07794],[80.45975,7.0788],[80.45953,7.0796],[80.45944,7.08046],[80.45946,7.08126],[80.45901,7.08197],[80.4588,7.08274],[80.45892,7.08356],[80.45901,7.08521],[80.45883,7.08599],[80.45847,7.08675],[80.45796,7.08832],[80.45777,7.09003],[80.45754,7.09081],[80.4571,7.09149],[80.45655,7.09207],[80.45595,7.09287],[80.45519,7.09436],[80.45502,7.09517],[80.45492,7.09608],[80.45487,7.09787],[80.45476,7.09872],[80.45422,7.10126],[80.45384,7.10203],[80.45263,7.10421],[80.45212,7.10487],[80.45097,7.10599],[80.44907,7.10748],[80.44753,7.10821],[80.44672,7.10975],[80.44614,7.11032],[80.44562,7.11099],[80.44526,7.11129],[80.44537,7.11298],[80.44578,7.11372],[80.4463,7.11433],[80.44708,7.11485],[80.44856,7.11567],[80.44945,7.11566],[80.45013,7.11609],[80.45201,7.11776],[80.4522,7.11863],[80.45245,7.11946],[80.45341,7.12062],[80.45406,7.121],[80.45516,7.1215],[80.45578,7.12205],[80.45627,7.1221],[80.45744,7.12239],[80.45789,7.12246],[80.45873,7.12224],[80.4592,7.12227],[80.4598,7.12254],[80.46026,7.1226],[80.46081,7.1226],[80.46223,7.12244],[80.46306,7.1225],[80.46386,7.12263],[80.46468,7.12283],[80.46547,7.12272],[80.46641,7.12252],[80.4679,7.12239],[80.46882,7.12221],[80.46951,7.12217],[80.4703,7.12232],[80.47186,7.12279],[80.4727,7.12329],[80.47321,7.12376],[80.47467,7.12455],[80.47547,7.12479],[80.47612,7.12524],[80.47667,7.12589],[80.47701,7.12669],[80.4776,7.12732],[80.47841,7.12747],[80.47897,7.12679],[80.47996,7.12513],[80.48071,7.12473],[80.48213,7.12471],[80.4841,7.12504],[80.48615,7.12597],[80.4868,7.12659],[80.48785,7.12712],[80.48869,7.12721],[80.48958,7.1272],[80.49032,7.12752],[80.49139,7.12815],[80.4922,7.1284],[80.49316,7.12845],[80.49399,7.12839],[80.49484,7.12824],[80.49586,7.12823],[80.4965,7.12808],[80.49715,7.12806],[80.49815,7.12785],[80.49892,7.12763],[80.49975,7.12768],[80.50055,7.12797],[80.5012,7.12846],[80.50102,7.12935],[80.50059,7.1301],[80.50031,7.13085],[80.50041,7.13181],[80.50094,7.13251],[80.50138,7.13321],[80.50253,7.13445],[80.50342,7.13468],[80.50398,7.13409],[80.50469,7.13358],[80.50543,7.13339],[80.50633,7.13361],[80.50657,7.13433],[80.50673,7.13529],[80.5068,7.13609],[80.50655,7.13689],[80.50655,7.13777],[80.50708,7.13848],[80.50765,7.139],[80.50832,7.13975],[80.50864,7.14023],[80.50933,7.14102],[80.50969,7.14175],[80.51002,7.14335],[80.50973,7.14404],[80.50982,7.14583],[80.5096,7.14668],[80.50962,7.14755],[80.50987,7.14829],[80.5103,7.14898],[80.51108,7.14947],[80.51177,7.14979],[80.51259,7.14998],[80.51433,7.15028],[80.51517,7.15029],[80.51684,7.14962],[80.51852,7.14953],[80.51934,7.14982],[80.52005,7.1503],[80.52064,7.15098],[80.52142,7.15153],[80.5222,7.15179],[80.52302,7.15153],[80.52361,7.15096],[80.52413,7.1503],[80.52483,7.14879],[80.52534,7.14722],[80.52581,7.14655],[80.52646,7.14711],[80.5265,7.14796],[80.52673,7.14872],[80.52796,7.14983],[80.52823,7.15059],[80.5295,7.15163],[80.53033,7.15179],[80.53112,7.1517],[80.53223,7.15052],[80.533,7.15014],[80.53381,7.15005],[80.53462,7.15043],[80.53499,7.1515],[80.53474,7.15218],[80.53454,7.15295],[80.5342,7.15369],[80.53313,7.15505],[80.53277,7.15579],[80.53254,7.15657],[80.53224,7.1573],[80.53206,7.15807],[80.53134,7.15845],[80.53057,7.15812],[80.52986,7.1587],[80.52927,7.15931],[80.52894,7.16006],[80.52883,7.16095],[80.52928,7.16165],[80.52979,7.1623],[80.53038,7.16283],[80.53188,7.16398],[80.53244,7.16469],[80.53282,7.16543],[80.53341,7.16604],[80.53425,7.16623],[80.53506,7.16621],[80.53674,7.1658],[80.53763,7.16586],[80.53842,7.16609],[80.53929,7.16622],[80.54014,7.16609],[80.5409,7.16575],[80.54179,7.16562],[80.54259,7.16587],[80.54335,7.16632],[80.54415,7.16666],[80.54495,7.16679],[80.54573,7.16666],[80.54661,7.1667],[80.54739,7.16702],[80.54791,7.1677],[80.54813,7.16936],[80.54789,7.17016],[80.54741,7.17086],[80.54705,7.17163],[80.54648,7.17224],[80.54592,7.1738],[80.54603,7.1743],[80.54599,7.17531],[80.54568,7.17605],[80.54545,7.17685],[80.54542,7.17764],[80.54505,7.17864],[80.54452,7.17922],[80.54294,7.17977],[80.54145,7.18054],[80.54014,7.18149],[80.53942,7.1819],[80.53877,7.18237],[80.53815,7.18304],[80.53736,7.18348],[80.53654,7.18374],[80.53608,7.1845],[80.53571,7.18521],[80.53494,7.18541],[80.53423,7.18578],[80.5336,7.18632],[80.53248,7.18753],[80.53205,7.18826],[80.53184,7.18906],[80.53178,7.18995],[80.53141,7.19068],[80.53074,7.19123],[80.5302,7.19188],[80.52987,7.1926],[80.52973,7.19338],[80.5292,7.19404],[80.52845,7.19432],[80.52778,7.19478],[80.52726,7.19548],[80.52689,7.1962],[80.52673,7.19704],[80.52627,7.19771],[80.52549,7.19813],[80.52473,7.19837],[80.52397,7.19867],[80.52333,7.19923],[80.52267,7.19971],[80.522,7.20013],[80.52138,7.20073],[80.5204,7.20207],[80.51983,7.20267],[80.51906,7.20298],[80.51735,7.20318],[80.51656,7.20339],[80.51591,7.20385],[80.5154,7.20445],[80.51495,7.20513],[80.51423,7.20663],[80.51325,7.20809],[80.51295,7.20889],[80.51249,7.21052],[80.5124,7.21134],[80.5124,7.21215],[80.51258,7.21296],[80.51309,7.21364],[80.51368,7.2142],[80.51437,7.21468],[80.51515,7.21508],[80.51595,7.21542],[80.5167,7.21572],[80.51746,7.21595],[80.519,7.21663],[80.52055,7.21758],[80.52119,7.21804],[80.52176,7.21874],[80.52214,7.21955],[80.52236,7.22031],[80.52246,7.22117],[80.52249,7.2237],[80.5223,7.22626],[80.52167,7.22965],[80.52167,7.23051],[80.52174,7.23132],[80.52191,7.23215],[80.5221,7.23294],[80.52244,7.23372],[80.52247,7.23454],[80.52196,7.23515],[80.52136,7.23572],[80.52084,7.23646],[80.52047,7.2372],[80.52032,7.23808],[80.51983,7.23873],[80.51927,7.23931],[80.51907,7.24011],[80.51877,7.24089],[80.51821,7.2415],[80.51752,7.24198],[80.51679,7.24233],[80.51611,7.24278],[80.51533,7.24306],[80.51369,7.24338],[80.51293,7.24381],[80.5122,7.24431],[80.51141,7.24453],[80.51045,7.2452],[80.51016,7.24556],[80.50899,7.24774],[80.50854,7.24934],[80.50864,7.25093],[80.50865,7.25173],[80.50899,7.25277],[80.50865,7.25351],[80.50823,7.25424],[80.50775,7.25493],[80.50711,7.25542],[80.50568,7.25627],[80.50508,7.2568],[80.50399,7.25799],[80.50235,7.25852],[80.50158,7.25871],[80.5007,7.25864],[80.5,7.25811],[80.49921,7.25794],[80.4984,7.25791],[80.4976,7.25795],[80.49671,7.25812],[80.495,7.25824],[80.49415,7.25842],[80.4933,7.25871],[80.49252,7.25925],[80.492,7.25986],[80.49156,7.26063],[80.4911,7.2613],[80.49041,7.26175],[80.48983,7.26232],[80.48911,7.26266],[80.48827,7.26276],[80.4867,7.26223],[80.48579,7.26221],[80.48519,7.26278],[80.48447,7.26313],[80.48359,7.26333],[80.48275,7.26344],[80.48105,7.26301],[80.4802,7.26312],[80.47955,7.26356],[80.47939,7.26435],[80.48018,7.26585],[80.47981,7.26654],[80.47908,7.267],[80.47844,7.26746],[80.47694,7.26833],[80.47631,7.26889],[80.47598,7.26966],[80.47662,7.27013],[80.4774,7.27019],[80.47823,7.27032],[80.47906,7.27058],[80.47988,7.27102],[80.4804,7.27178],[80.48075,7.27255],[80.48083,7.27336],[80.48065,7.27414],[80.48067,7.27497],[80.48084,7.27577],[80.48107,7.27658],[80.48134,7.27734],[80.48214,7.27879],[80.48273,7.27943],[80.48315,7.28011],[80.48318,7.28095],[80.48298,7.28174],[80.48221,7.2833],[80.4814,7.28478],[80.48085,7.28548],[80.48013,7.28584],[80.47945,7.28626],[80.47903,7.287],[80.47871,7.28776],[80.47822,7.28849],[80.47769,7.28911],[80.47708,7.28974],[80.47641,7.29019],[80.47558,7.29046],[80.47486,7.29085],[80.47417,7.29134],[80.47367,7.29208],[80.47314,7.29271],[80.47254,7.29332],[80.47208,7.29414],[80.47144,7.29471],[80.47075,7.29519],[80.46982,7.29648],[80.46939,7.29717],[80.46873,7.2977],[80.468,7.29802],[80.46726,7.29843],[80.46671,7.29908],[80.46624,7.29973],[80.46609,7.30012],[80.46578,7.30049],[80.4644,7.30162],[80.46391,7.30224],[80.46329,7.30281],[80.46259,7.30317],[80.46105,7.30383],[80.46049,7.30446],[80.45984,7.30506],[80.45917,7.30552],[80.45756,7.30621],[80.45706,7.30691],[80.45705,7.30772],[80.45721,7.30851],[80.45708,7.30933],[80.45677,7.31009],[80.45631,7.31075],[80.45598,7.31154],[80.45553,7.31235],[80.455,7.31298],[80.45435,7.31349],[80.45289,7.31428],[80.45214,7.3146],[80.45046,7.31521],[80.44961,7.31534],[80.44801,7.31545],[80.44716,7.31568],[80.44647,7.31605],[80.44594,7.31669],[80.44554,7.31739],[80.44486,7.31791],[80.44412,7.31825],[80.44258,7.31883],[80.44176,7.31884],[80.44086,7.31872],[80.43998,7.31885],[80.43933,7.31933],[80.43874,7.31999],[80.43832,7.32066],[80.43665,7.32248],[80.43598,7.32303],[80.43528,7.32346],[80.43373,7.32422],[80.43282,7.3256],[80.43215,7.32608],[80.4313,7.32636],[80.43002,7.32952],[80.4295,7.32979],[80.4265,7.33234],[80.4269,7.33429],[80.42603,7.33608],[80.42566,7.33801],[80.42466,7.33976],[80.42431,7.34171],[80.4241,7.34372],[80.42418,7.34572],[80.42336,7.34755],[80.42235,7.34932],[80.422,7.35125],[80.4219,7.35321],[80.42215,7.35518],[80.42056,7.3548],[80.42014,7.35508],[80.41942,7.35535],[80.41849,7.35554],[80.41723,7.35561],[80.41559,7.35592],[80.41473,7.35631],[80.41441,7.35669],[80.41449,7.35747],[80.4149,7.35833],[80.41593,7.36371],[80.4166,7.36577],[80.41648,7.36675],[80.41711,7.36825],[80.41645,7.37143],[80.41665,7.37304],[80.41639,7.37415],[80.41368,7.37852],[80.41158,7.38298],[80.40905,7.38515],[80.40755,7.38596],[80.40104,7.38755],[80.39659,7.39131],[80.39458,7.39408],[80.39351,7.39545],[80.39229,7.39653],[80.39116,7.39661],[80.39035,7.3965],[80.38891,7.3961],[80.386,7.39521],[80.38143,7.39448],[80.38053,7.39427],[80.37984,7.39373],[80.37696,7.39186],[80.37274,7.39104],[80.35693,7.38657],[80.34721,7.38775],[80.34696,7.38769],[80.34668,7.38744],[80.34654,7.38715],[80.34616,7.38646],[80.34574,7.38541],[80.34524,7.38308],[80.34533,7.38214],[80.34574,7.38141],[80.34737,7.37986],[80.34935,7.37856],[80.35,7.37759],[80.35086,7.37415],[80.3522,7.37241],[80.35591,7.36105],[80.35379,7.35629],[80.34864,7.35566],[80.34326,7.35285],[80.34238,7.35111],[80.34301,7.34649],[80.34428,7.34384],[80.34836,7.34167],[80.34996,7.33916],[80.34931,7.33767],[80.34747,7.33586],[80.3459,7.33185],[80.3448,7.3313],[80.3436,7.32984],[80.34071,7.32476],[80.3382,7.3212],[80.33135,7.32381],[80.32766,7.32599],[80.32438,7.32671],[80.32146,7.32883],[80.32095,7.32871],[80.32032,7.32717],[80.32007,7.32654],[80.31893,7.32363],[80.318,7.32172],[80.31668,7.32116],[80.31482,7.32129],[80.31306,7.32259],[80.31252,7.32293],[80.31177,7.32279],[80.31026,7.32109],[80.30681,7.31965],[80.30137,7.31791],[80.29482,7.3163],[80.28847,7.31497],[80.28685,7.31555],[80.28513,7.31609],[80.28214,7.31705],[80.27933,7.31837],[80.2783,7.3178],[80.27421,7.31486],[80.26521,7.31047],[80.26247,7.30779],[80.25475,7.30455],[80.25149,7.30124],[80.24905,7.29951],[80.24496,7.29709],[80.24216,7.29415],[80.23958,7.29299],[80.23687,7.29088],[80.23572,7.2894],[80.23372,7.28813],[80.23319,7.28751],[80.22998,7.28575],[80.22906,7.28445],[80.2258,7.28186],[80.21628,7.27615],[80.21377,7.27468],[80.21197,7.2725],[80.21044,7.26891],[80.2068,7.26417],[80.20501,7.26084],[80.20439,7.25949],[80.20391,7.2591],[80.20135,7.25879],[80.19867,7.25802],[80.19718,7.25789],[80.19564,7.25822],[80.1955,7.25719],[80.19985,7.25064],[80.20028,7.24939],[80.20041,7.24793],[80.20019,7.24487],[80.19576,7.24094],[80.19261,7.24021],[80.19065,7.23917],[80.18841,7.23768],[80.18671,7.23615],[80.18659,7.2352],[80.18707,7.23396],[80.18806,7.23213],[80.18852,7.23115],[80.1888,7.23015],[80.18826,7.22882],[80.18848,7.22798],[80.18912,7.22719],[80.1896,7.22643],[80.18908,7.22593],[80.18864,7.22528],[80.18838,7.22465],[80.18833,7.22385],[80.18859,7.22296],[80.18905,7.22203],[80.18895,7.22085],[80.18832,7.21964],[80.18707,7.21758],[80.18463,7.21324],[80.18431,7.21073],[80.18481,7.20828],[80.18553,7.2072],[80.18612,7.20608],[80.18646,7.20491],[80.1862,7.20462],[80.1857,7.20443],[80.18522,7.20404],[80.18495,7.20345],[80.1848,7.20243],[80.18467,7.20194],[80.18432,7.20145],[80.18365,7.20057],[80.1831,7.19959],[80.18306,7.19885],[80.18334,7.19828],[80.18416,7.19694],[80.18427,7.19663],[80.18427,7.19627],[80.1835,7.19581],[80.18261,7.19478],[80.18254,7.19449],[80.18237,7.19405],[80.18203,7.19375],[80.18153,7.19363],[80.18051,7.19373],[80.17706,7.19389],[80.17309,7.19534],[80.17147,7.19584],[80.17053,7.19596],[80.17013,7.19589],[80.16977,7.19583],[80.16935,7.19561],[80.16901,7.19528],[80.16842,7.19461],[80.1683,7.19447],[80.1674,7.19348],[80.16598,7.19286],[80.16494,7.19269],[80.16395,7.19285],[80.16248,7.19352],[80.16148,7.19352],[80.16067,7.19325],[80.16033,7.19282],[80.16018,7.19262],[80.15995,7.19216],[80.15995,7.19127],[80.16021,7.19065],[80.16029,7.19047],[80.16119,7.18956],[80.1612,7.18951],[80.16124,7.18921],[80.16118,7.18828],[80.16094,7.18677],[80.16039,7.18549],[80.15998,7.18501],[80.15949,7.18461],[80.15884,7.18453],[80.1581,7.1845],[80.15724,7.18465],[80.15641,7.1849],[80.15622,7.18506],[80.15611,7.18515],[80.15596,7.18527],[80.15587,7.18534],[80.15522,7.18587],[80.15479,7.18694],[80.15469,7.18803],[80.15469,7.1881],[80.15459,7.18929],[80.15437,7.19059],[80.15407,7.19152],[80.15323,7.19247],[80.15262,7.19285],[80.15193,7.19307],[80.15123,7.19288],[80.15064,7.1925],[80.1505,7.19097],[80.15019,7.18988],[80.14982,7.18973],[80.14945,7.18959],[80.14777,7.18993],[80.14686,7.18993],[80.14657,7.18983],[80.14608,7.18965],[80.14552,7.18916],[80.14537,7.18832],[80.14584,7.18753],[80.14674,7.18687],[80.14884,7.18552],[80.15032,7.18513],[80.15103,7.18483],[80.15152,7.18462],[80.15182,7.18449],[80.15228,7.1843],[80.15259,7.18417],[80.1527,7.18403],[80.15281,7.18391],[80.15286,7.18384],[80.15344,7.18316],[80.15363,7.18224],[80.15374,7.18169],[80.15378,7.18149],[80.15382,7.18128],[80.15386,7.18109],[80.1539,7.18091],[80.15398,7.1805],[80.15417,7.17956],[80.1545,7.17794],[80.15486,7.17347],[80.15634,7.16868],[80.15722,7.16395],[80.15677,7.16072],[80.15681,7.15785],[80.15633,7.15586],[80.15441,7.15319],[80.15459,7.15202],[80.15599,7.14785],[80.15655,7.14402],[80.15811,7.13652],[80.15932,7.1347],[80.15934,7.13334],[80.15973,7.13124],[80.15985,7.13058],[80.16005,7.13034],[80.16012,7.13024],[80.16014,7.13022],[80.16272,7.12692],[80.16363,7.12617],[80.16513,7.12642],[80.1661,7.12695],[80.16786,7.12805],[80.16929,7.12937],[80.17024,7.13025],[80.17175,7.13247],[80.17476,7.13265],[80.17663,7.133],[80.17754,7.13349],[80.17832,7.13396],[80.17897,7.13449],[80.17995,7.13576],[80.18071,7.13685],[80.18153,7.13772],[80.18229,7.13805],[80.1833,7.13833],[80.18434,7.13829],[80.18633,7.13807],[80.19048,7.13781],[80.19257,7.13789],[80.19439,7.13769],[80.19544,7.13703],[80.1962,7.13618],[80.19742,7.13526],[80.19809,7.13502],[80.1988,7.13511],[80.20009,7.13544],[80.20096,7.13609],[80.20187,7.13744],[80.2021,7.13756],[80.20229,7.13763],[80.20267,7.13754],[80.20299,7.13725],[80.20408,7.13613],[80.20524,7.1356],[80.20638,7.13536],[80.20795,7.13519],[80.20869,7.13514],[80.20918,7.13505],[80.21195,7.1335],[80.21239,7.13301],[80.21268,7.13202],[80.21235,7.13023],[80.21007,7.1299],[80.20718,7.12809],[80.20491,7.12286],[80.20326,7.11948],[80.20179,7.11857],[80.19918,7.11711],[80.19776,7.11317],[80.19639,7.11165],[80.19635,7.10983],[80.19617,7.10235],[80.19509,7.10179],[80.18879,7.10376],[80.18555,7.1052],[80.18549,7.10452],[80.18705,7.10199],[80.18731,7.10083],[80.18733,7.09771],[80.18714,7.09565],[80.1881,7.0908],[80.18796,7.08993],[80.18275,7.08696],[80.18111,7.08555],[80.17941,7.08474],[80.17701,7.08268],[80.17591,7.08013],[80.17557,7.07782],[80.17507,7.07535],[80.17396,7.07296],[80.17188,7.07118],[80.16966,7.06962],[80.16834,7.06873],[80.16699,7.06733],[80.16686,7.06636],[80.1671,7.06509],[80.16715,7.06378],[80.16666,7.06244],[80.16518,7.06084],[80.16365,7.05962],[80.16341,7.05934],[80.16286,7.05869],[80.16267,7.05706],[80.1634,7.05461],[80.16443,7.05357],[80.16558,7.05279],[80.16641,7.05016],[80.16743,7.04886],[80.16806,7.04752],[80.16785,7.04101],[80.16942,7.0376],[80.17034,7.034],[80.17063,7.03134],[80.17046,7.02869],[80.17078,7.02351],[80.17114,7.02191],[80.17241,7.01914],[80.17468,7.01496],[80.17561,7.01112],[80.17689,7.00721],[80.17797,7.00323],[80.17836,7.00039],[80.18002,6.99896],[80.18111,6.99611],[80.18154,6.99096],[80.18178,6.98964],[80.18161,6.98594],[80.18118,6.98141],[80.17921,6.97768],[80.17959,6.97741],[80.18135,6.97666],[80.18361,6.97501],[80.18618,6.97535],[80.1873,6.97593],[80.18942,6.97838],[80.19078,6.97852],[80.19284,6.97787],[80.19455,6.97721],[80.19686,6.97701],[80.19924,6.97618],[80.20134,6.97628],[80.20299,6.97712],[80.20398,6.97763],[80.20724,6.9787],[80.20917,6.97805],[80.20963,6.97781],[80.21083,6.97681],[80.21156,6.97657],[80.21288,6.97661],[80.21319,6.97656],[80.21361,6.97618],[80.21443,6.97438],[80.2146,6.97421],[80.21487,6.97407],[80.21604,6.97507],[80.21683,6.97535],[80.21705,6.97527],[80.21796,6.97356],[80.21824,6.97263],[80.21809,6.97207],[80.21781,6.97155],[80.21785,6.96984],[80.21789,6.96856],[80.21727,6.96572],[80.2172,6.96484],[80.21732,6.96312],[80.21756,6.96219],[80.21843,6.96041],[80.21854,6.95984],[80.21836,6.95935],[80.21768,6.95822],[80.21752,6.95767],[80.21743,6.95707],[80.21753,6.9564],[80.21796,6.9559],[80.2189,6.95531],[80.21941,6.95486],[80.21999,6.95427],[80.22029,6.95363],[80.2207,6.95324],[80.22098,6.9527],[80.22187,6.951],[80.22236,6.95038],[80.22256,6.94967],[80.22243,6.94773],[80.22256,6.94561],[80.22307,6.94309],[80.2232,6.94167],[80.22314,6.94085],[80.22292,6.93999],[80.22211,6.93799],[80.22131,6.93705],[80.22042,6.93669],[80.2188,6.93665],[80.21712,6.93747],[80.21497,6.93846],[80.21304,6.93876],[80.21151,6.93885],[80.20999,6.9388],[80.20892,6.93853],[80.2082,6.93796],[80.20809,6.93736],[80.20815,6.93676],[80.21095,6.92845],[80.21234,6.92525],[80.21278,6.92178],[80.21267,6.91996],[80.21167,6.91787]]]}},{"type":"Feature","properties":{"slug":"kurunegala","name":"Kurunegala","district_id":18,"iso":"LK-61"},"geometry":{"type":"Polygon","coordinates":[[[80.10191,8.19726],[80.10278,8.19228],[80.10583,8.18926],[80.10018,8.16712],[80.10186,8.15888],[80.10675,8.15208],[80.1098,8.1418],[80.11011,8.13152],[80.11438,8.11625],[80.11484,8.10099],[80.1153,8.096],[80.11855,8.0933],[80.12847,8.07886],[80.14353,8.07491],[80.1498,8.07072],[80.15325,8.06623],[80.15228,8.06099],[80.14937,8.05543],[80.14706,8.04796],[80.1458,8.03448],[80.14861,8.01834],[80.14366,8.00631],[80.14457,8.00353],[80.14953,7.9974],[80.13619,7.97516],[80.13388,7.97011],[80.13322,7.965],[80.13367,7.96198],[80.13399,7.96016],[80.13545,7.95867],[80.13842,7.95792],[80.1429,7.95215],[80.14339,7.94985],[80.14839,7.94169],[80.14801,7.94107],[80.14429,7.93874],[80.14232,7.93738],[80.14132,7.93727],[80.13994,7.93794],[80.13913,7.93826],[80.13835,7.93826],[80.13719,7.93803],[80.13589,7.93725],[80.13306,7.93476],[80.1326,7.93478],[80.12905,7.93856],[80.1289,7.93916],[80.12905,7.94026],[80.12879,7.94102],[80.12821,7.94166],[80.12528,7.9437],[80.12444,7.94457],[80.12318,7.94635],[80.12218,7.94714],[80.12035,7.9479],[80.11894,7.94805],[80.1176,7.94865],[80.11544,7.95029],[80.11436,7.9507],[80.11316,7.9507],[80.1121,7.95057],[80.11092,7.95006],[80.10914,7.94824],[80.10802,7.94572],[80.1067,7.94074],[80.10687,7.93893],[80.10859,7.93626],[80.10909,7.93117],[80.10869,7.92929],[80.10812,7.92838],[80.10429,7.92672],[80.1011,7.92421],[80.10048,7.92212],[80.09994,7.91683],[80.09892,7.91429],[80.09827,7.91381],[80.09674,7.91395],[80.09558,7.91473],[80.09485,7.91553],[80.09428,7.91582],[80.09352,7.91545],[80.09282,7.91577],[80.09282,7.91823],[80.09414,7.92053],[80.09428,7.92128],[80.09366,7.92136],[80.0895,7.91852],[80.08508,7.91783],[80.08078,7.91703],[80.07552,7.9158],[80.07331,7.91459],[80.07228,7.91358],[80.0722,7.91306],[80.07422,7.90841],[80.07441,7.90281],[80.07395,7.89759],[80.07422,7.8926],[80.07319,7.89052],[80.07208,7.88996],[80.06838,7.88999],[80.06689,7.889],[80.0666,7.88765],[80.06744,7.88334],[80.0658,7.87823],[80.06633,7.87649],[80.06702,7.87468],[80.06633,7.87309],[80.06496,7.87222],[80.06313,7.87199],[80.05916,7.87354],[80.05553,7.87392],[80.05297,7.87328],[80.05156,7.87184],[80.05072,7.86867],[80.04926,7.86729],[80.04445,7.86655],[80.04211,7.86553],[80.0404,7.86353],[80.03968,7.86174],[80.03824,7.86055],[80.03789,7.8596],[80.03865,7.85874],[80.03989,7.85917],[80.04051,7.85901],[80.04127,7.85815],[80.04093,7.85688],[80.03942,7.85512],[80.03821,7.84811],[80.0384,7.84614],[80.03802,7.84501],[80.03741,7.84444],[80.03603,7.84361],[80.03397,7.8416],[80.0318,7.84096],[80.02981,7.84126],[80.02829,7.8416],[80.02741,7.84168],[80.0268,7.84077],[80.02374,7.83892],[80.02172,7.83888],[80.02057,7.83884],[80.01671,7.83662],[80.01554,7.83431],[80.01424,7.83389],[80.01264,7.83381],[80.00962,7.83381],[80.00779,7.83279],[80.00618,7.83128],[80.00512,7.82943],[80.00527,7.8267],[80.00783,7.82345],[80.00874,7.82194],[80.00897,7.82001],[80.01144,7.8169],[80.01143,7.81604],[80.01102,7.81529],[80.00982,7.81441],[80.00837,7.81417],[80.00648,7.81383],[80.0047,7.81428],[80.00162,7.81385],[79.99903,7.81257],[79.9973,7.80992],[79.99752,7.80688],[79.99439,7.79286],[79.99646,7.78971],[80.0008,7.78219],[80.00231,7.77855],[80.00167,7.77625],[79.99951,7.77251],[79.99702,7.77106],[79.99563,7.76963],[79.99357,7.76315],[79.99335,7.75839],[79.99513,7.75593],[79.99729,7.75282],[79.99983,7.75133],[80.00122,7.74906],[79.9987,7.74309],[79.99664,7.74212],[79.99519,7.74313],[79.99252,7.74093],[79.98717,7.73912],[79.97756,7.73204],[79.9761,7.72823],[79.97572,7.72391],[79.97068,7.72225],[79.96687,7.72006],[79.96565,7.72058],[79.96389,7.72021],[79.9616,7.71786],[79.95855,7.7202],[79.95653,7.72076],[79.95532,7.71999],[79.95348,7.71667],[79.95272,7.70907],[79.95404,7.70197],[79.94967,7.70203],[79.94568,7.7008],[79.94088,7.69649],[79.94119,7.69465],[79.94287,7.69325],[79.94821,7.69432],[79.95221,7.69465],[79.95404,7.69427],[79.95474,7.69374],[79.95523,7.6924],[79.95572,7.69165],[79.9633,7.68681],[79.95998,7.68352],[79.95993,7.6817],[79.96036,7.67902],[79.95939,7.67512],[79.95831,7.67303],[79.95415,7.67367],[79.94816,7.67603],[79.94762,7.67833],[79.94789,7.68015],[79.9474,7.68202],[79.94595,7.68202],[79.94422,7.67977],[79.94303,7.67731],[79.9411,7.67664],[79.93944,7.67747],[79.93696,7.68047],[79.9354,7.6809],[79.93464,7.68009],[79.93027,7.67613],[79.9287,7.67458],[79.92832,7.67319],[79.93032,7.66843],[79.93059,7.66549],[79.92913,7.66169],[79.92724,7.66051],[79.92503,7.65944],[79.92374,7.65794],[79.9239,7.65564],[79.92563,7.65489],[79.93156,7.65297],[79.93324,7.65206],[79.93377,7.65067],[79.93307,7.6489],[79.92999,7.64703],[79.92524,7.64689],[79.92287,7.64532],[79.92135,7.63365],[79.91747,7.62927],[79.91045,7.62616],[79.90572,7.61659],[79.90678,7.60733],[79.90905,7.5978],[79.90722,7.59067],[79.90251,7.58089],[79.90051,7.5597],[79.90247,7.53914],[79.90532,7.50575],[79.91067,7.47713],[79.93752,7.34932],[79.93996,7.32736],[79.94022,7.31058],[79.94183,7.28885],[79.94236,7.28105],[79.94156,7.27649],[79.94184,7.27629],[79.9426,7.27567],[79.94356,7.27502],[79.94458,7.27437],[79.94531,7.27404],[79.94593,7.27392],[79.94627,7.27416],[79.94654,7.27454],[79.9466,7.27485],[79.9467,7.27558],[79.94718,7.27604],[79.9475,7.27634],[79.94764,7.27678],[79.94701,7.27743],[79.94676,7.2782],[79.9471,7.27948],[79.94851,7.28054],[79.94937,7.28094],[79.9503,7.28098],[79.95134,7.28053],[79.95227,7.28069],[79.95342,7.28095],[79.95375,7.28039],[79.95391,7.28033],[79.95469,7.28052],[79.955,7.28115],[79.95523,7.28183],[79.95537,7.28232],[79.9556,7.28241],[79.956,7.28265],[79.95608,7.28299],[79.9559,7.28321],[79.95383,7.28393],[79.95238,7.2848],[79.95164,7.28592],[79.95141,7.28627],[79.9511,7.28726],[79.95095,7.28771],[79.95062,7.28891],[79.95101,7.28966],[79.95133,7.28997],[79.95176,7.29015],[79.95296,7.2902],[79.95423,7.29009],[79.95669,7.29011],[79.95714,7.29043],[79.95745,7.29145],[79.95685,7.29296],[79.95661,7.29389],[79.9572,7.2942],[79.95879,7.2939],[79.96019,7.29367],[79.96188,7.29285],[79.96337,7.29154],[79.96571,7.28948],[79.96704,7.2892],[79.96848,7.28921],[79.96942,7.28948],[79.97006,7.29001],[79.97056,7.29081],[79.97225,7.29289],[79.97349,7.29306],[79.97507,7.29233],[79.97607,7.29216],[79.9776,7.29251],[79.97836,7.29314],[79.97864,7.29393],[79.97922,7.29763],[79.98035,7.30011],[79.98212,7.30143],[79.98337,7.30181],[79.98452,7.30155],[79.98644,7.30155],[79.98702,7.30174],[79.9881,7.30222],[79.98948,7.30333],[79.99167,7.3034],[79.99277,7.30313],[79.99438,7.30324],[79.99498,7.304],[79.99509,7.30523],[79.99468,7.30586],[79.9911,7.30493],[79.98898,7.30509],[79.98802,7.30579],[79.98815,7.30664],[79.99012,7.30875],[79.99363,7.30957],[79.99584,7.31023],[79.99726,7.31194],[79.99748,7.31322],[79.99908,7.31446],[79.99998,7.31457],[80.00119,7.31469],[80.00228,7.3143],[80.00427,7.31486],[80.0055,7.31841],[80.00562,7.32034],[80.00679,7.32123],[80.00859,7.32132],[80.00902,7.32073],[80.00925,7.31912],[80.00992,7.31761],[80.01132,7.31713],[80.01415,7.31655],[80.01484,7.31452],[80.01595,7.3144],[80.02005,7.31769],[80.02451,7.31773],[80.02666,7.31793],[80.02702,7.31758],[80.02734,7.31709],[80.02739,7.31653],[80.02637,7.31501],[80.0248,7.31405],[80.02475,7.31316],[80.02495,7.3123],[80.02677,7.31116],[80.02915,7.30974],[80.03005,7.30821],[80.03014,7.30685],[80.0305,7.30555],[80.03083,7.30256],[80.03154,7.30183],[80.03216,7.30172],[80.03272,7.30199],[80.03475,7.30311],[80.03703,7.3036],[80.03824,7.30348],[80.03931,7.30318],[80.04093,7.30188],[80.04307,7.30029],[80.04568,7.29982],[80.04669,7.29959],[80.0474,7.29901],[80.04728,7.29855],[80.04696,7.29783],[80.04689,7.29653],[80.04693,7.29598],[80.04732,7.29529],[80.04832,7.29427],[80.05117,7.29256],[80.0532,7.29099],[80.05349,7.29042],[80.05362,7.28904],[80.05342,7.28715],[80.05317,7.28618],[80.05366,7.28526],[80.05426,7.28441],[80.05581,7.2841],[80.05684,7.28393],[80.05786,7.28397],[80.05919,7.28388],[80.06015,7.2844],[80.0618,7.28526],[80.0636,7.28572],[80.0667,7.28825],[80.07184,7.29143],[80.07682,7.2951],[80.08215,7.29852],[80.08248,7.29958],[80.0825,7.30122],[80.08246,7.30199],[80.0828,7.30276],[80.08331,7.3038],[80.08399,7.30457],[80.08459,7.30478],[80.08522,7.30482],[80.08593,7.3046],[80.08636,7.30422],[80.0867,7.3036],[80.087,7.30341],[80.08732,7.30339],[80.08799,7.30373],[80.08906,7.30444],[80.09049,7.30579],[80.09202,7.30654],[80.0943,7.3073],[80.09786,7.31099],[80.09899,7.31193],[80.09994,7.31242],[80.10072,7.31209],[80.10158,7.31248],[80.10229,7.31313],[80.10295,7.31381],[80.10333,7.31463],[80.10347,7.3157],[80.10363,7.31637],[80.10393,7.3172],[80.10475,7.31795],[80.10671,7.32013],[80.10776,7.32108],[80.10928,7.32191],[80.11155,7.32325],[80.11416,7.32417],[80.11689,7.32492],[80.1193,7.3262],[80.12171,7.32796],[80.12277,7.3294],[80.12332,7.33008],[80.12372,7.33035],[80.12416,7.33053],[80.12816,7.32918],[80.13056,7.32828],[80.13323,7.32689],[80.13665,7.32445],[80.13855,7.3237],[80.13937,7.32315],[80.14001,7.32247],[80.14013,7.32054],[80.1403,7.31988],[80.1412,7.31889],[80.14291,7.31756],[80.14439,7.31596],[80.14592,7.31444],[80.14775,7.31352],[80.14877,7.3124],[80.14872,7.31136],[80.14806,7.31038],[80.14717,7.30936],[80.14612,7.30838],[80.14441,7.30748],[80.14303,7.3061],[80.14285,7.30533],[80.14303,7.30455],[80.14416,7.30321],[80.14595,7.30145],[80.14757,7.2994],[80.14976,7.29882],[80.15222,7.29752],[80.15402,7.29612],[80.15476,7.29526],[80.15541,7.29365],[80.15721,7.2927],[80.15901,7.29048],[80.16307,7.29008],[80.16495,7.28836],[80.16869,7.28542],[80.16953,7.28183],[80.17035,7.28067],[80.17416,7.27777],[80.17594,7.27569],[80.17733,7.27252],[80.17926,7.27028],[80.18104,7.26912],[80.18239,7.26772],[80.18313,7.26628],[80.18393,7.26247],[80.18506,7.26121],[80.18654,7.26136],[80.18747,7.26222],[80.18938,7.26383],[80.19049,7.2638],[80.19205,7.26179],[80.19564,7.25822],[80.19718,7.25789],[80.19867,7.25802],[80.20135,7.25879],[80.20391,7.2591],[80.20439,7.25949],[80.20501,7.26084],[80.2068,7.26417],[80.21044,7.26891],[80.21197,7.2725],[80.21377,7.27468],[80.21628,7.27615],[80.2258,7.28186],[80.22906,7.28445],[80.22998,7.28575],[80.23319,7.28751],[80.23372,7.28813],[80.23572,7.2894],[80.23687,7.29088],[80.23958,7.29299],[80.24216,7.29415],[80.24496,7.29709],[80.24905,7.29951],[80.25149,7.30124],[80.25475,7.30455],[80.26247,7.30779],[80.26521,7.31047],[80.27421,7.31486],[80.2783,7.3178],[80.27933,7.31837],[80.28214,7.31705],[80.28513,7.31609],[80.28685,7.31555],[80.28847,7.31497],[80.29482,7.3163],[80.30137,7.31791],[80.30681,7.31965],[80.31026,7.32109],[80.31177,7.32279],[80.31252,7.32293],[80.31306,7.32259],[80.31482,7.32129],[80.31668,7.32116],[80.318,7.32172],[80.31893,7.32363],[80.32007,7.32654],[80.32032,7.32717],[80.32095,7.32871],[80.32146,7.32883],[80.32438,7.32671],[80.32766,7.32599],[80.33135,7.32381],[80.3382,7.3212],[80.34071,7.32476],[80.3436,7.32984],[80.3448,7.3313],[80.3459,7.33185],[80.34747,7.33586],[80.34931,7.33767],[80.34996,7.33916],[80.34836,7.34167],[80.34428,7.34384],[80.34301,7.34649],[80.34238,7.35111],[80.34326,7.35285],[80.34864,7.35566],[80.35379,7.35629],[80.35591,7.36105],[80.3522,7.37241],[80.35086,7.37415],[80.35,7.37759],[80.34935,7.37856],[80.34737,7.37986],[80.34574,7.38141],[80.34533,7.38214],[80.34524,7.38308],[80.34574,7.38541],[80.34616,7.38646],[80.34654,7.38715],[80.34668,7.38744],[80.34696,7.38769],[80.34721,7.38775],[80.35693,7.38657],[80.37274,7.39104],[80.37696,7.39186],[80.37984,7.39373],[80.38053,7.39427],[80.38143,7.39448],[80.386,7.39521],[80.38891,7.3961],[80.39035,7.3965],[80.39116,7.39661],[80.39229,7.39653],[80.39351,7.39545],[80.39458,7.39408],[80.39659,7.39131],[80.40104,7.38755],[80.40755,7.38596],[80.40905,7.38515],[80.41158,7.38298],[80.41368,7.37852],[80.41639,7.37415],[80.41665,7.37304],[80.41645,7.37143],[80.41711,7.36825],[80.41648,7.36675],[80.4166,7.36577],[80.41593,7.36371],[80.4149,7.35833],[80.41449,7.35747],[80.41441,7.35669],[80.41473,7.35631],[80.41559,7.35592],[80.41723,7.35561],[80.41849,7.35554],[80.41942,7.35535],[80.42014,7.35508],[80.42056,7.3548],[80.42215,7.35518],[80.42313,7.35708],[80.42485,7.35908],[80.42621,7.35961],[80.42771,7.35913],[80.43199,7.35668],[80.43597,7.35374],[80.43733,7.3533],[80.43894,7.35378],[80.44083,7.35523],[80.44256,7.35633],[80.44521,7.35735],[80.44729,7.3561],[80.4487,7.35407],[80.45298,7.35113],[80.45541,7.35017],[80.45701,7.35003],[80.45902,7.35125],[80.45978,7.35263],[80.45886,7.35528],[80.45808,7.35658],[80.45762,7.35709],[80.45689,7.35728],[80.45597,7.35723],[80.45516,7.35681],[80.45422,7.35718],[80.45359,7.358],[80.45322,7.35908],[80.45278,7.3599],[80.45215,7.36053],[80.45161,7.36117],[80.45141,7.36174],[80.45163,7.36234],[80.45318,7.36381],[80.45435,7.36502],[80.45515,7.36629],[80.45587,7.36821],[80.45619,7.37042],[80.45758,7.37182],[80.4577,7.37235],[80.45761,7.37347],[80.45775,7.37388],[80.45792,7.37451],[80.45896,7.37496],[80.46013,7.37523],[80.46201,7.37558],[80.46414,7.37635],[80.46431,7.37657],[80.46439,7.37699],[80.46565,7.38006],[80.46726,7.3842],[80.46788,7.38517],[80.46835,7.38686],[80.4688,7.38751],[80.46956,7.38812],[80.47016,7.38908],[80.47036,7.39003],[80.46976,7.39158],[80.46963,7.39215],[80.46983,7.39269],[80.47013,7.39297],[80.47083,7.39315],[80.47202,7.39332],[80.47221,7.39345],[80.47224,7.39373],[80.47201,7.39414],[80.4716,7.39503],[80.47152,7.39571],[80.47166,7.39638],[80.47157,7.39662],[80.47145,7.39682],[80.47101,7.39719],[80.47021,7.39777],[80.47005,7.39796],[80.46994,7.39819],[80.46985,7.3985],[80.46987,7.39913],[80.47002,7.4001],[80.46995,7.4014],[80.46968,7.40216],[80.46928,7.40257],[80.46882,7.40281],[80.46815,7.40282],[80.46667,7.40249],[80.46601,7.4025],[80.46559,7.40264],[80.46508,7.40298],[80.46263,7.40431],[80.46185,7.4053],[80.46151,7.40622],[80.46151,7.4068],[80.46163,7.4071],[80.46191,7.40729],[80.46208,7.40729],[80.46244,7.40742],[80.46256,7.40765],[80.4625,7.40792],[80.4617,7.40832],[80.46131,7.4087],[80.46101,7.40914],[80.46082,7.40966],[80.46077,7.40995],[80.46085,7.41023],[80.46093,7.41049],[80.46112,7.41069],[80.46157,7.41097],[80.46229,7.41096],[80.4627,7.4109],[80.46343,7.41089],[80.46448,7.41105],[80.46535,7.41137],[80.46822,7.41312],[80.4693,7.41324],[80.47032,7.41283],[80.47144,7.41194],[80.47215,7.4102],[80.47244,7.40832],[80.47261,7.40765],[80.473,7.40712],[80.47363,7.40654],[80.47448,7.40657],[80.47516,7.40688],[80.47623,7.40779],[80.47708,7.40808],[80.47807,7.40806],[80.47997,7.40698],[80.48172,7.40555],[80.48334,7.40354],[80.48382,7.40288],[80.48516,7.40199],[80.48633,7.40087],[80.48829,7.39961],[80.49347,7.39463],[80.49681,7.39279],[80.50021,7.39007],[80.50412,7.38823],[80.50619,7.38666],[80.51014,7.38574],[80.51142,7.38599],[80.51315,7.38791],[80.51417,7.38904],[80.51527,7.38962],[80.51589,7.38969],[80.51677,7.38962],[80.51798,7.38932],[80.51822,7.38953],[80.51836,7.39073],[80.51824,7.39124],[80.51797,7.39184],[80.51637,7.39298],[80.51586,7.39343],[80.51551,7.3938],[80.51515,7.39421],[80.51497,7.3947],[80.51504,7.39522],[80.51525,7.39536],[80.51541,7.39545],[80.51564,7.39552],[80.51591,7.39556],[80.51661,7.39552],[80.51711,7.39553],[80.51754,7.39561],[80.51797,7.39574],[80.51847,7.39622],[80.51911,7.39785],[80.51941,7.3993],[80.51926,7.40015],[80.5187,7.40094],[80.51761,7.40251],[80.51659,7.40453],[80.51547,7.40629],[80.51539,7.40758],[80.5155,7.40889],[80.51603,7.41181],[80.51643,7.41319],[80.51676,7.41369],[80.51733,7.41407],[80.5178,7.41409],[80.51815,7.41406],[80.51858,7.41391],[80.51882,7.41371],[80.51901,7.41321],[80.51917,7.41281],[80.51932,7.4126],[80.51973,7.41232],[80.52016,7.41227],[80.52046,7.41234],[80.52079,7.41242],[80.52233,7.41295],[80.52273,7.41303],[80.52325,7.41303],[80.52383,7.41297],[80.52451,7.4127],[80.52524,7.41233],[80.52608,7.41207],[80.52675,7.41195],[80.52843,7.41201],[80.52935,7.41216],[80.52974,7.41237],[80.52999,7.41256],[80.53026,7.41308],[80.53028,7.41375],[80.53012,7.41434],[80.5292,7.41578],[80.52895,7.41637],[80.52884,7.41707],[80.52884,7.4178],[80.52909,7.4183],[80.52954,7.4187],[80.52998,7.41907],[80.53038,7.41919],[80.53098,7.41915],[80.53157,7.41879],[80.53216,7.41788],[80.53231,7.41762],[80.53284,7.41716],[80.53394,7.41677],[80.53507,7.41651],[80.53586,7.41625],[80.53662,7.41583],[80.53724,7.41557],[80.53766,7.41557],[80.53798,7.41564],[80.53821,7.41586],[80.53839,7.41609],[80.53845,7.41652],[80.53823,7.41709],[80.53752,7.41814],[80.53739,7.41838],[80.53731,7.41864],[80.53735,7.41883],[80.53754,7.41902],[80.53774,7.41909],[80.53836,7.41915],[80.53872,7.41925],[80.53891,7.41937],[80.53907,7.4196],[80.53913,7.41983],[80.53904,7.42011],[80.53885,7.42047],[80.53844,7.42095],[80.53834,7.42119],[80.53835,7.42144],[80.5384,7.42163],[80.53854,7.4218],[80.53904,7.42172],[80.54127,7.41967],[80.54361,7.41785],[80.54636,7.41601],[80.54778,7.41533],[80.54849,7.41502],[80.54896,7.4149],[80.54927,7.4149],[80.55027,7.41518],[80.55131,7.41576],[80.55238,7.41627],[80.55319,7.41686],[80.55493,7.41775],[80.55586,7.41852],[80.55626,7.41897],[80.55649,7.41947],[80.55631,7.42093],[80.55559,7.4226],[80.55452,7.42386],[80.55397,7.42529],[80.55383,7.42648],[80.55294,7.42781],[80.55181,7.42887],[80.54992,7.42996],[80.54844,7.43139],[80.54776,7.43285],[80.54693,7.43428],[80.546,7.43714],[80.54617,7.43812],[80.54652,7.43908],[80.54694,7.43957],[80.54755,7.44],[80.54816,7.44012],[80.54865,7.44021],[80.5489,7.44057],[80.54891,7.44091],[80.54823,7.44218],[80.54773,7.4431],[80.54719,7.44391],[80.54563,7.44557],[80.54506,7.44676],[80.54456,7.44748],[80.54403,7.44806],[80.5435,7.44835],[80.54294,7.4485],[80.54182,7.4485],[80.54103,7.44862],[80.54077,7.44874],[80.54048,7.44899],[80.54032,7.44921],[80.54028,7.44946],[80.5403,7.44973],[80.54255,7.45191],[80.54277,7.45212],[80.54305,7.45229],[80.54378,7.45215],[80.54448,7.45181],[80.54534,7.45166],[80.54584,7.45141],[80.5467,7.45079],[80.54743,7.45043],[80.54864,7.45021],[80.54997,7.45022],[80.55149,7.45013],[80.55332,7.44981],[80.55432,7.4495],[80.55519,7.44962],[80.55554,7.45022],[80.55574,7.45086],[80.5561,7.45207],[80.55646,7.45293],[80.55647,7.45431],[80.55678,7.45535],[80.55723,7.45583],[80.5577,7.45617],[80.55916,7.4563],[80.5608,7.45622],[80.5612,7.4563],[80.56199,7.45661],[80.5624,7.45669],[80.56284,7.45671],[80.56399,7.45687],[80.56441,7.45703],[80.56521,7.4575],[80.56565,7.45752],[80.56597,7.45748],[80.56632,7.4575],[80.56631,7.46093],[80.56639,7.46154],[80.56632,7.46176],[80.56611,7.46208],[80.56557,7.4626],[80.56547,7.4629],[80.56544,7.46431],[80.56523,7.46513],[80.56464,7.46628],[80.56461,7.46674],[80.56466,7.46755],[80.56458,7.46839],[80.56483,7.4694],[80.56529,7.4703],[80.56594,7.47124],[80.5671,7.47274],[80.56785,7.47342],[80.56899,7.47389],[80.5695,7.47424],[80.56989,7.47458],[80.56992,7.47544],[80.56971,7.47653],[80.56974,7.47744],[80.56994,7.4777],[80.56996,7.47783],[80.57072,7.47805],[80.57133,7.4779],[80.57256,7.47738],[80.57376,7.47694],[80.57454,7.47697],[80.57552,7.47757],[80.57618,7.47827],[80.57642,7.47872],[80.57634,7.47937],[80.57613,7.47972],[80.57531,7.48075],[80.5749,7.48146],[80.57481,7.48187],[80.5749,7.48326],[80.57474,7.48364],[80.57406,7.48414],[80.57201,7.48528],[80.57151,7.48567],[80.57113,7.48634],[80.57105,7.48705],[80.57112,7.48767],[80.57135,7.4883],[80.57209,7.4896],[80.57248,7.49008],[80.57292,7.49038],[80.57392,7.49072],[80.57429,7.49101],[80.57406,7.49137],[80.57372,7.49158],[80.57336,7.49165],[80.57284,7.49162],[80.572,7.49178],[80.57165,7.49205],[80.57144,7.49238],[80.57132,7.49328],[80.57159,7.49419],[80.57214,7.49519],[80.57261,7.49657],[80.57257,7.4971],[80.57124,7.49924],[80.57102,7.5002],[80.57097,7.50111],[80.57119,7.50249],[80.57154,7.50332],[80.57284,7.50425],[80.57321,7.50495],[80.57351,7.50568],[80.57376,7.50817],[80.57382,7.50865],[80.57371,7.5091],[80.57321,7.50964],[80.57198,7.50987],[80.57072,7.50992],[80.57009,7.51011],[80.56948,7.5105],[80.56905,7.51109],[80.56894,7.51161],[80.56933,7.51254],[80.56984,7.51443],[80.56977,7.51563],[80.56945,7.51631],[80.56894,7.51671],[80.56828,7.51678],[80.56751,7.51633],[80.56596,7.51464],[80.56493,7.51386],[80.56408,7.51349],[80.56362,7.51339],[80.56328,7.51357],[80.5631,7.51392],[80.56305,7.51434],[80.56317,7.51468],[80.56528,7.5174],[80.56535,7.51824],[80.56448,7.51845],[80.5637,7.5187],[80.56359,7.51904],[80.56522,7.52049],[80.56566,7.52231],[80.56575,7.52323],[80.56566,7.52417],[80.56428,7.52553],[80.56366,7.52652],[80.56319,7.52792],[80.56257,7.52849],[80.56197,7.52898],[80.56013,7.53185],[80.55976,7.53284],[80.55976,7.53337],[80.55969,7.53388],[80.55963,7.53429],[80.55945,7.53465],[80.5588,7.53496],[80.55809,7.53515],[80.5579,7.53523],[80.5577,7.53549],[80.55751,7.53583],[80.55738,7.53631],[80.5571,7.53776],[80.55683,7.53801],[80.55581,7.5383],[80.55474,7.53837],[80.55384,7.5384],[80.553,7.53831],[80.55276,7.53857],[80.55412,7.54436],[80.55458,7.54777],[80.55447,7.54841],[80.55425,7.54881],[80.55397,7.54908],[80.55313,7.54999],[80.55286,7.55048],[80.55274,7.55075],[80.55273,7.55114],[80.5528,7.55177],[80.55296,7.55241],[80.55328,7.55374],[80.5539,7.55627],[80.55428,7.55729],[80.55554,7.55892],[80.55619,7.5602],[80.55632,7.56235],[80.55668,7.56375],[80.56148,7.56833],[80.56213,7.56954],[80.5622,7.57031],[80.56212,7.5714],[80.56229,7.57232],[80.56255,7.57283],[80.56293,7.57323],[80.56356,7.57355],[80.56432,7.57351],[80.56493,7.57331],[80.56578,7.57301],[80.5663,7.57273],[80.56676,7.57271],[80.56709,7.57278],[80.56743,7.57306],[80.56797,7.57445],[80.56852,7.57576],[80.56892,7.57613],[80.56933,7.57605],[80.57004,7.57567],[80.57042,7.57581],[80.57089,7.57644],[80.57126,7.57656],[80.57303,7.57502],[80.5738,7.57462],[80.57434,7.57451],[80.57473,7.57462],[80.57506,7.5749],[80.57503,7.57534],[80.5749,7.57574],[80.57444,7.57648],[80.57382,7.57743],[80.57366,7.57802],[80.57372,7.57863],[80.57371,7.57919],[80.57345,7.58006],[80.5733,7.58079],[80.57383,7.58305],[80.57417,7.58476],[80.5737,7.58671],[80.57296,7.58819],[80.5716,7.58944],[80.5699,7.59163],[80.56942,7.59236],[80.5691,7.59307],[80.56902,7.59398],[80.5694,7.59457],[80.56984,7.59499],[80.57152,7.59538],[80.57299,7.59588],[80.57428,7.59693],[80.57459,7.59784],[80.57448,7.59919],[80.57417,7.60006],[80.57411,7.60059],[80.57667,7.60314],[80.57769,7.60455],[80.57792,7.60505],[80.57782,7.6054],[80.57283,7.61045],[80.56697,7.61918],[80.56625,7.62071],[80.56686,7.62556],[80.56661,7.62835],[80.56579,7.63113],[80.56344,7.63263],[80.55928,7.63395],[80.55444,7.63511],[80.55439,7.63605],[80.55363,7.63879],[80.55288,7.63886],[80.55214,7.63922],[80.55126,7.64019],[80.55064,7.64126],[80.55037,7.64136],[80.5499,7.64122],[80.54949,7.64137],[80.54914,7.64216],[80.5491,7.64266],[80.54919,7.64318],[80.54946,7.64355],[80.55006,7.64393],[80.55023,7.64429],[80.55002,7.64492],[80.54937,7.64554],[80.54929,7.64592],[80.54935,7.6463],[80.54988,7.64686],[80.54969,7.64754],[80.54982,7.64836],[80.5491,7.64869],[80.54892,7.64903],[80.54855,7.64906],[80.54828,7.64931],[80.54813,7.64957],[80.54806,7.65045],[80.54827,7.65098],[80.54866,7.65141],[80.54874,7.65176],[80.54869,7.65389],[80.54861,7.65424],[80.54828,7.65453],[80.54789,7.65452],[80.54708,7.65432],[80.5467,7.65433],[80.54629,7.65452],[80.54601,7.65467],[80.54576,7.65493],[80.54557,7.65572],[80.54564,7.65673],[80.54565,7.65776],[80.54533,7.65984],[80.54531,7.66124],[80.54546,7.66168],[80.54563,7.66196],[80.54626,7.66227],[80.54807,7.66229],[80.55042,7.66211],[80.55079,7.66203],[80.55112,7.6619],[80.55153,7.66188],[80.55186,7.66204],[80.55197,7.66244],[80.55187,7.66279],[80.55164,7.66314],[80.55177,7.66349],[80.55206,7.66369],[80.55251,7.6638],[80.55302,7.66413],[80.55326,7.6647],[80.55354,7.66594],[80.55379,7.66632],[80.55345,7.66913],[80.55347,7.67366],[80.5532,7.67447],[80.55239,7.67511],[80.54999,7.67824],[80.54947,7.67899],[80.54953,7.68083],[80.54996,7.68367],[80.55029,7.68609],[80.55012,7.68659],[80.54979,7.68701],[80.54891,7.6879],[80.54838,7.68875],[80.5483,7.68969],[80.54867,7.6907],[80.54903,7.6916],[80.54895,7.69265],[80.54815,7.69501],[80.54745,7.69775],[80.54968,7.70441],[80.54955,7.70525],[80.54848,7.70597],[80.54626,7.70805],[80.54542,7.70873],[80.54298,7.70908],[80.53709,7.70825],[80.53661,7.70889],[80.53691,7.71259],[80.53638,7.71411],[80.53622,7.71692],[80.53634,7.71978],[80.53651,7.72086],[80.53692,7.72149],[80.53732,7.72174],[80.53766,7.72181],[80.53798,7.72204],[80.53829,7.72278],[80.53832,7.72774],[80.53791,7.73221],[80.53783,7.73677],[80.53726,7.73895],[80.53652,7.74053],[80.53486,7.74239],[80.53423,7.74333],[80.53388,7.74358],[80.53236,7.74364],[80.53121,7.74373],[80.5295,7.74444],[80.52894,7.74684],[80.52694,7.75005],[80.52567,7.75448],[80.52478,7.75601],[80.52235,7.75847],[80.52103,7.76082],[80.52049,7.76462],[80.51987,7.77066],[80.51967,7.77244],[80.51821,7.77429],[80.51675,7.77482],[80.51122,7.77493],[80.50685,7.77423],[80.50555,7.77429],[80.50355,7.7744],[80.50338,7.77478],[80.50356,7.77577],[80.50347,7.77875],[80.50321,7.77967],[80.50279,7.78045],[80.50217,7.78114],[80.50145,7.78158],[80.50074,7.78198],[80.50015,7.78222],[80.49955,7.78231],[80.49914,7.78261],[80.49888,7.78334],[80.49849,7.78917],[80.49793,7.80172],[80.49689,7.80588],[80.49668,7.80813],[80.49654,7.80925],[80.49669,7.81029],[80.49704,7.81082],[80.4987,7.81183],[80.50022,7.81364],[80.49977,7.81636],[80.49783,7.81811],[80.49707,7.81847],[80.49512,7.81866],[80.49323,7.81854],[80.49249,7.8189],[80.49188,7.81939],[80.49073,7.81973],[80.48867,7.82143],[80.48767,7.8216],[80.48651,7.82203],[80.48517,7.82224],[80.48393,7.82314],[80.48343,7.82404],[80.48345,7.82667],[80.48342,7.82739],[80.48347,7.82885],[80.4833,7.82926],[80.48305,7.82945],[80.48174,7.82963],[80.48068,7.83011],[80.47985,7.83115],[80.4799,7.835],[80.47958,7.83805],[80.47944,7.83952],[80.47896,7.84102],[80.47637,7.8443],[80.47269,7.84704],[80.46987,7.84889],[80.46928,7.84942],[80.4691,7.85],[80.46996,7.85092],[80.47212,7.85236],[80.47428,7.85439],[80.47525,7.85637],[80.47542,7.86092],[80.4766,7.86642],[80.47779,7.86872],[80.47849,7.87086],[80.47849,7.87375],[80.47898,7.87525],[80.47984,7.87728],[80.47947,7.88154],[80.47747,7.88644],[80.47621,7.8895],[80.47476,7.89139],[80.47468,7.89279],[80.47457,7.89457],[80.47438,7.89582],[80.4727,7.89729],[80.47075,7.89824],[80.46857,7.89964],[80.46754,7.90073],[80.46735,7.90266],[80.46587,7.90472],[80.46269,7.9178],[80.46236,7.92465],[80.4625,7.92699],[80.46123,7.93105],[80.46098,7.93806],[80.4611,7.94529],[80.45861,7.94582],[80.45723,7.94635],[80.45548,7.9479],[80.45449,7.94964],[80.45235,7.95236],[80.44994,7.95436],[80.4475,7.95508],[80.4454,7.95515],[80.44177,7.95413],[80.43845,7.95217],[80.43651,7.95035],[80.43456,7.94824],[80.43357,7.9479],[80.43143,7.94797],[80.42738,7.94914],[80.42486,7.95088],[80.42243,7.95172],[80.42059,7.95193],[80.41933,7.95239],[80.41868,7.95329],[80.41865,7.95469],[80.42067,7.95696],[80.42242,7.95836],[80.42468,7.96002],[80.426,7.96286],[80.42578,7.96611],[80.42501,7.97002],[80.42337,7.97294],[80.4228,7.97623],[80.42408,7.98243],[80.42357,7.98632],[80.4222,7.99215],[80.41922,7.99986],[80.41537,8.00722],[80.41807,8.01253],[80.41876,8.0211],[80.4196,8.02958],[80.41975,8.03902],[80.41983,8.04115],[80.41937,8.04363],[80.41875,8.04409],[80.41711,8.04397],[80.4161,8.04463],[80.41505,8.04573],[80.41405,8.0477],[80.41349,8.0485],[80.41095,8.04984],[80.40792,8.05217],[80.40539,8.05468],[80.40468,8.0549],[80.40386,8.05473],[80.40288,8.0542],[80.4013,8.05354],[80.39884,8.05328],[80.39617,8.05322],[80.39532,8.05273],[80.39473,8.05171],[80.39368,8.04855],[80.39319,8.04821],[80.39239,8.04803],[80.39055,8.04888],[80.38874,8.05017],[80.3881,8.05056],[80.3869,8.05063],[80.38545,8.05142],[80.38378,8.05265],[80.38348,8.05313],[80.383,8.05406],[80.38138,8.055],[80.38111,8.05561],[80.38038,8.0565],[80.37865,8.0569],[80.37703,8.05609],[80.37409,8.05663],[80.37273,8.05726],[80.37002,8.0578],[80.36876,8.05894],[80.36551,8.06472],[80.36364,8.06714],[80.36089,8.06748],[80.35956,8.06797],[80.35828,8.06897],[80.35544,8.07407],[80.35161,8.0784],[80.34896,8.08102],[80.34788,8.08145],[80.34513,8.08075],[80.34405,8.08095],[80.33924,8.08493],[80.33703,8.08877],[80.3325,8.08952],[80.32877,8.09369],[80.32407,8.09711],[80.32191,8.10294],[80.31878,8.10823],[80.31835,8.11037],[80.31718,8.11224],[80.3165,8.11284],[80.31494,8.11284],[80.31398,8.1131],[80.31139,8.1148],[80.3081,8.11715],[80.30711,8.11749],[80.30604,8.11741],[80.30463,8.11669],[80.30333,8.11564],[80.30119,8.11552],[80.2986,8.11594],[80.2949,8.11827],[80.29401,8.11863],[80.29302,8.11861],[80.29149,8.11827],[80.29092,8.11791],[80.28993,8.11725],[80.28865,8.11731],[80.28659,8.11863],[80.28596,8.11877],[80.28538,8.11861],[80.28434,8.1179],[80.28226,8.11652],[80.28057,8.1159],[80.27913,8.11607],[80.27728,8.11667],[80.27601,8.11673],[80.2744,8.11716],[80.27378,8.11707],[80.27252,8.11651],[80.26955,8.11541],[80.26768,8.11517],[80.26636,8.11544],[80.26312,8.11778],[80.26197,8.11971],[80.26163,8.1226],[80.26081,8.12409],[80.25748,8.12721],[80.25364,8.13053],[80.2531,8.13159],[80.2524,8.13256],[80.25119,8.13317],[80.24879,8.13357],[80.24293,8.13519],[80.23263,8.14011],[80.22587,8.14177],[80.22327,8.14253],[80.22037,8.14229],[80.21507,8.14363],[80.21186,8.14565],[80.21072,8.1496],[80.20712,8.15354],[80.2009,8.15419],[80.19531,8.15195],[80.19189,8.15313],[80.18815,8.15147],[80.1851,8.15412],[80.18487,8.15706],[80.18594,8.15993],[80.18385,8.16207],[80.17869,8.16356],[80.17274,8.16282],[80.16549,8.16406],[80.15959,8.16781],[80.15086,8.17559],[80.14509,8.17573],[80.13774,8.17656],[80.13429,8.17927],[80.12762,8.1801],[80.12596,8.18064],[80.12304,8.18133],[80.12124,8.18325],[80.12059,8.18393],[80.11956,8.18488],[80.11884,8.18537],[80.11693,8.18658],[80.11181,8.18733],[80.1101,8.18877],[80.10857,8.191],[80.10998,8.19311],[80.10765,8.19587],[80.10191,8.19726]]]}},{"type":"Feature","properties":{"slug":"puttalam","name":"Puttalam","district_id":19,"iso":"LK-62"},"geometry":{"type":"MultiPolygon","coordinates":[[[[79.77994,8.26209],[79.78165,8.26158],[79.78337,8.26294],[79.78543,8.26787],[79.78337,8.26821],[79.78079,8.27143],[79.77891,8.27381],[79.77564,8.27789],[79.77324,8.27908],[79.77238,8.27653],[79.77462,8.26956],[79.77753,8.2643],[79.77994,8.26209]]],[[[79.91983,8.56734],[79.91976,8.56375],[79.91972,8.55899],[79.91928,8.55526],[79.918,8.55186],[79.91578,8.5485],[79.91181,8.54802],[79.90892,8.54821],[79.90625,8.54725],[79.90132,8.54583],[79.89725,8.54152],[79.89392,8.53993],[79.8928,8.53992],[79.89149,8.53989],[79.89082,8.53934],[79.88977,8.53845],[79.88814,8.53772],[79.8873,8.53794],[79.88468,8.53664],[79.88425,8.53684],[79.88232,8.53632],[79.88042,8.53617],[79.87876,8.53641],[79.87747,8.53661],[79.87626,8.53703],[79.87544,8.53763],[79.87495,8.53903],[79.87472,8.53965],[79.87461,8.54014],[79.87451,8.5402],[79.87432,8.54024],[79.87421,8.54013],[79.87395,8.54003],[79.87378,8.53983],[79.87343,8.53956],[79.87277,8.53941],[79.87248,8.53882],[79.87166,8.53763],[79.87092,8.53639],[79.87023,8.53433],[79.86989,8.53241],[79.86893,8.52965],[79.86883,8.52716],[79.86917,8.52563],[79.86827,8.52148],[79.86843,8.51928],[79.86684,8.51692],[79.86748,8.51393],[79.86684,8.51095],[79.8678,8.50812],[79.86668,8.50293],[79.86684,8.49995],[79.86509,8.49633],[79.86541,8.49256],[79.86573,8.48455],[79.86509,8.47826],[79.86192,8.47496],[79.86238,8.47291],[79.86271,8.46411],[79.86393,8.46103],[79.86446,8.45783],[79.86354,8.45136],[79.86153,8.44846],[79.85839,8.44592],[79.85123,8.44133],[79.84734,8.44072],[79.84755,8.4376],[79.84762,8.43658],[79.84505,8.42911],[79.84539,8.42775],[79.84315,8.42315],[79.84247,8.41773],[79.84414,8.41176],[79.84434,8.40457],[79.8447,8.39922],[79.84625,8.39192],[79.84505,8.38529],[79.84525,8.37987],[79.84505,8.37748],[79.84485,8.37459],[79.84497,8.37188],[79.84522,8.36916],[79.84487,8.3644],[79.84522,8.3571],[79.84659,8.35099],[79.8395,8.34637],[79.83794,8.34328],[79.83712,8.3414],[79.83711,8.33881],[79.83779,8.33588],[79.83916,8.33418],[79.83676,8.3284],[79.83264,8.32535],[79.83392,8.3196],[79.83632,8.31587],[79.83735,8.31383],[79.8377,8.31145],[79.83718,8.31043],[79.83495,8.30873],[79.83546,8.30619],[79.83161,8.30055],[79.83127,8.29205],[79.82722,8.28648],[79.82234,8.2805],[79.82063,8.27303],[79.81719,8.26759],[79.81307,8.254],[79.81136,8.24551],[79.81084,8.24228],[79.81044,8.23889],[79.80954,8.23749],[79.80785,8.23661],[79.80649,8.2363],[79.80415,8.23565],[79.80123,8.23548],[79.79954,8.23549],[79.79803,8.23525],[79.79688,8.23498],[79.79452,8.23417],[79.79353,8.23396],[79.79048,8.23375],[79.78954,8.23358],[79.7895,8.2329],[79.79096,8.23103],[79.794,8.23145],[79.79525,8.23188],[79.79524,8.23383],[79.79678,8.23405],[79.79924,8.23332],[79.80187,8.2319],[79.80353,8.23077],[79.80554,8.22831],[79.80447,8.22368],[79.80082,8.22241],[79.79775,8.22309],[79.79556,8.22537],[79.79385,8.22954],[79.7923,8.22818],[79.79385,8.22495],[79.79814,8.22155],[79.80432,8.21849],[79.809,8.21628],[79.81226,8.21305],[79.81672,8.20914],[79.82011,8.20286],[79.82131,8.19709],[79.82114,8.19335],[79.82222,8.19062],[79.82148,8.18349],[79.81994,8.17738],[79.81754,8.17415],[79.81805,8.1699],[79.82063,8.16667],[79.8196,8.16378],[79.82011,8.16225],[79.82183,8.16208],[79.82496,8.16072],[79.82805,8.15817],[79.83007,8.15512],[79.83264,8.15342],[79.83419,8.15172],[79.83384,8.14832],[79.8323,8.14662],[79.83213,8.14475],[79.8335,8.14339],[79.83436,8.13999],[79.83561,8.1371],[79.83178,8.1315],[79.82921,8.12742],[79.82526,8.12436],[79.8208,8.12283],[79.82028,8.12113],[79.82063,8.11892],[79.8208,8.11586],[79.82011,8.11229],[79.81719,8.11076],[79.81668,8.10702],[79.81651,8.10363],[79.8153,8.10023],[79.8129,8.09666],[79.81067,8.09615],[79.80775,8.09173],[79.80603,8.08918],[79.80294,8.08442],[79.80003,8.08221],[79.79728,8.08391],[79.79556,8.08612],[79.79299,8.08612],[79.79161,8.08476],[79.79144,8.08187],[79.79144,8.08],[79.79522,8.07932],[79.79831,8.07711],[79.79917,8.07439],[79.79797,8.07218],[79.79608,8.07218],[79.79333,8.07286],[79.79149,8.07388],[79.79046,8.07558],[79.79063,8.07796],[79.78943,8.07558],[79.79132,8.07252],[79.79282,8.06912],[79.79316,8.06607],[79.79668,8.06216],[79.79788,8.06301],[79.79865,8.06131],[79.80209,8.06199],[79.80286,8.05927],[79.80518,8.05808],[79.80638,8.05451],[79.80998,8.04924],[79.81839,8.04261],[79.82552,8.03412],[79.83119,8.02494],[79.83573,8.01422],[79.83642,8.00504],[79.83359,8.00097],[79.82913,7.99757],[79.81934,7.99706],[79.81982,7.98973],[79.82123,7.98941],[79.82037,7.98667],[79.82101,7.98379],[79.82459,7.98008],[79.82405,7.97421],[79.82526,7.97166],[79.82646,7.9703],[79.82594,7.96843],[79.8244,7.96758],[79.82199,7.95806],[79.82526,7.95534],[79.82457,7.95347],[79.8224,7.95315],[79.82199,7.9499],[79.8231,7.94448],[79.82454,7.92695],[79.8243,7.92518],[79.82525,7.92461],[79.8258,7.92395],[79.82577,7.92304],[79.82528,7.91999],[79.82036,7.91371],[79.8197,7.91434],[79.81968,7.91538],[79.82096,7.91879],[79.82268,7.92168],[79.82354,7.92676],[79.82251,7.93239],[79.81942,7.94004],[79.82096,7.94327],[79.82045,7.95381],[79.82114,7.96112],[79.82045,7.96129],[79.81959,7.95772],[79.81839,7.9567],[79.81719,7.955],[79.81528,7.95408],[79.81368,7.95101],[79.80909,7.95261],[79.81032,7.95466],[79.81478,7.95942],[79.81702,7.9652],[79.81993,7.96469],[79.82182,7.96741],[79.82268,7.97064],[79.82179,7.97871],[79.82267,7.97961],[79.82093,7.98024],[79.81827,7.97903],[79.81698,7.97748],[79.81533,7.97638],[79.81101,7.97734],[79.80191,7.97785],[79.78423,7.97939],[79.76947,7.98312],[79.75724,7.98763],[79.75007,7.9911],[79.7466,7.99392],[79.7454,7.99562],[79.74492,7.99756],[79.74338,8.0013],[79.73994,8.00674],[79.73668,8.01388],[79.7384,8.02085],[79.74321,8.03071],[79.74509,8.03564],[79.74355,8.04193],[79.74231,8.04526],[79.74213,8.04832],[79.74179,8.05256],[79.74286,8.05434],[79.74574,8.05783],[79.74814,8.05902],[79.74969,8.06123],[79.75243,8.06276],[79.75552,8.06327],[79.75415,8.06446],[79.7487,8.06624],[79.74438,8.06791],[79.74036,8.07017],[79.73737,8.07269],[79.73819,8.07568],[79.73531,8.07847],[79.73342,8.0817],[79.73205,8.08493],[79.73256,8.09071],[79.73462,8.09921],[79.73531,8.1038],[79.73685,8.10804],[79.73617,8.1128],[79.73397,8.11587],[79.73208,8.11859],[79.72909,8.12061],[79.72711,8.12289],[79.72757,8.12545],[79.72863,8.12717],[79.72942,8.12892],[79.72956,8.12997],[79.72879,8.13337],[79.72879,8.13761],[79.73102,8.14169],[79.73394,8.14407],[79.73943,8.14407],[79.73926,8.1473],[79.73896,8.14813],[79.73993,8.1492],[79.7407,8.14941],[79.74066,8.15002],[79.74096,8.15106],[79.74117,8.15181],[79.74085,8.15247],[79.74046,8.15342],[79.74016,8.15463],[79.74066,8.15657],[79.74024,8.15729],[79.74073,8.15884],[79.74147,8.15996],[79.74254,8.16131],[79.74323,8.16252],[79.7441,8.16353],[79.74512,8.16472],[79.74623,8.1653],[79.74652,8.16672],[79.74644,8.16726],[79.74585,8.16827],[79.74418,8.17001],[79.74422,8.17148],[79.74353,8.17254],[79.74362,8.17337],[79.74321,8.17481],[79.74339,8.17623],[79.74528,8.1798],[79.74609,8.18078],[79.74682,8.18131],[79.74714,8.18208],[79.74772,8.18231],[79.74847,8.1822],[79.74889,8.18184],[79.74935,8.18158],[79.74888,8.18367],[79.74892,8.18448],[79.74871,8.18588],[79.7486,8.18666],[79.7481,8.18775],[79.74767,8.18866],[79.74707,8.18932],[79.74568,8.19036],[79.74435,8.19123],[79.7425,8.1924],[79.74168,8.19305],[79.73993,8.19441],[79.73946,8.19514],[79.73941,8.19588],[79.74001,8.19718],[79.73946,8.19849],[79.73909,8.19964],[79.73883,8.20038],[79.73785,8.20119],[79.73783,8.20172],[79.73842,8.20219],[79.73892,8.20308],[79.7393,8.20381],[79.7394,8.204],[79.74007,8.20406],[79.74056,8.20416],[79.74119,8.20444],[79.74159,8.2046],[79.74197,8.20467],[79.74241,8.20483],[79.74301,8.20477],[79.74311,8.20469],[79.74329,8.20465],[79.74329,8.20478],[79.74319,8.20509],[79.74264,8.20603],[79.74218,8.20699],[79.74205,8.2074],[79.74195,8.20771],[79.74207,8.20798],[79.74229,8.20836],[79.7432,8.20881],[79.7439,8.2096],[79.74453,8.20979],[79.74476,8.21003],[79.74512,8.21042],[79.74526,8.2108],[79.74527,8.21131],[79.7454,8.21195],[79.74538,8.21223],[79.74551,8.21275],[79.74574,8.21337],[79.74592,8.21373],[79.74622,8.21393],[79.74701,8.21441],[79.74728,8.21473],[79.74763,8.21539],[79.74775,8.21605],[79.7481,8.21664],[79.74845,8.21737],[79.74885,8.21796],[79.74939,8.21851],[79.74984,8.21881],[79.75066,8.21959],[79.75179,8.22034],[79.75278,8.22079],[79.7535,8.22126],[79.75385,8.22158],[79.75445,8.22192],[79.75515,8.22211],[79.75556,8.22232],[79.75603,8.22227],[79.75648,8.22219],[79.75704,8.22275],[79.75715,8.22296],[79.7572,8.22322],[79.75706,8.22295],[79.75693,8.22292],[79.75655,8.22275],[79.75626,8.22239],[79.75579,8.22252],[79.75518,8.22246],[79.75551,8.22314],[79.75593,8.22448],[79.75653,8.22481],[79.75712,8.22465],[79.75871,8.22372],[79.76065,8.22253],[79.76195,8.22105],[79.76219,8.22051],[79.76232,8.21985],[79.76222,8.21923],[79.76191,8.21842],[79.76189,8.21808],[79.76204,8.21711],[79.76278,8.21645],[79.76385,8.21615],[79.76437,8.21646],[79.76489,8.21649],[79.76521,8.2167],[79.76553,8.21669],[79.76632,8.21677],[79.76707,8.2171],[79.76761,8.21704],[79.76823,8.21731],[79.76889,8.21716],[79.76912,8.21724],[79.76942,8.21797],[79.76936,8.21845],[79.76969,8.2195],[79.77031,8.22124],[79.77053,8.22394],[79.77063,8.22654],[79.77042,8.22833],[79.76966,8.22962],[79.76826,8.23187],[79.76753,8.23334],[79.76719,8.23415],[79.76706,8.2346],[79.76715,8.23546],[79.76733,8.23583],[79.76791,8.23588],[79.76825,8.23607],[79.76772,8.23606],[79.76737,8.23636],[79.7672,8.2369],[79.76721,8.23747],[79.76706,8.23798],[79.76626,8.23924],[79.76616,8.23995],[79.76607,8.24125],[79.76579,8.24122],[79.76582,8.24149],[79.76636,8.24253],[79.76675,8.24304],[79.76713,8.24358],[79.76746,8.24336],[79.76768,8.24319],[79.76815,8.24312],[79.76765,8.24338],[79.76731,8.24373],[79.76805,8.24445],[79.7683,8.24451],[79.76825,8.2447],[79.76888,8.24433],[79.76843,8.24481],[79.76851,8.24511],[79.76867,8.24539],[79.77039,8.24748],[79.77107,8.24786],[79.77199,8.24858],[79.77249,8.24928],[79.77395,8.25285],[79.77677,8.25742],[79.77777,8.25929],[79.77679,8.26144],[79.77531,8.2614],[79.7723,8.26184],[79.76967,8.26246],[79.76732,8.2623],[79.76684,8.26061],[79.76553,8.25964],[79.76376,8.25937],[79.76456,8.25724],[79.76451,8.25591],[79.76295,8.25451],[79.76003,8.25196],[79.75811,8.25108],[79.75539,8.24653],[79.75248,8.24449],[79.75093,8.24364],[79.74975,8.24181],[79.74769,8.24164],[79.74734,8.2396],[79.74475,8.23667],[79.742,8.23361],[79.74012,8.23073],[79.73718,8.22925],[79.73568,8.22906],[79.73432,8.22789],[79.73153,8.22818],[79.73163,8.2285],[79.73282,8.22955],[79.73443,8.23229],[79.73599,8.23409],[79.73705,8.23693],[79.73715,8.239],[79.73781,8.24116],[79.74036,8.2423],[79.73924,8.24301],[79.73911,8.24415],[79.73843,8.24557],[79.73885,8.24826],[79.74018,8.24833],[79.73891,8.24868],[79.73931,8.2503],[79.74091,8.25075],[79.74311,8.25025],[79.7469,8.25147],[79.74739,8.25154],[79.74792,8.25124],[79.74878,8.2506],[79.74995,8.24968],[79.75093,8.24856],[79.75282,8.24788],[79.75301,8.25082],[79.75404,8.25353],[79.75514,8.25576],[79.75601,8.25591],[79.75785,8.25618],[79.75735,8.25752],[79.7578,8.25796],[79.75914,8.25818],[79.75798,8.25995],[79.75884,8.26079],[79.76056,8.26169],[79.76075,8.26245],[79.76001,8.26361],[79.75998,8.26499],[79.76014,8.26628],[79.76179,8.26704],[79.7639,8.2681],[79.76159,8.27307],[79.76065,8.2732],[79.75903,8.2717],[79.7566,8.27229],[79.75812,8.27012],[79.75872,8.26909],[79.75895,8.26798],[79.75783,8.26659],[79.75687,8.26594],[79.75642,8.26523],[79.75627,8.26424],[79.75507,8.26339],[79.75333,8.26351],[79.75195,8.26344],[79.75101,8.26458],[79.75114,8.2665],[79.75436,8.26929],[79.75541,8.27205],[79.75421,8.27375],[79.75774,8.27414],[79.75867,8.27647],[79.75539,8.27982],[79.75379,8.28153],[79.75471,8.28271],[79.75542,8.28395],[79.75471,8.28509],[79.75488,8.28866],[79.75418,8.29011],[79.75529,8.29146],[79.7568,8.29253],[79.75804,8.29333],[79.75894,8.29597],[79.76077,8.2965],[79.76237,8.29805],[79.76259,8.29945],[79.7637,8.30004],[79.76757,8.30136],[79.76735,8.302],[79.76588,8.30246],[79.76473,8.30289],[79.76086,8.30199],[79.7588,8.30216],[79.75877,8.30344],[79.75958,8.30493],[79.76109,8.30849],[79.76139,8.31087],[79.76229,8.31232],[79.76349,8.31384],[79.7648,8.31371],[79.76497,8.31541],[79.76635,8.31609],[79.76497,8.31897],[79.76669,8.32135],[79.76669,8.32458],[79.76898,8.32569],[79.77236,8.32933],[79.77201,8.33188],[79.77292,8.33407],[79.77429,8.33737],[79.77373,8.33936],[79.77527,8.34122],[79.77608,8.34169],[79.77731,8.3451],[79.77728,8.34564],[79.77733,8.34768],[79.77877,8.34816],[79.77724,8.3494],[79.77751,8.35057],[79.77936,8.35108],[79.77888,8.3526],[79.7792,8.35418],[79.77933,8.3558],[79.78014,8.3566],[79.78142,8.35678],[79.78186,8.35783],[79.78121,8.35958],[79.78259,8.36166],[79.78272,8.36352],[79.78337,8.36468],[79.78489,8.36704],[79.78545,8.36837],[79.78555,8.37032],[79.78289,8.37261],[79.78053,8.37469],[79.77939,8.37706],[79.78042,8.37924],[79.78289,8.38127],[79.7846,8.38195],[79.78615,8.38407],[79.7834,8.38314],[79.78194,8.38297],[79.78083,8.3811],[79.77998,8.38026],[79.77688,8.37888],[79.77502,8.37464],[79.77276,8.36836],[79.77264,8.3645],[79.77297,8.35797],[79.77259,8.35486],[79.77293,8.35045],[79.77105,8.3429],[79.76854,8.33806],[79.76675,8.33418],[79.76439,8.32544],[79.7624,8.32305],[79.7616,8.31987],[79.76139,8.31435],[79.761,8.31342],[79.76075,8.31105],[79.76053,8.30943],[79.76023,8.30815],[79.7595,8.30658],[79.7583,8.30399],[79.75759,8.30267],[79.75559,8.29881],[79.75482,8.29775],[79.75416,8.2974],[79.75263,8.29359],[79.75117,8.29087],[79.74612,8.28237],[79.74338,8.27422],[79.74029,8.26249],[79.73792,8.24649],[79.73637,8.23997],[79.7349,8.23551],[79.72939,8.22742],[79.72673,8.22644],[79.7252,8.22762],[79.72194,8.22414],[79.71729,8.22002],[79.71574,8.21874],[79.71044,8.21863],[79.70995,8.21784],[79.71013,8.2175],[79.71108,8.21797],[79.7118,8.21788],[79.71201,8.21722],[79.7123,8.21718],[79.71229,8.21796],[79.71276,8.21801],[79.71355,8.21716],[79.71261,8.21667],[79.71132,8.21699],[79.71018,8.2173],[79.71032,8.21692],[79.71069,8.21636],[79.71053,8.216],[79.70968,8.21636],[79.70911,8.21582],[79.70762,8.21608],[79.70787,8.2152],[79.70703,8.21491],[79.70618,8.21477],[79.70543,8.21498],[79.70515,8.2143],[79.70484,8.21415],[79.70443,8.2139],[79.70419,8.21363],[79.70359,8.21347],[79.7033,8.21332],[79.70319,8.21281],[79.70248,8.21252],[79.70219,8.21234],[79.70218,8.21191],[79.70128,8.21142],[79.70131,8.21088],[79.70026,8.21038],[79.69841,8.20976],[79.69701,8.21],[79.69584,8.21028],[79.69602,8.21056],[79.6961,8.21097],[79.69648,8.21114],[79.69692,8.2116],[79.69778,8.21136],[79.69879,8.21205],[79.70109,8.21374],[79.70153,8.21396],[79.70232,8.21359],[79.70229,8.21395],[79.70238,8.21459],[79.70312,8.21438],[79.70348,8.2141],[79.70342,8.21358],[79.7037,8.21372],[79.70388,8.21405],[79.70433,8.21453],[79.70487,8.21447],[79.70508,8.21487],[79.70522,8.21531],[79.70565,8.21554],[79.70672,8.21619],[79.70732,8.2163],[79.70787,8.21716],[79.70876,8.21722],[79.70934,8.21836],[79.70734,8.21836],[79.70555,8.21964],[79.70291,8.2192],[79.70178,8.21817],[79.69811,8.21619],[79.69611,8.21386],[79.69274,8.21068],[79.69305,8.20617],[79.6936,8.20439],[79.69583,8.19012],[79.69717,8.18358],[79.69911,8.18031],[79.70134,8.17487],[79.7034,8.17045],[79.70391,8.16603],[79.70305,8.16094],[79.70426,8.15907],[79.7051,8.1541],[79.70501,8.15044],[79.7061,8.14704],[79.70475,8.13897],[79.70424,8.11977],[79.70372,8.11722],[79.70166,8.11495],[79.70218,8.11127],[79.7039,8.10617],[79.70574,8.10151],[79.7075,8.09445],[79.7075,8.07796],[79.70694,8.07075],[79.70596,8.06318],[79.70612,8.05699],[79.71523,8.02986],[79.72174,8.00974],[79.72518,7.99733],[79.736,7.95982],[79.73891,7.95347],[79.74509,7.93409],[79.74939,7.91494],[79.7566,7.88467],[79.75829,7.87746],[79.76638,7.84301],[79.77513,7.81206],[79.77767,7.80416],[79.7844,7.77516],[79.78973,7.7442],[79.79449,7.71946],[79.79831,7.69538],[79.79964,7.68187],[79.7993,7.66638],[79.80003,7.65659],[79.80067,7.64001],[79.80039,7.63567],[79.80022,7.63446],[79.80035,7.63376],[79.79997,7.62902],[79.79996,7.62647],[79.79968,7.62297],[79.79889,7.62019],[79.79728,7.61269],[79.79252,7.60827],[79.79119,7.60818],[79.79073,7.60775],[79.79018,7.60734],[79.78986,7.60717],[79.78956,7.60731],[79.78925,7.60733],[79.78856,7.60711],[79.78712,7.60708],[79.78662,7.60716],[79.78647,7.607],[79.78643,7.60678],[79.78624,7.60669],[79.78613,7.60643],[79.78618,7.6056],[79.78605,7.5999],[79.78639,7.59751],[79.78635,7.59704],[79.78621,7.59674],[79.78616,7.59619],[79.78636,7.59403],[79.78625,7.59275],[79.78662,7.5877],[79.78696,7.58246],[79.78717,7.57683],[79.78784,7.56582],[79.78837,7.551],[79.78932,7.53894],[79.79201,7.52508],[79.7942,7.51266],[79.79548,7.50393],[79.79754,7.49319],[79.79753,7.49304],[79.79758,7.49283],[79.79744,7.49279],[79.79745,7.49266],[79.79738,7.49249],[79.79721,7.49215],[79.79694,7.49219],[79.79712,7.49138],[79.79863,7.48454],[79.80047,7.47659],[79.80222,7.46639],[79.80345,7.46166],[79.80462,7.45758],[79.80644,7.45024],[79.80973,7.43599],[79.81271,7.4247],[79.81595,7.41291],[79.81646,7.41172],[79.81672,7.41073],[79.81686,7.40949],[79.81688,7.40919],[79.81681,7.40897],[79.81672,7.4089],[79.81661,7.40887],[79.81643,7.40886],[79.81645,7.40869],[79.81656,7.40869],[79.81669,7.40867],[79.81687,7.40855],[79.81703,7.40836],[79.81725,7.40793],[79.81738,7.40731],[79.81775,7.40646],[79.81797,7.40549],[79.81947,7.39927],[79.82117,7.38787],[79.82231,7.38024],[79.8274,7.35424],[79.83182,7.32971],[79.83423,7.31878],[79.83637,7.30851],[79.83692,7.30518],[79.8379,7.30189],[79.83816,7.299],[79.83864,7.294],[79.83984,7.28906],[79.84029,7.28767],[79.84025,7.28693],[79.84003,7.28614],[79.84001,7.28602],[79.83989,7.28524],[79.84016,7.28395],[79.84013,7.28292],[79.83989,7.2824],[79.84032,7.28219],[79.8405,7.28155],[79.8403,7.28038],[79.84104,7.27719],[79.8416,7.27547],[79.84202,7.27339],[79.84628,7.27239],[79.85018,7.27211],[79.85222,7.27281],[79.85292,7.27409],[79.85136,7.2754],[79.8515,7.27644],[79.85337,7.27734],[79.8548,7.27715],[79.8565,7.27562],[79.85763,7.27242],[79.85869,7.27032],[79.85995,7.26991],[79.86338,7.27053],[79.8663,7.2709],[79.86801,7.27246],[79.8698,7.27538],[79.87012,7.27732],[79.87008,7.27952],[79.87095,7.28092],[79.87388,7.28268],[79.87576,7.28271],[79.87826,7.28195],[79.8805,7.28069],[79.88172,7.27889],[79.88312,7.27629],[79.88403,7.27486],[79.88479,7.27392],[79.88611,7.27378],[79.88728,7.27392],[79.88904,7.27359],[79.89114,7.27376],[79.89517,7.27457],[79.89786,7.27481],[79.89883,7.27587],[79.89916,7.27792],[79.89891,7.28041],[79.89923,7.28141],[79.90084,7.28102],[79.90155,7.27973],[79.9018,7.2779],[79.90293,7.27474],[79.9054,7.27404],[79.90699,7.27474],[79.90735,7.27695],[79.9068,7.27956],[79.90693,7.28048],[79.90751,7.28054],[79.90852,7.28039],[79.90942,7.27975],[79.90984,7.27753],[79.90957,7.27528],[79.90882,7.27345],[79.90595,7.27035],[79.90537,7.26886],[79.90528,7.26772],[79.90572,7.26653],[79.90656,7.26576],[79.90786,7.26533],[79.90937,7.26616],[79.91095,7.26724],[79.91327,7.26786],[79.91532,7.26873],[79.9162,7.26981],[79.91658,7.27091],[79.91658,7.27195],[79.91453,7.27534],[79.91461,7.27627],[79.91503,7.27694],[79.91608,7.27716],[79.917,7.27698],[79.91909,7.27664],[79.92029,7.27695],[79.92169,7.27789],[79.92351,7.27814],[79.9247,7.27766],[79.925,7.27685],[79.92489,7.27521],[79.92453,7.27324],[79.92445,7.27195],[79.92531,7.27143],[79.92602,7.27126],[79.92734,7.27187],[79.92839,7.27311],[79.9282,7.275],[79.92535,7.27822],[79.92361,7.28134],[79.92326,7.28352],[79.92398,7.28447],[79.92487,7.28472],[79.92652,7.28397],[79.92826,7.2829],[79.92925,7.2819],[79.92995,7.28081],[79.93164,7.27904],[79.93387,7.27821],[79.93562,7.27855],[79.93694,7.27965],[79.93745,7.28037],[79.93775,7.28059],[79.9381,7.28075],[79.93848,7.28066],[79.93893,7.28028],[79.93931,7.2796],[79.93998,7.27844],[79.94065,7.27742],[79.94156,7.27649],[79.94236,7.28105],[79.94183,7.28885],[79.94022,7.31058],[79.93996,7.32736],[79.93752,7.34932],[79.91067,7.47713],[79.90532,7.50575],[79.90247,7.53914],[79.90051,7.5597],[79.90251,7.58089],[79.90722,7.59067],[79.90905,7.5978],[79.90678,7.60733],[79.90572,7.61659],[79.91045,7.62616],[79.91747,7.62927],[79.92135,7.63365],[79.92287,7.64532],[79.92524,7.64689],[79.92999,7.64703],[79.93307,7.6489],[79.93377,7.65067],[79.93324,7.65206],[79.93156,7.65297],[79.92563,7.65489],[79.9239,7.65564],[79.92374,7.65794],[79.92503,7.65944],[79.92724,7.66051],[79.92913,7.66169],[79.93059,7.66549],[79.93032,7.66843],[79.92832,7.67319],[79.9287,7.67458],[79.93027,7.67613],[79.93464,7.68009],[79.9354,7.6809],[79.93696,7.68047],[79.93944,7.67747],[79.9411,7.67664],[79.94303,7.67731],[79.94422,7.67977],[79.94595,7.68202],[79.9474,7.68202],[79.94789,7.68015],[79.94762,7.67833],[79.94816,7.67603],[79.95415,7.67367],[79.95831,7.67303],[79.95939,7.67512],[79.96036,7.67902],[79.95993,7.6817],[79.95998,7.68352],[79.9633,7.68681],[79.95572,7.69165],[79.95523,7.6924],[79.95474,7.69374],[79.95404,7.69427],[79.95221,7.69465],[79.94821,7.69432],[79.94287,7.69325],[79.94119,7.69465],[79.94088,7.69649],[79.94568,7.7008],[79.94967,7.70203],[79.95404,7.70197],[79.95272,7.70907],[79.95348,7.71667],[79.95532,7.71999],[79.95653,7.72076],[79.95855,7.7202],[79.9616,7.71786],[79.96389,7.72021],[79.96565,7.72058],[79.96687,7.72006],[79.97068,7.72225],[79.97572,7.72391],[79.9761,7.72823],[79.97756,7.73204],[79.98717,7.73912],[79.99252,7.74093],[79.99519,7.74313],[79.99664,7.74212],[79.9987,7.74309],[80.00122,7.74906],[79.99983,7.75133],[79.99729,7.75282],[79.99513,7.75593],[79.99335,7.75839],[79.99357,7.76315],[79.99563,7.76963],[79.99702,7.77106],[79.99951,7.77251],[80.00167,7.77625],[80.00231,7.77855],[80.0008,7.78219],[79.99646,7.78971],[79.99439,7.79286],[79.99752,7.80688],[79.9973,7.80992],[79.99903,7.81257],[80.00162,7.81385],[80.0047,7.81428],[80.00648,7.81383],[80.00837,7.81417],[80.00982,7.81441],[80.01102,7.81529],[80.01143,7.81604],[80.01144,7.8169],[80.00897,7.82001],[80.00874,7.82194],[80.00783,7.82345],[80.00527,7.8267],[80.00512,7.82943],[80.00618,7.83128],[80.00779,7.83279],[80.00962,7.83381],[80.01264,7.83381],[80.01424,7.83389],[80.01554,7.83431],[80.01671,7.83662],[80.02057,7.83884],[80.02172,7.83888],[80.02374,7.83892],[80.0268,7.84077],[80.02741,7.84168],[80.02829,7.8416],[80.02981,7.84126],[80.0318,7.84096],[80.03397,7.8416],[80.03603,7.84361],[80.03741,7.84444],[80.03802,7.84501],[80.0384,7.84614],[80.03821,7.84811],[80.03942,7.85512],[80.04093,7.85688],[80.04127,7.85815],[80.04051,7.85901],[80.03989,7.85917],[80.03865,7.85874],[80.03789,7.8596],[80.03824,7.86055],[80.03968,7.86174],[80.0404,7.86353],[80.04211,7.86553],[80.04445,7.86655],[80.04926,7.86729],[80.05072,7.86867],[80.05156,7.87184],[80.05297,7.87328],[80.05553,7.87392],[80.05916,7.87354],[80.06313,7.87199],[80.06496,7.87222],[80.06633,7.87309],[80.06702,7.87468],[80.06633,7.87649],[80.0658,7.87823],[80.06744,7.88334],[80.0666,7.88765],[80.06689,7.889],[80.06838,7.88999],[80.07208,7.88996],[80.07319,7.89052],[80.07422,7.8926],[80.07395,7.89759],[80.07441,7.90281],[80.07422,7.90841],[80.0722,7.91306],[80.07228,7.91358],[80.07331,7.91459],[80.07552,7.9158],[80.08078,7.91703],[80.08508,7.91783],[80.0895,7.91852],[80.09366,7.92136],[80.09428,7.92128],[80.09414,7.92053],[80.09282,7.91823],[80.09282,7.91577],[80.09352,7.91545],[80.09428,7.91582],[80.09485,7.91553],[80.09558,7.91473],[80.09674,7.91395],[80.09827,7.91381],[80.09892,7.91429],[80.09994,7.91683],[80.10048,7.92212],[80.1011,7.92421],[80.10429,7.92672],[80.10812,7.92838],[80.10869,7.92929],[80.10909,7.93117],[80.10859,7.93626],[80.10687,7.93893],[80.1067,7.94074],[80.10802,7.94572],[80.10914,7.94824],[80.11092,7.95006],[80.1121,7.95057],[80.11316,7.9507],[80.11436,7.9507],[80.11544,7.95029],[80.1176,7.94865],[80.11894,7.94805],[80.12035,7.9479],[80.12218,7.94714],[80.12318,7.94635],[80.12444,7.94457],[80.12528,7.9437],[80.12821,7.94166],[80.12879,7.94102],[80.12905,7.94026],[80.1289,7.93916],[80.12905,7.93856],[80.1326,7.93478],[80.13306,7.93476],[80.13589,7.93725],[80.13719,7.93803],[80.13835,7.93826],[80.13913,7.93826],[80.13994,7.93794],[80.14132,7.93727],[80.14232,7.93738],[80.14429,7.93874],[80.14801,7.94107],[80.14839,7.94169],[80.14339,7.94985],[80.1429,7.95215],[80.13842,7.95792],[80.13545,7.95867],[80.13399,7.96016],[80.13367,7.96198],[80.13322,7.965],[80.13388,7.97011],[80.13619,7.97516],[80.14953,7.9974],[80.14457,8.00353],[80.14366,8.00631],[80.14861,8.01834],[80.1458,8.03448],[80.14706,8.04796],[80.14937,8.05543],[80.15228,8.06099],[80.15325,8.06623],[80.1498,8.07072],[80.14353,8.07491],[80.12847,8.07886],[80.11855,8.0933],[80.1153,8.096],[80.11484,8.10099],[80.11438,8.11625],[80.11011,8.13152],[80.1098,8.1418],[80.10675,8.15208],[80.10186,8.15888],[80.10018,8.16712],[80.10583,8.18926],[80.10278,8.19228],[80.10191,8.19726],[80.0982,8.20221],[80.09668,8.20949],[80.0865,8.21068],[80.07946,8.22357],[80.06699,8.21948],[80.06186,8.21981],[80.05314,8.22466],[80.04568,8.23056],[80.04323,8.23399],[80.03778,8.23789],[80.0323,8.23404],[80.03031,8.23049],[80.02755,8.22702],[80.01781,8.22478],[80.00826,8.22966],[80.0001,8.22848],[79.99934,8.23256],[79.99954,8.23839],[79.99575,8.25417],[79.98876,8.26695],[79.9819,8.27734],[79.98407,8.28429],[79.98039,8.30077],[79.97856,8.30153],[79.9781,8.30289],[79.98108,8.30621],[79.98169,8.30765],[79.9807,8.31271],[79.97566,8.32651],[79.97477,8.33709],[79.96699,8.35033],[79.96461,8.35174],[79.9582,8.36081],[79.95279,8.3694],[79.9523,8.37507],[79.955,8.3835],[79.95619,8.39429],[79.96181,8.39803],[79.96807,8.39878],[79.97709,8.39748],[79.97897,8.40074],[79.9811,8.40208],[79.98421,8.40891],[79.98492,8.41133],[79.98526,8.41209],[79.98718,8.41255],[79.99053,8.41388],[79.99204,8.41746],[79.99042,8.42024],[79.98869,8.42104],[79.99015,8.42318],[79.9963,8.4266],[79.99895,8.42964],[79.99957,8.43102],[79.99981,8.43247],[80.00057,8.43394],[80.00197,8.43434],[80.00446,8.43399],[80.00599,8.43421],[80.0068,8.4348],[80.00707,8.4353],[80.00713,8.43669],[80.00699,8.43811],[80.00751,8.43901],[80.00869,8.43957],[80.01039,8.4392],[80.01212,8.43995],[80.01293,8.44027],[80.01522,8.44072],[80.01647,8.44179],[80.01728,8.44459],[80.01828,8.44494],[80.01971,8.44505],[80.0203,8.44588],[80.02027,8.4471],[80.01998,8.44857],[80.02054,8.45052],[80.0215,8.45158],[80.03186,8.46535],[80.0428,8.49343],[80.0428,8.50005],[80.03859,8.51019],[80.03494,8.51894],[80.03305,8.52341],[80.03268,8.52444],[80.03237,8.52721],[80.02636,8.5297],[80.02277,8.53256],[80.01701,8.53308],[80.01296,8.53379],[80.01126,8.53433],[80.00804,8.53573],[80.00612,8.54017],[80.00356,8.54297],[80.00089,8.54455],[79.99593,8.54433],[79.99188,8.54188],[79.99028,8.54259],[79.98356,8.54879],[79.97997,8.55158],[79.9776,8.55294],[79.97562,8.55294],[79.97363,8.55196],[79.97043,8.5506],[79.96702,8.54999],[79.96508,8.55014],[79.96088,8.55181],[79.95867,8.55173],[79.95661,8.55256],[79.95424,8.55415],[79.95222,8.55684],[79.95117,8.55855],[79.94901,8.55929],[79.94795,8.55928],[79.94615,8.55836],[79.94423,8.55702],[79.94286,8.55652],[79.93959,8.5566],[79.93848,8.5563],[79.93761,8.55602],[79.93632,8.55636],[79.93494,8.55709],[79.93181,8.56059],[79.92754,8.56448],[79.91983,8.56734]]],[[[79.8009,8.34067],[79.80205,8.33664],[79.80291,8.33154],[79.80497,8.32713],[79.80497,8.32322],[79.80652,8.31982],[79.80892,8.31762],[79.81132,8.31812],[79.81441,8.32016],[79.81373,8.32118],[79.80875,8.32169],[79.80669,8.32441],[79.80892,8.32662],[79.81081,8.32883],[79.81081,8.33188],[79.81287,8.33307],[79.80978,8.33307],[79.8072,8.33341],[79.80429,8.3363],[79.80823,8.33766],[79.8115,8.33783],[79.80823,8.33885],[79.80497,8.338],[79.80326,8.338],[79.8009,8.34067]]],[[[79.7979,8.45179],[79.79856,8.45122],[79.79914,8.4507],[79.79953,8.45037],[79.80016,8.45042],[79.80063,8.4507],[79.80105,8.45057],[79.80226,8.44963],[79.80347,8.44891],[79.80454,8.44866],[79.80561,8.44878],[79.80633,8.44898],[79.8066,8.44927],[79.80659,8.4495],[79.80616,8.44956],[79.80568,8.44949],[79.80537,8.44982],[79.80521,8.44966],[79.80472,8.44982],[79.80447,8.45007],[79.80417,8.45013],[79.80385,8.45026],[79.80306,8.45038],[79.80291,8.45048],[79.80248,8.45075],[79.80224,8.45107],[79.8013,8.45125],[79.80067,8.45152],[79.80028,8.45199],[79.79942,8.45229],[79.79843,8.45268],[79.79768,8.45311],[79.79732,8.45319],[79.79693,8.45339],[79.79653,8.45364],[79.79605,8.45422],[79.79603,8.45449],[79.79584,8.45483],[79.79562,8.45489],[79.79499,8.45591],[79.79464,8.4566],[79.79432,8.45693],[79.79417,8.45753],[79.794,8.45758],[79.79382,8.45777],[79.7929,8.45876],[79.79239,8.45963],[79.79137,8.46141],[79.79037,8.46283],[79.7899,8.46362],[79.79004,8.46391],[79.79037,8.46411],[79.79086,8.46454],[79.79092,8.46492],[79.79015,8.46597],[79.78985,8.46632],[79.79002,8.4666],[79.79055,8.46685],[79.79088,8.46883],[79.79113,8.46921],[79.79175,8.46954],[79.79192,8.47],[79.79007,8.47042],[79.78828,8.47073],[79.7871,8.47095],[79.78602,8.47166],[79.78568,8.47227],[79.78554,8.47288],[79.78533,8.47343],[79.78483,8.4741],[79.78435,8.4754],[79.78418,8.47614],[79.78372,8.47689],[79.78373,8.47725],[79.78329,8.47844],[79.7831,8.47931],[79.78269,8.48009],[79.78247,8.48058],[79.78241,8.48101],[79.78266,8.48168],[79.78291,8.48219],[79.78294,8.48297],[79.78278,8.48391],[79.78249,8.48482],[79.78243,8.4856],[79.78256,8.48623],[79.78297,8.48673],[79.78233,8.48715],[79.7816,8.48765],[79.78109,8.48908],[79.78076,8.48984],[79.78076,8.4904],[79.78107,8.49079],[79.78115,8.4911],[79.7811,8.49147],[79.7803,8.49229],[79.77991,8.49277],[79.77983,8.49335],[79.78003,8.49371],[79.78072,8.49443],[79.78118,8.49484],[79.78172,8.49512],[79.78198,8.49539],[79.78212,8.49592],[79.78231,8.49633],[79.78222,8.49691],[79.7818,8.49738],[79.78156,8.49766],[79.78138,8.49795],[79.78133,8.4985],[79.78146,8.49895],[79.78159,8.49935],[79.78233,8.5005],[79.78308,8.50138],[79.78386,8.50256],[79.78386,8.50306],[79.78408,8.50362],[79.78394,8.50466],[79.78347,8.50547],[79.78337,8.50587],[79.78313,8.50677],[79.7835,8.50791],[79.78376,8.50856],[79.78418,8.50904],[79.78517,8.50939],[79.78681,8.50968],[79.7871,8.50978],[79.78741,8.50998],[79.78744,8.51007],[79.78687,8.50986],[79.7865,8.50981],[79.78618,8.51003],[79.78664,8.51243],[79.78633,8.513],[79.78598,8.51401],[79.786,8.51461],[79.78601,8.51497],[79.78651,8.51555],[79.7868,8.51602],[79.78695,8.51643],[79.78694,8.51664],[79.78679,8.51684],[79.78679,8.51702],[79.78692,8.51752],[79.78742,8.518],[79.78818,8.51929],[79.7876,8.52016],[79.7877,8.52091],[79.78827,8.52182],[79.78901,8.52489],[79.78749,8.5259],[79.78661,8.5294],[79.78574,8.53352],[79.78556,8.53029],[79.78668,8.52593],[79.78708,8.52356],[79.78669,8.52178],[79.78672,8.52121],[79.78654,8.51998],[79.78373,8.51581],[79.78155,8.51181],[79.78094,8.50887],[79.78046,8.50705],[79.77953,8.50568],[79.77827,8.50455],[79.77728,8.50187],[79.77741,8.49983],[79.77765,8.49792],[79.77813,8.49723],[79.77861,8.49262],[79.77958,8.48772],[79.78098,8.48366],[79.78243,8.4794],[79.78326,8.47689],[79.78505,8.47266],[79.78759,8.46671],[79.78852,8.46502],[79.78882,8.46434],[79.79007,8.46247],[79.79089,8.46153],[79.79203,8.45937],[79.79238,8.45887],[79.79386,8.45706],[79.79518,8.45493],[79.79626,8.45328],[79.79689,8.45244],[79.7975,8.45186],[79.7979,8.45179]]]]}},{"type":"Feature","properties":{"slug":"ratnapura","name":"Ratnapura","district_id":24,"iso":"LK-91"},"geometry":{"type":"Polygon","coordinates":[[[80.49531,6.36758],[80.49623,6.3674],[80.49812,6.36755],[80.49903,6.36739],[80.50012,6.3673],[80.50309,6.36742],[80.504,6.36761],[80.50494,6.36812],[80.50572,6.36862],[80.50783,6.37055],[80.50877,6.37078],[80.50969,6.37067],[80.51144,6.36973],[80.51235,6.36958],[80.51331,6.36966],[80.5143,6.37002],[80.51598,6.37093],[80.51689,6.37127],[80.51788,6.37145],[80.51983,6.37129],[80.52077,6.37151],[80.52165,6.37179],[80.52254,6.37224],[80.52342,6.37255],[80.52435,6.37274],[80.52616,6.37347],[80.52796,6.37426],[80.52987,6.37435],[80.53279,6.3741],[80.53374,6.37432],[80.53446,6.37488],[80.53435,6.37585],[80.53366,6.37656],[80.53327,6.37753],[80.53336,6.37845],[80.53329,6.37939],[80.53325,6.38138],[80.53349,6.38446],[80.53349,6.38547],[80.5334,6.38639],[80.53347,6.38732],[80.53384,6.38819],[80.53439,6.38892],[80.53517,6.38946],[80.5361,6.38952],[80.53704,6.38937],[80.53791,6.38909],[80.53893,6.38912],[80.53987,6.38929],[80.54077,6.389],[80.54286,6.38872],[80.54379,6.38876],[80.54468,6.38911],[80.54514,6.38995],[80.54475,6.39084],[80.54455,6.39187],[80.54453,6.3928],[80.54478,6.39368],[80.54524,6.39459],[80.54603,6.39507],[80.54702,6.39491],[80.54791,6.39515],[80.54962,6.39614],[80.55045,6.39569],[80.55136,6.39536],[80.55213,6.39481],[80.55237,6.39294],[80.55253,6.39204],[80.55278,6.39109],[80.55331,6.39028],[80.55402,6.38961],[80.55494,6.38949],[80.55661,6.39041],[80.55759,6.39076],[80.55923,6.39164],[80.56009,6.392],[80.56089,6.39247],[80.56269,6.39322],[80.56454,6.39382],[80.56532,6.3943],[80.56818,6.3944],[80.57023,6.39427],[80.57118,6.39415],[80.57209,6.39386],[80.57383,6.393],[80.57465,6.39247],[80.57548,6.39206],[80.57641,6.39195],[80.57787,6.39075],[80.57878,6.39061],[80.57971,6.39089],[80.58048,6.39144],[80.58177,6.39302],[80.58271,6.39344],[80.58362,6.39366],[80.58458,6.39397],[80.58554,6.39415],[80.58748,6.3947],[80.58833,6.39508],[80.58912,6.39557],[80.59011,6.39574],[80.59203,6.39551],[80.59296,6.39574],[80.59421,6.39714],[80.59518,6.39698],[80.59608,6.39719],[80.59698,6.39754],[80.5978,6.39707],[80.59878,6.39674],[80.59973,6.39661],[80.60065,6.39656],[80.60251,6.39611],[80.60445,6.39635],[80.60547,6.39626],[80.6064,6.39641],[80.6074,6.39648],[80.60924,6.3959],[80.61004,6.39637],[80.61092,6.39661],[80.61181,6.39631],[80.61341,6.39523],[80.61433,6.39497],[80.61528,6.39522],[80.6161,6.39588],[80.61698,6.39616],[80.6179,6.39635],[80.61885,6.39626],[80.6197,6.39581],[80.6203,6.39508],[80.62047,6.39418],[80.62048,6.39373],[80.62073,6.39338],[80.62034,6.39225],[80.62074,6.39037],[80.62062,6.38941],[80.62021,6.38858],[80.61997,6.38769],[80.6201,6.38674],[80.61975,6.38589],[80.61907,6.38525],[80.61816,6.38482],[80.61728,6.38451],[80.61657,6.38379],[80.61614,6.38297],[80.61581,6.38205],[80.61562,6.38115],[80.61558,6.37928],[80.61551,6.37832],[80.61563,6.3774],[80.61592,6.37642],[80.61641,6.37549],[80.61679,6.37461],[80.61768,6.37291],[80.61778,6.37196],[80.6175,6.37107],[80.6168,6.37046],[80.61593,6.36999],[80.6133,6.36882],[80.61179,6.36755],[80.611,6.367],[80.61029,6.36641],[80.60958,6.36575],[80.60906,6.36496],[80.60857,6.3641],[80.60686,6.36062],[80.60653,6.35968],[80.60646,6.35876],[80.60671,6.35788],[80.60719,6.35695],[80.60759,6.35604],[80.60791,6.35513],[80.60901,6.35343],[80.60944,6.35254],[80.60966,6.35163],[80.60976,6.3507],[80.60996,6.34972],[80.61045,6.34771],[80.61076,6.34675],[80.61116,6.34587],[80.6119,6.34523],[80.61283,6.34517],[80.61375,6.34547],[80.61451,6.34601],[80.61519,6.34671],[80.61593,6.34735],[80.6168,6.34772],[80.6177,6.34792],[80.61866,6.34796],[80.61967,6.34787],[80.62064,6.34772],[80.6216,6.34791],[80.6225,6.34823],[80.62345,6.34833],[80.6254,6.34876],[80.62621,6.34931],[80.62822,6.34952],[80.62901,6.35],[80.62963,6.35067],[80.63045,6.35123],[80.6314,6.35148],[80.63241,6.35146],[80.63432,6.35123],[80.63612,6.35153],[80.63712,6.3515],[80.63815,6.35163],[80.6391,6.3518],[80.64102,6.3519],[80.64196,6.35201],[80.64485,6.35258],[80.64686,6.35287],[80.65083,6.35352],[80.65378,6.35344],[80.65478,6.35337],[80.65574,6.35312],[80.65676,6.3528],[80.6577,6.35297],[80.65863,6.35335],[80.65949,6.35385],[80.66039,6.35401],[80.66131,6.35376],[80.66196,6.35302],[80.66183,6.35112],[80.662,6.35018],[80.66276,6.34816],[80.66305,6.3472],[80.66319,6.34617],[80.6632,6.34519],[80.66304,6.34428],[80.6626,6.34337],[80.66229,6.34248],[80.6623,6.34155],[80.66238,6.34103],[80.66281,6.34057],[80.66336,6.33978],[80.66264,6.33918],[80.66179,6.33953],[80.66081,6.33978],[80.65983,6.33956],[80.65816,6.33872],[80.65747,6.33808],[80.65723,6.33719],[80.65761,6.33633],[80.6585,6.33594],[80.65942,6.3356],[80.65967,6.3347],[80.65985,6.33376],[80.66016,6.33291],[80.66098,6.33245],[80.66191,6.3325],[80.6628,6.3319],[80.66336,6.33],[80.66374,6.32909],[80.66404,6.32818],[80.66448,6.3273],[80.66524,6.32678],[80.66623,6.32668],[80.66715,6.32697],[80.66803,6.32719],[80.66894,6.32731],[80.66991,6.32725],[80.67082,6.32696],[80.67165,6.32645],[80.67293,6.32498],[80.67357,6.3242],[80.67468,6.32265],[80.67516,6.32184],[80.67528,6.32091],[80.67447,6.3204],[80.67261,6.32087],[80.67166,6.32072],[80.67084,6.32027],[80.67015,6.3196],[80.66968,6.31875],[80.66976,6.31771],[80.67009,6.31484],[80.67004,6.31367],[80.67017,6.31269],[80.67028,6.31074],[80.67047,6.30976],[80.67061,6.30876],[80.67045,6.30782],[80.67038,6.3069],[80.67006,6.30603],[80.67138,6.30546],[80.6723,6.30526],[80.67433,6.30519],[80.67536,6.30538],[80.6783,6.30567],[80.67929,6.30581],[80.68019,6.30601],[80.68305,6.30699],[80.68404,6.30712],[80.68497,6.30715],[80.68584,6.30752],[80.68963,6.30762],[80.69052,6.30739],[80.69118,6.30738],[80.69241,6.30765],[80.69341,6.30797],[80.69438,6.30816],[80.6953,6.30827],[80.69641,6.30822],[80.69835,6.30798],[80.69926,6.30773],[80.7002,6.3074],[80.70215,6.30706],[80.70399,6.30651],[80.70665,6.30559],[80.70765,6.30507],[80.70842,6.30454],[80.70992,6.30319],[80.71181,6.30078],[80.71343,6.30034],[80.71435,6.30017],[80.71487,6.30012],[80.71647,6.30009],[80.71702,6.30015],[80.71758,6.30029],[80.71814,6.30038],[80.71861,6.30041],[80.72035,6.30026],[80.72198,6.30005],[80.72348,6.29946],[80.72488,6.29866],[80.72617,6.29771],[80.72759,6.29695],[80.72917,6.29662],[80.73077,6.29663],[80.73239,6.29657],[80.73388,6.29595],[80.73658,6.29409],[80.73786,6.29311],[80.73989,6.29059],[80.74114,6.28961],[80.74264,6.28901],[80.74416,6.28854],[80.74561,6.28789],[80.74722,6.2877],[80.7488,6.28728],[80.75028,6.28664],[80.7529,6.28483],[80.75444,6.28433],[80.75604,6.28402],[80.75731,6.28309],[80.75829,6.2818],[80.75976,6.2811],[80.76129,6.2806],[80.76289,6.28025],[80.76454,6.28023],[80.76615,6.28008],[80.76779,6.28007],[80.7694,6.27995],[80.77096,6.27965],[80.77215,6.27858],[80.77374,6.27754],[80.77535,6.27688],[80.77691,6.27655],[80.77844,6.27606],[80.78001,6.27568],[80.78161,6.27537],[80.7831,6.27478],[80.78436,6.27375],[80.78587,6.27092],[80.78714,6.26995],[80.78865,6.2693],[80.7902,6.26889],[80.79179,6.26851],[80.7934,6.26834],[80.79496,6.268],[80.79648,6.26745],[80.79802,6.26709],[80.79962,6.26715],[80.80123,6.26744],[80.80287,6.26755],[80.80407,6.26726],[80.80588,6.26649],[80.80734,6.26579],[80.80894,6.26568],[80.81212,6.26629],[80.81369,6.26651],[80.81529,6.26672],[80.81694,6.26679],[80.81819,6.2658],[80.81984,6.26564],[80.82146,6.26583],[80.82306,6.26571],[80.82464,6.26544],[80.8262,6.2658],[80.82782,6.26611],[80.82884,6.26741],[80.8301,6.26843],[80.83162,6.2691],[80.83328,6.26912],[80.83468,6.26828],[80.83625,6.26856],[80.83762,6.26947],[80.83921,6.26974],[80.84079,6.26984],[80.84242,6.26983],[80.84393,6.26928],[80.84556,6.26925],[80.84718,6.26955],[80.84874,6.2699],[80.85016,6.27059],[80.85159,6.27146],[80.85316,6.27201],[80.85475,6.27224],[80.85636,6.27224],[80.85793,6.272],[80.85925,6.27106],[80.86036,6.26991],[80.86187,6.26941],[80.86518,6.26933],[80.86672,6.26878],[80.86803,6.26786],[80.86918,6.26672],[80.87031,6.26551],[80.87199,6.26272],[80.87276,6.26126],[80.87347,6.25978],[80.87447,6.25851],[80.87551,6.25729],[80.87649,6.25598],[80.87761,6.25477],[80.87848,6.25336],[80.87876,6.25173],[80.87894,6.25014],[80.87986,6.24878],[80.88108,6.24766],[80.88199,6.24635],[80.88346,6.24575],[80.88484,6.24666],[80.8864,6.24729],[80.88953,6.24827],[80.89097,6.24909],[80.89257,6.24908],[80.89405,6.2483],[80.89531,6.24728],[80.89631,6.24595],[80.89747,6.24482],[80.9006,6.24374],[80.9022,6.24327],[80.90364,6.2426],[80.90637,6.24075],[80.9089,6.23874],[80.91035,6.23806],[80.9136,6.23793],[80.91519,6.23801],[80.9168,6.23831],[80.91842,6.2383],[80.92008,6.23853],[80.92155,6.23926],[80.92316,6.23956],[80.92477,6.23944],[80.92637,6.23921],[80.92793,6.23958],[80.92946,6.24004],[80.93109,6.24007],[80.93239,6.23908],[80.93331,6.23774],[80.93401,6.2363],[80.93426,6.23473],[80.93392,6.23312],[80.93478,6.23174],[80.93599,6.23063],[80.9371,6.22943],[80.93809,6.22818],[80.93968,6.22795],[80.9402,6.22946],[80.94133,6.23066],[80.94253,6.23174],[80.94342,6.23312],[80.94421,6.23449],[80.94586,6.23619],[80.94676,6.23682],[80.94892,6.23497],[80.94971,6.2348],[80.9505,6.23484],[80.95207,6.23554],[80.95322,6.23705],[80.95314,6.23885],[80.95241,6.24053],[80.95091,6.24129],[80.94928,6.24226],[80.94853,6.24367],[80.94766,6.24506],[80.94739,6.24666],[80.94741,6.24994],[80.94738,6.25153],[80.94689,6.25304],[80.94598,6.25447],[80.94424,6.25669],[80.94266,6.25787],[80.94172,6.25931],[80.9414,6.26086],[80.94183,6.26312],[80.94181,6.2649],[80.94145,6.26588],[80.94154,6.26748],[80.94182,6.26907],[80.94126,6.27058],[80.93991,6.27203],[80.93924,6.27226],[80.93851,6.27231],[80.9365,6.27198],[80.93511,6.27236],[80.93415,6.27292],[80.93354,6.27415],[80.93326,6.27579],[80.93439,6.27896],[80.93436,6.28054],[80.93368,6.28203],[80.93317,6.28383],[80.93235,6.28536],[80.93157,6.28717],[80.93107,6.2883],[80.93011,6.28953],[80.92917,6.29058],[80.92836,6.29173],[80.92764,6.29267],[80.92648,6.29399],[80.92472,6.29467],[80.92316,6.29509],[80.92209,6.29569],[80.92139,6.29647],[80.92012,6.2984],[80.91922,6.30015],[80.91839,6.30159],[80.91756,6.30433],[80.91695,6.30593],[80.91621,6.3073],[80.91532,6.30872],[80.91458,6.31007],[80.91345,6.31313],[80.91283,6.31461],[80.91098,6.31725],[80.90994,6.31844],[80.9088,6.31949],[80.90753,6.32073],[80.90656,6.32203],[80.90607,6.32374],[80.90576,6.32564],[80.90602,6.32739],[80.9071,6.32863],[80.90833,6.32958],[80.90914,6.33093],[80.90927,6.33256],[80.90821,6.33383],[80.90504,6.33508],[80.90347,6.33616],[80.9024,6.33735],[80.90215,6.33897],[80.9026,6.3405],[80.90314,6.34208],[80.90297,6.34385],[80.90148,6.34465],[80.90034,6.34572],[80.89939,6.34719],[80.89844,6.34852],[80.89701,6.34926],[80.89542,6.34963],[80.89386,6.34993],[80.89228,6.35054],[80.89085,6.35132],[80.88923,6.35179],[80.88738,6.3518],[80.88561,6.35223],[80.88421,6.3529],[80.88259,6.35348],[80.88107,6.35382],[80.87768,6.35424],[80.87613,6.35467],[80.8748,6.35548],[80.87334,6.35621],[80.87179,6.35643],[80.87015,6.35613],[80.86854,6.35576],[80.86678,6.3558],[80.86539,6.35698],[80.86521,6.35876],[80.86496,6.36201],[80.86429,6.3635],[80.86347,6.36502],[80.86326,6.36659],[80.86299,6.36817],[80.86251,6.36975],[80.86125,6.37094],[80.85824,6.37227],[80.85681,6.37304],[80.85546,6.37407],[80.85464,6.37539],[80.85431,6.37694],[80.85442,6.37873],[80.85437,6.38036],[80.854,6.38199],[80.85323,6.38358],[80.8518,6.38434],[80.8503,6.3848],[80.84879,6.38532],[80.84721,6.38618],[80.84649,6.38775],[80.84649,6.39091],[80.84602,6.39266],[80.8451,6.39416],[80.84412,6.39539],[80.84307,6.39659],[80.84103,6.39941],[80.83977,6.40052],[80.83879,6.40174],[80.83897,6.40332],[80.84011,6.40443],[80.84169,6.40401],[80.84326,6.40406],[80.84409,6.40545],[80.84441,6.40704],[80.84434,6.40883],[80.84405,6.41062],[80.84365,6.41221],[80.84317,6.4138],[80.84268,6.41688],[80.84191,6.41826],[80.84062,6.41936],[80.83936,6.42062],[80.83858,6.42212],[80.83835,6.42375],[80.83819,6.42541],[80.83795,6.42695],[80.83843,6.42874],[80.83931,6.43027],[80.84063,6.43139],[80.84182,6.43252],[80.84276,6.43395],[80.84252,6.43552],[80.83961,6.43754],[80.83674,6.43892],[80.83621,6.44046],[80.8372,6.44179],[80.83874,6.44149],[80.84035,6.44162],[80.84078,6.44324],[80.84035,6.44482],[80.83968,6.44622],[80.83931,6.44774],[80.83931,6.44929],[80.83988,6.45074],[80.84109,6.45193],[80.84238,6.45304],[80.8431,6.45451],[80.84307,6.45608],[80.84209,6.4573],[80.84073,6.45812],[80.83961,6.45938],[80.83873,6.46072],[80.83834,6.46248],[80.83818,6.4641],[80.83789,6.46587],[80.83726,6.46733],[80.83646,6.46868],[80.83565,6.4702],[80.83498,6.47163],[80.83415,6.47295],[80.83339,6.4744],[80.83244,6.47572],[80.83206,6.47739],[80.832,6.4791],[80.83144,6.48063],[80.83081,6.48214],[80.83061,6.48369],[80.8308,6.48523],[80.83093,6.48678],[80.83057,6.48835],[80.82909,6.48908],[80.82784,6.49011],[80.82813,6.49166],[80.8288,6.49311],[80.83119,6.49752],[80.83216,6.49897],[80.83259,6.50056],[80.83265,6.50214],[80.83286,6.50377],[80.83453,6.5067],[80.83531,6.50787],[80.8367,6.50922],[80.83771,6.51042],[80.83863,6.51167],[80.83939,6.51315],[80.83961,6.51476],[80.83943,6.51637],[80.84047,6.51763],[80.84187,6.51862],[80.84295,6.51992],[80.84588,6.52402],[80.84637,6.52563],[80.84761,6.52673],[80.84875,6.52839],[80.85251,6.53041],[80.85364,6.53177],[80.85378,6.53334],[80.85477,6.53458],[80.85619,6.53546],[80.85715,6.53676],[80.85806,6.5399],[80.85844,6.54151],[80.85917,6.54297],[80.86011,6.54421],[80.86089,6.54554],[80.86156,6.54695],[80.86263,6.54822],[80.8636,6.54967],[80.86411,6.55129],[80.86389,6.55302],[80.86322,6.55461],[80.86349,6.55634],[80.86279,6.55777],[80.86171,6.55887],[80.8608,6.5604],[80.86114,6.56163],[80.86138,6.56216],[80.86196,6.56324],[80.86299,6.56484],[80.86349,6.56602],[80.8639,6.56722],[80.86434,6.56978],[80.86472,6.57096],[80.86501,6.57156],[80.86542,6.57207],[80.86629,6.57294],[80.86666,6.57342],[80.86695,6.57396],[80.86711,6.57458],[80.86709,6.57522],[80.86699,6.57583],[80.86678,6.57649],[80.86625,6.5776],[80.86601,6.5782],[80.86584,6.57879],[80.86608,6.57935],[80.86659,6.57979],[80.86843,6.57983],[80.86899,6.58004],[80.8696,6.58006],[80.8702,6.58014],[80.8708,6.5803],[80.87134,6.58055],[80.87184,6.58089],[80.87224,6.58135],[80.87246,6.58192],[80.87251,6.58255],[80.8725,6.58318],[80.87231,6.58378],[80.87201,6.58434],[80.87157,6.58486],[80.87107,6.58529],[80.86954,6.58631],[80.86935,6.58694],[80.86937,6.58754],[80.8695,6.58818],[80.86974,6.58873],[80.87035,6.58981],[80.87045,6.59048],[80.87032,6.59109],[80.87003,6.59164],[80.86967,6.59221],[80.86961,6.59283],[80.86989,6.59337],[80.8704,6.59369],[80.87103,6.59374],[80.87165,6.59367],[80.87231,6.59348],[80.87351,6.59301],[80.87421,6.5928],[80.87485,6.59265],[80.87546,6.59264],[80.87603,6.59283],[80.87638,6.59334],[80.87663,6.59389],[80.87675,6.59451],[80.87687,6.59579],[80.87687,6.59645],[80.87667,6.59772],[80.87645,6.59834],[80.87611,6.59899],[80.87576,6.60019],[80.87564,6.60077],[80.87569,6.60139],[80.87593,6.60195],[80.87633,6.60246],[80.87722,6.60335],[80.87799,6.6043],[80.87835,6.6049],[80.87853,6.60549],[80.87858,6.60616],[80.87844,6.60679],[80.87822,6.6074],[80.87784,6.60788],[80.87589,6.60947],[80.87553,6.60999],[80.8756,6.61063],[80.87595,6.61117],[80.87648,6.61145],[80.8771,6.61158],[80.87775,6.61165],[80.87901,6.61203],[80.87959,6.61226],[80.88014,6.61257],[80.88119,6.61329],[80.8817,6.61371],[80.88257,6.61467],[80.8841,6.61669],[80.88431,6.61724],[80.88477,6.61765],[80.88522,6.61816],[80.88556,6.61867],[80.88581,6.61924],[80.88615,6.62108],[80.88639,6.62169],[80.8867,6.6223],[80.88743,6.62338],[80.88767,6.62395],[80.88798,6.62517],[80.88801,6.62576],[80.88821,6.62697],[80.88851,6.62753],[80.88898,6.62795],[80.88941,6.62843],[80.88973,6.62895],[80.88993,6.62953],[80.89022,6.63081],[80.89052,6.63139],[80.89096,6.6318],[80.8915,6.63214],[80.89204,6.6324],[80.89258,6.63278],[80.89336,6.63382],[80.89387,6.63414],[80.89506,6.63448],[80.89559,6.63477],[80.89609,6.63514],[80.89657,6.63558],[80.897,6.63605],[80.89734,6.63657],[80.89776,6.63702],[80.89826,6.63742],[80.89886,6.63737],[80.90068,6.63703],[80.90131,6.63705],[80.90191,6.63721],[80.9024,6.63759],[80.90362,6.63899],[80.90398,6.63955],[80.90426,6.64019],[80.90451,6.64083],[80.90466,6.64142],[80.90493,6.64396],[80.90541,6.64648],[80.90535,6.64712],[80.90504,6.64762],[80.9045,6.64793],[80.90401,6.6483],[80.90362,6.64879],[80.90361,6.64939],[80.9037,6.65063],[80.90432,6.6517],[80.90481,6.65216],[80.90639,6.6533],[80.9068,6.65374],[80.90715,6.65422],[80.90739,6.65479],[80.90756,6.65545],[80.90756,6.65608],[80.90715,6.65725],[80.90698,6.65784],[80.9071,6.65846],[80.90769,6.65958],[80.90804,6.66006],[80.90823,6.66062],[80.90842,6.66189],[80.90858,6.66247],[80.90885,6.66302],[80.90954,6.66408],[80.90994,6.66456],[80.91037,6.66498],[80.9114,6.6658],[80.91174,6.66628],[80.91209,6.66689],[80.91228,6.66758],[80.91234,6.66818],[80.91223,6.67004],[80.91227,6.67071],[80.91243,6.67129],[80.91269,6.67185],[80.91311,6.67237],[80.91357,6.67282],[80.91411,6.6732],[80.9152,6.67382],[80.9162,6.67459],[80.91666,6.67506],[80.91704,6.67557],[80.91776,6.67658],[80.91883,6.67821],[80.91922,6.67871],[80.91969,6.67921],[80.92014,6.6796],[80.9207,6.67999],[80.92179,6.68065],[80.92224,6.68107],[80.92295,6.68211],[80.92323,6.68263],[80.92341,6.68322],[80.92374,6.68376],[80.9241,6.68424],[80.92451,6.68468],[80.92499,6.68508],[80.92552,6.68539],[80.92611,6.68557],[80.92672,6.68566],[80.92733,6.68585],[80.92781,6.68622],[80.92809,6.68676],[80.92802,6.68757],[80.9275,6.68776],[80.92625,6.6889],[80.92543,6.68927],[80.92453,6.68948],[80.92284,6.68972],[80.92204,6.68997],[80.92036,6.6909],[80.9196,6.69151],[80.91894,6.69224],[80.91846,6.693],[80.91808,6.69382],[80.91759,6.69448],[80.91689,6.69493],[80.91603,6.69493],[80.91504,6.69475],[80.91427,6.69441],[80.9136,6.69381],[80.91341,6.69298],[80.91344,6.69206],[80.91376,6.69118],[80.91415,6.69049],[80.91485,6.69012],[80.91537,6.68947],[80.91541,6.68865],[80.91477,6.68797],[80.914,6.68756],[80.91343,6.68695],[80.91347,6.68524],[80.91288,6.68467],[80.91214,6.68432],[80.91122,6.68438],[80.91033,6.6843],[80.90955,6.68402],[80.90893,6.68347],[80.90818,6.68175],[80.9084,6.67997],[80.90836,6.67917],[80.90786,6.67851],[80.90359,6.67704],[80.90184,6.6762],[80.90095,6.67591],[80.90003,6.67571],[80.89917,6.67559],[80.89672,6.6755],[80.89591,6.67554],[80.89419,6.67583],[80.89322,6.6761],[80.89239,6.67609],[80.8915,6.676],[80.89074,6.67565],[80.89017,6.67406],[80.89,6.67321],[80.88976,6.67239],[80.88889,6.671],[80.88833,6.67031],[80.88793,6.66951],[80.88762,6.66861],[80.8874,6.66682],[80.88702,6.66599],[80.8862,6.66554],[80.88524,6.66522],[80.88357,6.66479],[80.88075,6.66378],[80.87982,6.66359],[80.87873,6.66344],[80.87784,6.66341],[80.87392,6.66372],[80.87177,6.66371],[80.86993,6.66333],[80.86901,6.66303],[80.86747,6.66228],[80.86655,6.66202],[80.86574,6.66215],[80.86539,6.66288],[80.86481,6.66461],[80.86442,6.6653],[80.86363,6.66563],[80.86217,6.66455],[80.86152,6.66401],[80.86096,6.66332],[80.85985,6.6609],[80.85889,6.65944],[80.85843,6.65864],[80.85813,6.65789],[80.85739,6.65754],[80.85658,6.65753],[80.85578,6.65775],[80.85487,6.65821],[80.85368,6.65958],[80.85279,6.66015],[80.85199,6.66046],[80.85059,6.66133],[80.85,6.66192],[80.84953,6.66261],[80.84848,6.66526],[80.84824,6.66614],[80.84756,6.66664],[80.84586,6.66667],[80.84246,6.66622],[80.84164,6.66635],[80.83979,6.66708],[80.83901,6.66731],[80.83806,6.66723],[80.83713,6.66692],[80.8363,6.6668],[80.83543,6.6671],[80.83453,6.66748],[80.83381,6.66783],[80.83312,6.66824],[80.83155,6.66904],[80.83052,6.66935],[80.8297,6.66965],[80.8292,6.67055],[80.82898,6.6715],[80.82894,6.6724],[80.82907,6.67333],[80.82913,6.67413],[80.82904,6.67499],[80.82884,6.67583],[80.82851,6.67662],[80.82799,6.67764],[80.82774,6.67827],[80.82754,6.67907],[80.82714,6.68084],[80.82701,6.68173],[80.82657,6.68339],[80.82637,6.68435],[80.82609,6.68518],[80.82592,6.68604],[80.82582,6.68696],[80.82584,6.68885],[80.82555,6.68962],[80.82494,6.69018],[80.82347,6.69102],[80.82211,6.69221],[80.82141,6.69268],[80.81999,6.69371],[80.81906,6.69425],[80.81829,6.69454],[80.81738,6.69476],[80.81657,6.69508],[80.81441,6.69619],[80.81287,6.69722],[80.81222,6.69778],[80.81157,6.69861],[80.8113,6.69939],[80.81111,6.70032],[80.81113,6.70118],[80.81129,6.70204],[80.81184,6.70363],[80.81223,6.70453],[80.8128,6.70527],[80.81355,6.70568],[80.81436,6.70582],[80.81531,6.70606],[80.81611,6.70644],[80.81713,6.70682],[80.81803,6.70682],[80.82025,6.70829],[80.82105,6.7087],[80.82192,6.7088],[80.82269,6.7086],[80.82352,6.70859],[80.82405,6.70922],[80.82477,6.70978],[80.82562,6.70999],[80.82731,6.71081],[80.82803,6.71124],[80.82891,6.71143],[80.8299,6.71152],[80.83073,6.71154],[80.8316,6.7115],[80.83237,6.71187],[80.83277,6.71266],[80.83305,6.71354],[80.83359,6.71416],[80.83442,6.7144],[80.83522,6.71432],[80.83627,6.71403],[80.83708,6.71405],[80.83791,6.71427],[80.83874,6.71478],[80.83933,6.71532],[80.83987,6.71612],[80.84103,6.71744],[80.84163,6.71802],[80.8425,6.71874],[80.84335,6.71897],[80.84427,6.71899],[80.84525,6.71882],[80.8469,6.71823],[80.8479,6.71817],[80.84863,6.7185],[80.84946,6.71865],[80.85043,6.71875],[80.85244,6.71871],[80.85325,6.7188],[80.85421,6.71897],[80.85488,6.71941],[80.85524,6.72018],[80.85501,6.72108],[80.85455,6.72181],[80.8532,6.72284],[80.85184,6.72508],[80.85142,6.72591],[80.85119,6.72676],[80.85136,6.72766],[80.85139,6.72846],[80.85081,6.72921],[80.85029,6.73015],[80.85049,6.731],[80.85139,6.7314],[80.85225,6.73113],[80.85316,6.73107],[80.85412,6.73142],[80.85492,6.7319],[80.85544,6.73251],[80.85589,6.73338],[80.85644,6.73414],[80.85778,6.73559],[80.85834,6.7364],[80.85854,6.73733],[80.85818,6.73818],[80.85797,6.73904],[80.85805,6.73984],[80.85803,6.7407],[80.85791,6.74148],[80.85752,6.74236],[80.8565,6.74382],[80.85571,6.74539],[80.85529,6.7461],[80.85446,6.74645],[80.85352,6.74656],[80.85265,6.74643],[80.85189,6.7462],[80.85007,6.74551],[80.84905,6.74502],[80.84824,6.74482],[80.84741,6.74502],[80.84661,6.74539],[80.84573,6.7455],[80.84492,6.74524],[80.84417,6.74489],[80.84327,6.74458],[80.84247,6.74456],[80.84164,6.7446],[80.84076,6.74455],[80.83895,6.74424],[80.838,6.74432],[80.83634,6.74479],[80.83547,6.74509],[80.83466,6.74554],[80.83403,6.7461],[80.83356,6.74687],[80.83266,6.74886],[80.83238,6.74965],[80.83186,6.75061],[80.83132,6.7525],[80.83104,6.75336],[80.83067,6.75428],[80.83002,6.75502],[80.82941,6.75557],[80.8288,6.75626],[80.8283,6.75696],[80.8279,6.75767],[80.82779,6.75858],[80.82768,6.76027],[80.82749,6.76109],[80.82696,6.76172],[80.82598,6.76138],[80.82522,6.76092],[80.82388,6.75981],[80.82302,6.75981],[80.8222,6.76001],[80.82123,6.76015],[80.8204,6.75997],[80.81956,6.75955],[80.81783,6.75854],[80.81559,6.75714],[80.81481,6.75658],[80.81397,6.75613],[80.81298,6.75549],[80.81219,6.7552],[80.81148,6.75571],[80.81136,6.75661],[80.81134,6.75775],[80.81157,6.75862],[80.81293,6.76109],[80.81292,6.76196],[80.81267,6.76274],[80.81207,6.76338],[80.81144,6.76398],[80.81089,6.76469],[80.8099,6.76729],[80.80948,6.76814],[80.80918,6.76894],[80.80894,6.76987],[80.80869,6.77159],[80.80866,6.77258],[80.80877,6.77366],[80.80896,6.77451],[80.80898,6.77543],[80.80915,6.7772],[80.80946,6.77795],[80.80971,6.77874],[80.81009,6.77947],[80.81058,6.78021],[80.81097,6.78106],[80.81149,6.78192],[80.81194,6.78277],[80.81228,6.78352],[80.81257,6.78447],[80.81261,6.78542],[80.81247,6.78633],[80.81209,6.7871],[80.81155,6.78773],[80.80994,6.79094],[80.80841,6.79191],[80.80845,6.79172],[80.80754,6.79131],[80.80681,6.79059],[80.80618,6.78984],[80.80543,6.78928],[80.80464,6.78904],[80.80385,6.78889],[80.8029,6.78881],[80.80213,6.78824],[80.8015,6.7873],[80.80139,6.78668],[80.80121,6.78631],[80.80094,6.78589],[80.80027,6.78542],[80.79939,6.78499],[80.79885,6.78469],[80.79852,6.78444],[80.79792,6.78389],[80.79718,6.78308],[80.79638,6.78232],[80.79443,6.78143],[80.79394,6.78086],[80.79358,6.78064],[80.79311,6.7798],[80.79263,6.77863],[80.79136,6.77667],[80.79087,6.77601],[80.79052,6.7751],[80.78997,6.77441],[80.78927,6.77397],[80.78757,6.77388],[80.78664,6.77394],[80.78559,6.77406],[80.78497,6.77419],[80.78385,6.77428],[80.78291,6.77451],[80.78206,6.77483],[80.78016,6.7754],[80.7781,6.77613],[80.77712,6.77656],[80.77615,6.77709],[80.77533,6.77777],[80.77445,6.77837],[80.7739,6.77791],[80.77335,6.77757],[80.76767,6.77377],[80.76674,6.77318],[80.7657,6.77277],[80.76471,6.77214],[80.76336,6.77089],[80.76206,6.77014],[80.76121,6.76956],[80.75843,6.76783],[80.75761,6.76719],[80.7569,6.76637],[80.75571,6.76542],[80.75508,6.76504],[80.75421,6.7642],[80.75286,6.76253],[80.75195,6.76206],[80.74881,6.76139],[80.74763,6.76101],[80.7468,6.76037],[80.74612,6.75959],[80.74556,6.75864],[80.74485,6.75831],[80.74397,6.75838],[80.74344,6.75862],[80.74073,6.76047],[80.73893,6.7618],[80.73759,6.76246],[80.73666,6.76285],[80.73572,6.7631],[80.73399,6.76338],[80.73318,6.76345],[80.73237,6.76346],[80.73154,6.76339],[80.73068,6.76319],[80.72973,6.76276],[80.72893,6.76234],[80.72725,6.76193],[80.72628,6.7616],[80.72523,6.76107],[80.72324,6.75978],[80.72255,6.75939],[80.72154,6.7589],[80.72052,6.75882],[80.71928,6.75913],[80.71787,6.76016],[80.71749,6.75974],[80.71704,6.75933],[80.71653,6.75923],[80.71601,6.75901],[80.71545,6.75895],[80.71381,6.75917],[80.71321,6.75917],[80.7127,6.7591],[80.71168,6.75873],[80.7112,6.75841],[80.71075,6.75796],[80.71002,6.75702],[80.7088,6.75585],[80.70832,6.75562],[80.70788,6.7553],[80.70738,6.75501],[80.70629,6.75497],[80.70405,6.75517],[80.70239,6.75546],[80.70129,6.75581],[80.6998,6.75658],[80.69848,6.75734],[80.69755,6.75779],[80.69717,6.75816],[80.69672,6.75841],[80.69624,6.75861],[80.69458,6.75894],[80.69409,6.75916],[80.69241,6.75922],[80.69015,6.75942],[80.68851,6.75941],[80.68739,6.75957],[80.68562,6.75969],[80.68227,6.75972],[80.68173,6.75977],[80.68112,6.75989],[80.67952,6.76027],[80.67841,6.76024],[80.6779,6.76015],[80.67641,6.75948],[80.67591,6.75931],[80.67535,6.75923],[80.67481,6.75927],[80.67427,6.75943],[80.6732,6.75984],[80.67214,6.76014],[80.67051,6.76042],[80.66995,6.76043],[80.66818,6.76025],[80.66599,6.76016],[80.66494,6.75992],[80.66443,6.76004],[80.66387,6.7601],[80.663,6.76079],[80.66262,6.76118],[80.66217,6.76153],[80.66171,6.7618],[80.66113,6.76199],[80.66059,6.76195],[80.66025,6.76154],[80.65986,6.76118],[80.65964,6.75997],[80.65957,6.75881],[80.65958,6.75819],[80.65969,6.75767],[80.65981,6.75664],[80.65983,6.7561],[80.65974,6.75553],[80.65956,6.75504],[80.6593,6.75459],[80.65895,6.75416],[80.65753,6.75336],[80.6571,6.75304],[80.65661,6.75279],[80.65614,6.75303],[80.65564,6.75283],[80.65558,6.7523],[80.65513,6.75205],[80.65462,6.75196],[80.65428,6.75154],[80.65378,6.75122],[80.65265,6.75137],[80.65159,6.75137],[80.65103,6.75143],[80.64994,6.75163],[80.64833,6.7522],[80.64641,6.75323],[80.6459,6.75342],[80.64475,6.7537],[80.64366,6.7539],[80.64312,6.75396],[80.64258,6.75396],[80.64009,6.75372],[80.63769,6.75358],[80.63649,6.75341],[80.63597,6.75337],[80.6354,6.75336],[80.63377,6.75362],[80.63227,6.75414],[80.6317,6.75414],[80.63114,6.75423],[80.62942,6.75463],[80.62783,6.75513],[80.6268,6.75557],[80.62486,6.75672],[80.62432,6.75695],[80.6227,6.75746],[80.62111,6.75814],[80.62001,6.75826],[80.61951,6.75846],[80.61724,6.75886],[80.61505,6.75938],[80.61282,6.7593],[80.61227,6.75924],[80.61063,6.75887],[80.60784,6.75884],[80.6068,6.75902],[80.60288,6.76014],[80.60234,6.76024],[80.6001,6.76052],[80.59777,6.76104],[80.59598,6.76126],[80.59316,6.76193],[80.59133,6.76229],[80.58694,6.76286],[80.58481,6.76352],[80.58426,6.76364],[80.58312,6.76364],[80.5815,6.7635],[80.57986,6.76362],[80.57932,6.76362],[80.57822,6.76353],[80.57709,6.76369],[80.57599,6.7638],[80.57436,6.76382],[80.57381,6.76372],[80.57275,6.76393],[80.57172,6.76429],[80.57069,6.76454],[80.57019,6.76474],[80.5697,6.765],[80.56619,6.76755],[80.56531,6.76813],[80.56481,6.76837],[80.56374,6.76876],[80.56336,6.76911],[80.56283,6.76927],[80.56241,6.76963],[80.56195,6.7699],[80.56143,6.76998],[80.56045,6.77043],[80.55993,6.77061],[80.55938,6.77074],[80.55816,6.77074],[80.55763,6.77065],[80.55714,6.77045],[80.55662,6.77017],[80.55612,6.77002],[80.55561,6.7699],[80.55503,6.7699],[80.554,6.77001],[80.55292,6.77021],[80.55079,6.77097],[80.54984,6.77147],[80.54901,6.77217],[80.54864,6.77259],[80.54803,6.77352],[80.54768,6.77396],[80.54726,6.77433],[80.54636,6.77496],[80.54588,6.77522],[80.54539,6.77539],[80.54436,6.77563],[80.54326,6.77567],[80.54104,6.77537],[80.53997,6.77509],[80.53885,6.77467],[80.53827,6.77449],[80.53774,6.77423],[80.53725,6.77386],[80.53628,6.77333],[80.53582,6.77301],[80.53442,6.77218],[80.53391,6.77197],[80.53345,6.77171],[80.53203,6.77082],[80.53159,6.77049],[80.53111,6.77027],[80.5303,6.76956],[80.52953,6.7688],[80.52901,6.76845],[80.52849,6.7682],[80.52796,6.76803],[80.52744,6.76803],[80.5269,6.76813],[80.5259,6.7685],[80.52493,6.76896],[80.52351,6.76979],[80.52162,6.77075],[80.52066,6.77132],[80.51876,6.77257],[80.51834,6.77289],[80.51648,6.7741],[80.51507,6.77509],[80.51356,6.77593],[80.51161,6.77683],[80.51013,6.7774],[80.50904,6.77748],[80.50853,6.77765],[80.50687,6.77774],[80.50573,6.77774],[80.50464,6.77766],[80.50403,6.77768],[80.50297,6.77781],[80.50246,6.77794],[80.50143,6.77833],[80.50095,6.7786],[80.50004,6.77921],[80.49922,6.77991],[80.49741,6.78113],[80.49699,6.78145],[80.49616,6.7822],[80.49547,6.78302],[80.49419,6.78485],[80.49336,6.78626],[80.4927,6.78721],[80.49242,6.78769],[80.49004,6.79203],[80.48965,6.79301],[80.489,6.79506],[80.48871,6.79611],[80.48859,6.79662],[80.48859,6.7972],[80.48875,6.79783],[80.48892,6.79835],[80.48918,6.79881],[80.48953,6.79929],[80.48997,6.79963],[80.49052,6.79983],[80.49115,6.79996],[80.49224,6.79998],[80.49381,6.79979],[80.49491,6.7998],[80.49542,6.79992],[80.49582,6.80025],[80.49609,6.8007],[80.49625,6.8012],[80.49628,6.80279],[80.49638,6.80331],[80.49654,6.80388],[80.49688,6.80487],[80.49768,6.80625],[80.49813,6.80656],[80.49863,6.80673],[80.49917,6.80679],[80.50028,6.80682],[80.5008,6.80695],[80.50128,6.80722],[80.50172,6.80753],[80.50208,6.80797],[80.50227,6.80847],[80.50231,6.80899],[80.50227,6.80952],[80.50193,6.81052],[80.5016,6.81092],[80.50119,6.81125],[80.50069,6.81145],[80.50015,6.81152],[80.49963,6.81146],[80.49918,6.81121],[80.49845,6.81046],[80.49805,6.81013],[80.49755,6.80994],[80.49699,6.80992],[80.49648,6.81003],[80.496,6.81028],[80.49555,6.81059],[80.49478,6.81141],[80.49381,6.81274],[80.49353,6.81319],[80.4931,6.8142],[80.49285,6.81465],[80.49244,6.81512],[80.49209,6.81591],[80.49189,6.8167],[80.49158,6.8183],[80.49152,6.81912],[80.49167,6.81992],[80.49223,6.82146],[80.49258,6.82226],[80.49295,6.82298],[80.49377,6.82535],[80.49415,6.82608],[80.49473,6.82758],[80.49512,6.82836],[80.49545,6.83001],[80.49566,6.83081],[80.496,6.83173],[80.49471,6.83231],[80.49394,6.83255],[80.49312,6.83262],[80.49138,6.83247],[80.49055,6.83248],[80.48868,6.83258],[80.48783,6.83258],[80.48702,6.83243],[80.4855,6.8318],[80.48479,6.83137],[80.48399,6.8311],[80.48316,6.83094],[80.48228,6.83089],[80.48141,6.83071],[80.48062,6.83064],[80.47821,6.83087],[80.47741,6.83089],[80.47662,6.83109],[80.47583,6.83144],[80.47507,6.83168],[80.47343,6.832],[80.47267,6.83223],[80.4718,6.83252],[80.47105,6.83291],[80.47028,6.83315],[80.46942,6.83309],[80.4686,6.8331],[80.46679,6.83328],[80.46358,6.8344],[80.46199,6.83502],[80.46123,6.83544],[80.46065,6.83599],[80.45996,6.83647],[80.45921,6.83673],[80.45833,6.83683],[80.45748,6.83674],[80.45664,6.83639],[80.4559,6.83604],[80.45303,6.83426],[80.45225,6.83372],[80.45164,6.83312],[80.45062,6.83352],[80.44997,6.83403],[80.44925,6.83439],[80.44847,6.83463],[80.44598,6.83475],[80.44518,6.83503],[80.44441,6.8354],[80.44363,6.83563],[80.44283,6.83579],[80.44207,6.83603],[80.44161,6.83673],[80.44133,6.83749],[80.44063,6.83786],[80.44036,6.8386],[80.44043,6.83939],[80.44061,6.84022],[80.44084,6.84101],[80.44088,6.84182],[80.44026,6.84244],[80.43952,6.84274],[80.43873,6.84297],[80.43798,6.8433],[80.43555,6.84409],[80.43485,6.8445],[80.43419,6.84514],[80.43402,6.84595],[80.43398,6.84676],[80.43352,6.84745],[80.43282,6.84795],[80.43204,6.84809],[80.43131,6.84767],[80.43093,6.84697],[80.43076,6.8462],[80.43068,6.84534],[80.4307,6.84452],[80.43067,6.84372],[80.43043,6.84281],[80.43004,6.84205],[80.42943,6.84155],[80.42869,6.84127],[80.42789,6.84119],[80.42705,6.84119],[80.42625,6.84101],[80.42402,6.83982],[80.42329,6.84021],[80.4228,6.84171],[80.4224,6.84331],[80.42213,6.84405],[80.42124,6.84542],[80.42059,6.84589],[80.4184,6.84726],[80.41683,6.84779],[80.41605,6.84795],[80.41526,6.84825],[80.41459,6.84868],[80.41405,6.84931],[80.41362,6.85004],[80.41306,6.85064],[80.41239,6.85117],[80.41159,6.85149],[80.41084,6.8517],[80.40995,6.85205],[80.4093,6.85259],[80.40828,6.85396],[80.40771,6.85463],[80.4065,6.85575],[80.40455,6.85735],[80.40085,6.85965],[80.40005,6.85973],[80.39925,6.85959],[80.3985,6.85924],[80.39787,6.85874],[80.39726,6.85812],[80.39672,6.85742],[80.39643,6.85668],[80.39603,6.85593],[80.39537,6.85546],[80.39452,6.85522],[80.39283,6.85486],[80.39206,6.85463],[80.3907,6.8537],[80.39033,6.85292],[80.38995,6.85114],[80.38957,6.85039],[80.38887,6.84998],[80.38805,6.84992],[80.38718,6.84977],[80.3863,6.84949],[80.38548,6.84939],[80.38382,6.84938],[80.38306,6.84965],[80.38166,6.85062],[80.38161,6.85222],[80.3814,6.85301],[80.38104,6.8537],[80.3804,6.85419],[80.37957,6.85439],[80.37875,6.85435],[80.37791,6.85414],[80.37633,6.8536],[80.37561,6.85323],[80.37303,6.85326],[80.3722,6.85315],[80.37089,6.85212],[80.37009,6.85187],[80.36768,6.85184],[80.36687,6.85162],[80.36614,6.85113],[80.36528,6.84976],[80.36464,6.84917],[80.36386,6.8489],[80.36216,6.84843],[80.36131,6.84836],[80.36045,6.84844],[80.35964,6.84861],[80.35888,6.84885],[80.35808,6.84926],[80.35738,6.84969],[80.35669,6.84925],[80.35686,6.84754],[80.35677,6.84665],[80.35616,6.84607],[80.35456,6.84588],[80.35381,6.84556],[80.3531,6.84508],[80.35264,6.84444],[80.3522,6.84367],[80.3517,6.84296],[80.35101,6.84252],[80.35012,6.8424],[80.34849,6.84241],[80.34795,6.84179],[80.34803,6.841],[80.34818,6.84017],[80.3484,6.8394],[80.34857,6.83858],[80.34871,6.83701],[80.34885,6.83622],[80.34882,6.83539],[80.34866,6.83456],[80.34807,6.83392],[80.3473,6.83365],[80.3465,6.83361],[80.34479,6.83381],[80.3439,6.83376],[80.34313,6.83359],[80.34236,6.83332],[80.34282,6.83266],[80.34291,6.83187],[80.34264,6.83109],[80.34204,6.83052],[80.34136,6.83001],[80.34052,6.83012],[80.33975,6.83048],[80.33939,6.83121],[80.33958,6.83263],[80.33898,6.83285],[80.33879,6.83201],[80.33832,6.83127],[80.33746,6.83139],[80.33675,6.83192],[80.33411,6.83284],[80.33246,6.83358],[80.33161,6.83403],[80.33098,6.8346],[80.32945,6.83565],[80.32874,6.8363],[80.32762,6.83772],[80.32696,6.8384],[80.32582,6.83974],[80.3248,6.84121],[80.32439,6.84202],[80.32414,6.84287],[80.32362,6.84368],[80.32287,6.84529],[80.32258,6.84614],[80.32242,6.84701],[80.32217,6.84791],[80.322,6.84885],[80.32175,6.8497],[80.32139,6.85051],[80.32114,6.85145],[80.32078,6.8524],[80.32024,6.85314],[80.31955,6.85367],[80.3194,6.85452],[80.31892,6.85526],[80.31828,6.85586],[80.31774,6.85655],[80.31718,6.85741],[80.31572,6.85847],[80.31431,6.85963],[80.31353,6.86016],[80.31218,6.8613],[80.31154,6.8619],[80.31079,6.86234],[80.30998,6.86264],[80.30911,6.86242],[80.30739,6.86224],[80.30649,6.86202],[80.30593,6.86134],[80.30545,6.86063],[80.30476,6.86006],[80.30413,6.85944],[80.30334,6.85895],[80.30252,6.85863],[80.30169,6.85838],[80.30075,6.85834],[80.29896,6.85884],[80.29811,6.85928],[80.29722,6.85938],[80.29641,6.85895],[80.29611,6.85808],[80.29591,6.85716],[80.29584,6.85628],[80.29566,6.85542],[80.29482,6.85515],[80.294,6.85545],[80.2923,6.85583],[80.29147,6.85613],[80.2906,6.85635],[80.28971,6.85635],[80.28881,6.85622],[80.28803,6.85581],[80.28729,6.85527],[80.28648,6.85488],[80.28561,6.85495],[80.28491,6.85546],[80.28429,6.85618],[80.28405,6.85674],[80.28501,6.85766],[80.2852,6.86003],[80.28487,6.86251],[80.28312,6.86409],[80.28133,6.86582],[80.28267,6.86775],[80.28215,6.87011],[80.28031,6.87158],[80.27795,6.87186],[80.27564,6.87242],[80.27345,6.8733],[80.27112,6.87375],[80.26877,6.87428],[80.26726,6.87613],[80.26572,6.87815],[80.26467,6.88028],[80.26376,6.88261],[80.26264,6.88473],[80.2616,6.88695],[80.26065,6.88924],[80.25825,6.88943],[80.25637,6.89082],[80.25473,6.8925],[80.25375,6.89465],[80.25282,6.89695],[80.25175,6.89923],[80.25077,6.90152],[80.2484,6.90137],[80.2464,6.90277],[80.24487,6.90473],[80.24323,6.90657],[80.24104,6.90749],[80.23921,6.90593],[80.23763,6.90402],[80.23562,6.90264],[80.23322,6.90306],[80.23275,6.9054],[80.23274,6.90779],[80.23287,6.91018],[80.23268,6.91266],[80.23152,6.91472],[80.23129,6.91707],[80.23114,6.9195],[80.23071,6.92182],[80.23059,6.92416],[80.22866,6.92552],[80.2265,6.92446],[80.22589,6.92671],[80.22516,6.92905],[80.22396,6.93106],[80.22202,6.92949],[80.22127,6.92704],[80.21906,6.9261],[80.21959,6.92379],[80.21918,6.92141],[80.21686,6.92108],[80.21615,6.91875],[80.2141,6.91764],[80.21167,6.91787],[80.2094,6.91496],[80.20679,6.91366],[80.20467,6.91344],[80.20369,6.91258],[80.20287,6.9109],[80.20048,6.90869],[80.2002,6.90685],[80.20037,6.90491],[80.19988,6.90372],[80.19814,6.90345],[80.19618,6.90415],[80.1946,6.90415],[80.19098,6.90054],[80.18889,6.89952],[80.1887,6.8987],[80.1887,6.89795],[80.18961,6.89515],[80.1901,6.8926],[80.18855,6.8902],[80.18373,6.8865],[80.18335,6.88459],[80.18328,6.88141],[80.18168,6.8764],[80.18074,6.86988],[80.18029,6.86798],[80.1795,6.86627],[80.17853,6.86567],[80.17686,6.86397],[80.1762,6.86214],[80.17523,6.86068],[80.17501,6.85991],[80.17505,6.8591],[80.17527,6.85864],[80.17596,6.85807],[80.17725,6.85749],[80.17941,6.85662],[80.18194,6.85602],[80.1846,6.85571],[80.18589,6.85549],[80.18767,6.85504],[80.18882,6.85454],[80.18988,6.85423],[80.19067,6.85418],[80.19146,6.85395],[80.19239,6.85348],[80.19356,6.85249],[80.19423,6.85151],[80.19463,6.85051],[80.19499,6.84866],[80.19539,6.84668],[80.19653,6.84479],[80.19835,6.8422],[80.19867,6.83969],[80.19865,6.83723],[80.19919,6.83553],[80.20053,6.83371],[80.20216,6.8317],[80.20258,6.82985],[80.20245,6.82521],[80.2024,6.82281],[80.20224,6.82048],[80.20207,6.81942],[80.20116,6.81736],[80.2001,6.81594],[80.19951,6.81541],[80.19845,6.81496],[80.19691,6.81455],[80.19432,6.81437],[80.19138,6.81435],[80.1907,6.81441],[80.18972,6.81467],[80.18896,6.81498],[80.18852,6.81529],[80.18832,6.81554],[80.18803,6.81646],[80.18767,6.81816],[80.18742,6.81867],[80.18719,6.81879],[80.18696,6.81864],[80.18681,6.81843],[80.18631,6.81733],[80.18592,6.81653],[80.18546,6.81594],[80.18521,6.81573],[80.18488,6.81558],[80.18456,6.81551],[80.18421,6.81553],[80.18304,6.81567],[80.18253,6.81563],[80.18207,6.81538],[80.18167,6.81477],[80.18114,6.81417],[80.18034,6.81401],[80.1801,6.8142],[80.17962,6.81474],[80.17876,6.81649],[80.1785,6.81663],[80.178,6.81657],[80.1778,6.81642],[80.17773,6.81577],[80.17779,6.81511],[80.17779,6.81443],[80.17749,6.81362],[80.17674,6.81206],[80.17724,6.80957],[80.1781,6.80667],[80.17858,6.8045],[80.17887,6.80289],[80.1795,6.80109],[80.17996,6.7993],[80.18088,6.79674],[80.18164,6.79558],[80.18248,6.79452],[80.18318,6.79403],[80.1843,6.79364],[80.18508,6.7933],[80.186,6.79239],[80.18639,6.79186],[80.18667,6.79131],[80.18648,6.78814],[80.18656,6.78758],[80.1869,6.78703],[80.18739,6.78662],[80.18816,6.78651],[80.19008,6.78555],[80.19092,6.78431],[80.19158,6.78302],[80.19212,6.78175],[80.19239,6.78045],[80.19219,6.77959],[80.19136,6.77842],[80.19083,6.77755],[80.19032,6.77617],[80.18978,6.77355],[80.18964,6.77212],[80.18997,6.77059],[80.19113,6.76846],[80.19167,6.76695],[80.19172,6.76494],[80.1922,6.76422],[80.19252,6.76097],[80.19409,6.7575],[80.19667,6.75268],[80.19975,6.74788],[80.20113,6.74408],[80.20307,6.74122],[80.20413,6.7386],[80.20429,6.73624],[80.20536,6.73301],[80.20573,6.73174],[80.20557,6.73092],[80.20539,6.73054],[80.20496,6.73023],[80.20414,6.73027],[80.20238,6.73075],[80.20061,6.73129],[80.19926,6.73136],[80.19879,6.73094],[80.1986,6.73036],[80.1986,6.72838],[80.19874,6.72728],[80.19891,6.7268],[80.1991,6.7265],[80.20093,6.72662],[80.20139,6.72641],[80.20211,6.72437],[80.20245,6.72381],[80.20292,6.72329],[80.20396,6.72256],[80.20406,6.72219],[80.20282,6.72116],[80.2027,6.72078],[80.20277,6.72046],[80.20422,6.71987],[80.20568,6.71693],[80.20598,6.71598],[80.20638,6.71516],[80.20691,6.71418],[80.20759,6.71325],[80.21242,6.70226],[80.21274,6.70152],[80.21356,6.70003],[80.21372,6.69928],[80.21368,6.69867],[80.21348,6.69819],[80.2135,6.69756],[80.21363,6.69713],[80.21384,6.69665],[80.21448,6.69591],[80.21478,6.69555],[80.21502,6.69515],[80.21549,6.6933],[80.21578,6.69187],[80.2162,6.69114],[80.2166,6.69089],[80.217,6.69077],[80.21791,6.69078],[80.21927,6.69102],[80.22007,6.69099],[80.2207,6.69041],[80.22154,6.68946],[80.2221,6.6888],[80.22253,6.68804],[80.22318,6.68695],[80.22405,6.68577],[80.22712,6.67983],[80.22904,6.67794],[80.23149,6.6764],[80.2349,6.67381],[80.23905,6.67101],[80.24035,6.67089],[80.2412,6.67076],[80.24169,6.67031],[80.24209,6.66958],[80.24258,6.66818],[80.24282,6.66608],[80.24327,6.66524],[80.24405,6.66465],[80.24549,6.66428],[80.2476,6.66031],[80.24944,6.65859],[80.25051,6.65575],[80.24986,6.65526],[80.24971,6.65493],[80.24978,6.65463],[80.25016,6.65426],[80.25055,6.65416],[80.25144,6.65412],[80.25161,6.65378],[80.25162,6.65332],[80.2514,6.6525],[80.25142,6.65206],[80.25166,6.65123],[80.25169,6.64859],[80.25159,6.64701],[80.25158,6.64594],[80.25125,6.64528],[80.25086,6.64464],[80.24989,6.6436],[80.24905,6.64271],[80.24885,6.64232],[80.24879,6.64153],[80.24911,6.63953],[80.24954,6.63701],[80.24998,6.6355],[80.25056,6.63459],[80.2517,6.6336],[80.25231,6.63321],[80.25277,6.63274],[80.25328,6.63211],[80.2537,6.63145],[80.2542,6.63001],[80.25446,6.62866],[80.25479,6.62735],[80.25503,6.62701],[80.25576,6.62657],[80.25706,6.62541],[80.2587,6.62437],[80.2593,6.62359],[80.26025,6.623],[80.26083,6.62257],[80.26128,6.62242],[80.26465,6.62185],[80.26544,6.62152],[80.268,6.6208],[80.27125,6.61997],[80.27204,6.61972],[80.27322,6.61878],[80.27436,6.61791],[80.27469,6.61776],[80.27513,6.61779],[80.27568,6.61823],[80.27602,6.61846],[80.27648,6.61862],[80.2783,6.61842],[80.2794,6.61833],[80.28082,6.61849],[80.2813,6.61843],[80.28184,6.61829],[80.28251,6.61789],[80.28308,6.61733],[80.2838,6.61626],[80.28411,6.61595],[80.285,6.61538],[80.28583,6.61478],[80.28732,6.6124],[80.28839,6.61094],[80.28956,6.60897],[80.2935,6.60389],[80.29535,6.60267],[80.29611,6.60187],[80.29694,6.60106],[80.29751,6.60066],[80.2982,6.60031],[80.29822,6.59991],[80.29794,6.59963],[80.29775,6.59933],[80.29787,6.59896],[80.29825,6.59861],[80.299,6.59821],[80.29937,6.59797],[80.29962,6.59768],[80.29995,6.59744],[80.30035,6.5974],[80.30072,6.59737],[80.30144,6.59718],[80.30198,6.59698],[80.30269,6.59656],[80.30322,6.59592],[80.30387,6.59431],[80.30506,6.59231],[80.30597,6.58984],[80.30664,6.58735],[80.30648,6.58621],[80.30652,6.58586],[80.30673,6.58553],[80.30826,6.5841],[80.309,6.58244],[80.31144,6.57614],[80.31346,6.57292],[80.31435,6.57168],[80.31459,6.5712],[80.31456,6.57072],[80.3139,6.57029],[80.3132,6.5703],[80.31176,6.57072],[80.31138,6.57067],[80.31122,6.57031],[80.3109,6.57001],[80.31054,6.57002],[80.30985,6.57043],[80.30946,6.57043],[80.30905,6.57026],[80.30877,6.56971],[80.30866,6.56915],[80.30838,6.56875],[80.30795,6.56859],[80.30658,6.56871],[80.30517,6.56787],[80.30404,6.56802],[80.3024,6.56766],[80.30069,6.56708],[80.29838,6.56661],[80.29755,6.56615],[80.29529,6.56411],[80.29515,6.56351],[80.29521,6.56232],[80.29554,6.56131],[80.29626,6.5603],[80.29681,6.55974],[80.2975,6.55916],[80.3014,6.55321],[80.30214,6.55088],[80.30374,6.54847],[80.30371,6.54783],[80.30462,6.54677],[80.30537,6.54291],[80.30454,6.5392],[80.3054,6.53785],[80.30661,6.53754],[80.30786,6.53668],[80.31008,6.53602],[80.31164,6.53524],[80.31303,6.5342],[80.32764,6.51209],[80.33082,6.50612],[80.33857,6.49393],[80.33809,6.49313],[80.35393,6.47186],[80.35633,6.46888],[80.35792,6.46491],[80.36128,6.45866],[80.36597,6.45241],[80.36848,6.44945],[80.37041,6.44598],[80.37429,6.44183],[80.37623,6.43987],[80.38028,6.43418],[80.37932,6.43124],[80.37925,6.42826],[80.38001,6.42687],[80.38127,6.42558],[80.38204,6.42486],[80.38324,6.42335],[80.38458,6.42177],[80.38515,6.42101],[80.38586,6.4203],[80.3866,6.41966],[80.38738,6.4191],[80.38899,6.41805],[80.38983,6.41765],[80.39151,6.41669],[80.39228,6.41609],[80.39367,6.41484],[80.39513,6.41363],[80.39656,6.4122],[80.39713,6.41149],[80.39881,6.4091],[80.39941,6.40834],[80.40006,6.40767],[80.40239,6.40604],[80.40305,6.40538],[80.40527,6.40355],[80.40692,6.40237],[80.40774,6.40184],[80.41013,6.4001],[80.41096,6.39947],[80.41242,6.39817],[80.41405,6.39703],[80.41557,6.39563],[80.41624,6.39496],[80.4168,6.3942],[80.41747,6.39349],[80.41907,6.39239],[80.41993,6.392],[80.4228,6.39104],[80.42484,6.39101],[80.42586,6.39088],[80.42682,6.39089],[80.42871,6.39001],[80.43153,6.38934],[80.43246,6.38952],[80.43304,6.39023],[80.43459,6.39173],[80.43588,6.39326],[80.43672,6.39379],[80.43771,6.39424],[80.4386,6.39446],[80.43953,6.39464],[80.44053,6.39467],[80.44149,6.39441],[80.4424,6.39396],[80.44321,6.39339],[80.44495,6.39233],[80.44965,6.38867],[80.45042,6.38817],[80.4513,6.38772],[80.45226,6.3874],[80.45329,6.38717],[80.45429,6.3872],[80.45526,6.38742],[80.45615,6.38767],[80.45705,6.38799],[80.45799,6.38785],[80.45894,6.38758],[80.45991,6.38717],[80.46151,6.38595],[80.46247,6.38562],[80.46338,6.3854],[80.46422,6.38581],[80.46524,6.38596],[80.46609,6.38551],[80.46673,6.38484],[80.46727,6.38407],[80.46791,6.38329],[80.4687,6.38274],[80.46934,6.38209],[80.47012,6.38032],[80.47061,6.3794],[80.47122,6.37862],[80.47206,6.37824],[80.47294,6.37847],[80.47362,6.37919],[80.47401,6.38005],[80.47494,6.3802],[80.47585,6.37978],[80.47676,6.3795],[80.47769,6.37946],[80.47871,6.3796],[80.47948,6.38016],[80.48129,6.38096],[80.4823,6.38103],[80.48324,6.38098],[80.48524,6.38075],[80.48732,6.38075],[80.48826,6.38066],[80.48916,6.38039],[80.49011,6.38029],[80.49101,6.38013],[80.4918,6.37966],[80.49266,6.37908],[80.49339,6.3784],[80.49394,6.37767],[80.49421,6.37673],[80.49411,6.37582],[80.49382,6.37494],[80.49368,6.37402],[80.49373,6.37307],[80.49422,6.37119],[80.49438,6.37021],[80.49441,6.36928],[80.49469,6.36836],[80.49531,6.36758]]]}},{"type":"Feature","properties":{"slug":"kandy","name":"Kandy","district_id":4,"iso":"LK-21"},"geometry":{"type":"Polygon","coordinates":[[[80.97421,7.48836],[80.97327,7.48829],[80.96995,7.48808],[80.96882,7.48804],[80.9655,7.48812],[80.96434,7.48807],[80.96218,7.48811],[80.96095,7.488],[80.95888,7.48756],[80.95722,7.48975],[80.95696,7.48965],[80.9535,7.48897],[80.95119,7.48838],[80.94996,7.48831],[80.94893,7.48815],[80.94825,7.48812],[80.94563,7.48678],[80.94344,7.48751],[80.94264,7.48819],[80.94203,7.48897],[80.94117,7.48975],[80.93766,7.48966],[80.93323,7.48985],[80.93241,7.48961],[80.93114,7.48881],[80.9314,7.48559],[80.93161,7.48453],[80.93227,7.48255],[80.93215,7.4818],[80.93138,7.48089],[80.92829,7.47961],[80.92777,7.4787],[80.92741,7.47773],[80.92703,7.47565],[80.92596,7.47504],[80.9238,7.47513],[80.92299,7.47477],[80.92231,7.47216],[80.92165,7.46988],[80.92072,7.46932],[80.92015,7.46919],[80.91964,7.46828],[80.91984,7.46711],[80.91987,7.46596],[80.91966,7.46464],[80.91938,7.4635],[80.91895,7.46251],[80.91821,7.46144],[80.91709,7.46136],[80.91626,7.46202],[80.91554,7.46282],[80.91468,7.46341],[80.9136,7.4635],[80.91252,7.46328],[80.91161,7.46388],[80.91061,7.46467],[80.90952,7.46493],[80.90852,7.46461],[80.90761,7.46391],[80.90755,7.46282],[80.90762,7.46171],[80.9073,7.45946],[80.90649,7.45858],[80.9054,7.45889],[80.90396,7.46184],[80.90326,7.4628],[80.90276,7.46384],[80.90186,7.46714],[80.90149,7.46827],[80.90069,7.47045],[80.90018,7.47273],[80.89907,7.47472],[80.89645,7.47491],[80.89583,7.47457],[80.89394,7.47333],[80.89181,7.47319],[80.89013,7.4738],[80.889,7.47395],[80.88778,7.47362],[80.88664,7.47324],[80.88569,7.4727],[80.8853,7.4718],[80.88581,7.47099],[80.88509,7.46962],[80.88367,7.46895],[80.88198,7.46973],[80.88079,7.46878],[80.88026,7.46789],[80.87947,7.46738],[80.87944,7.46668],[80.88012,7.4657],[80.88046,7.46474],[80.87932,7.46403],[80.87737,7.46633],[80.87657,7.467],[80.87558,7.46754],[80.87475,7.46836],[80.874,7.46928],[80.87307,7.47001],[80.8702,7.4714],[80.86917,7.47195],[80.8681,7.47259],[80.86712,7.47306],[80.86603,7.47348],[80.86496,7.47383],[80.8627,7.47476],[80.86162,7.47443],[80.85905,7.47341],[80.85802,7.47323],[80.85678,7.47327],[80.8544,7.47326],[80.85322,7.4731],[80.85221,7.47282],[80.85114,7.4727],[80.85012,7.47247],[80.84917,7.47197],[80.8473,7.47069],[80.84631,7.46977],[80.84541,7.46904],[80.84454,7.46812],[80.8438,7.46718],[80.84315,7.46627],[80.84165,7.46444],[80.83975,7.46311],[80.83872,7.46278],[80.83648,7.46248],[80.83524,7.46244],[80.8342,7.46214],[80.83337,7.46136],[80.83241,7.46063],[80.83142,7.46003],[80.82925,7.45985],[80.82811,7.45987],[80.82575,7.46039],[80.82349,7.46074],[80.82237,7.46076],[80.82037,7.45991],[80.81953,7.45916],[80.81832,7.45704],[80.81747,7.45611],[80.81663,7.45543],[80.81574,7.45454],[80.814,7.453],[80.81317,7.45237],[80.81125,7.45108],[80.80936,7.44968],[80.80836,7.4491],[80.80753,7.44841],[80.8069,7.44756],[80.80709,7.44653],[80.80746,7.44548],[80.80802,7.44448],[80.80849,7.44337],[80.80878,7.44221],[80.80894,7.44108],[80.80839,7.44011],[80.80737,7.43987],[80.8062,7.43995],[80.80393,7.43983],[80.80275,7.43941],[80.8018,7.43882],[80.80097,7.43809],[80.79993,7.43741],[80.79907,7.43664],[80.79831,7.43585],[80.79621,7.43323],[80.79538,7.43229],[80.79373,7.43072],[80.79221,7.42895],[80.7914,7.42825],[80.79027,7.42777],[80.78917,7.42792],[80.78829,7.42866],[80.78733,7.42923],[80.78634,7.42993],[80.78537,7.43045],[80.78425,7.43062],[80.78072,7.4303],[80.77969,7.43011],[80.77861,7.43008],[80.77799,7.43099],[80.77724,7.43318],[80.77676,7.43432],[80.77624,7.43524],[80.77551,7.43624],[80.77475,7.43711],[80.77386,7.43789],[80.77297,7.43855],[80.77189,7.43922],[80.76967,7.44039],[80.76856,7.44077],[80.76736,7.44108],[80.76621,7.44131],[80.76402,7.44164],[80.76337,7.44255],[80.76254,7.44589],[80.76209,7.44698],[80.76144,7.44796],[80.76066,7.4487],[80.75962,7.44906],[80.75855,7.44892],[80.7575,7.44857],[80.75654,7.44818],[80.7554,7.44794],[80.75427,7.44804],[80.75333,7.44861],[80.75271,7.44958],[80.75218,7.4505],[80.75089,7.45238],[80.74904,7.45393],[80.74748,7.45557],[80.74666,7.45622],[80.74498,7.45833],[80.74359,7.46017],[80.74274,7.46117],[80.74193,7.462],[80.74112,7.46268],[80.74017,7.46341],[80.73916,7.464],[80.73698,7.46472],[80.73587,7.46483],[80.73471,7.46475],[80.73364,7.46449],[80.73249,7.4646],[80.73294,7.46559],[80.73319,7.46666],[80.73341,7.46811],[80.73348,7.46932],[80.73335,7.47048],[80.73296,7.4716],[80.73246,7.47263],[80.73183,7.47364],[80.73097,7.47427],[80.72991,7.47464],[80.72877,7.47476],[80.72775,7.47457],[80.72673,7.47406],[80.72414,7.47202],[80.72308,7.47139],[80.7212,7.47008],[80.72038,7.4693],[80.71961,7.46831],[80.71887,7.46752],[80.71839,7.46679],[80.71784,7.46651],[80.71592,7.46596],[80.71398,7.46531],[80.71218,7.46453],[80.71019,7.46386],[80.70812,7.46359],[80.70619,7.46318],[80.70445,7.46202],[80.70173,7.45918],[80.70115,7.45732],[80.70225,7.45565],[80.70325,7.45384],[80.70412,7.45201],[80.70434,7.44997],[80.70443,7.4479],[80.70405,7.44597],[80.70507,7.44427],[80.70604,7.4425],[80.70618,7.44049],[80.70665,7.43855],[80.70822,7.43718],[80.71048,7.43381],[80.71122,7.43193],[80.71138,7.43003],[80.71171,7.42802],[80.71214,7.42609],[80.71098,7.42436],[80.70918,7.42356],[80.70932,7.42158],[80.70914,7.41954],[80.70841,7.41765],[80.70808,7.41568],[80.70676,7.41411],[80.70656,7.41216],[80.70683,7.41021],[80.70719,7.40828],[80.70818,7.40436],[80.70754,7.40245],[80.70639,7.40088],[80.70678,7.39892],[80.70692,7.39697],[80.70602,7.39522],[80.7046,7.39372],[80.70289,7.39277],[80.70085,7.39232],[80.69959,7.3908],[80.69895,7.38888],[80.69839,7.38697],[80.69636,7.3868],[80.69444,7.3871],[80.69246,7.38752],[80.69049,7.38769],[80.68843,7.38764],[80.68645,7.38769],[80.68249,7.38743],[80.68053,7.38705],[80.67848,7.38698],[80.67653,7.38676],[80.67469,7.38603],[80.67287,7.38522],[80.67121,7.38408],[80.66925,7.38403],[80.66735,7.38445],[80.6654,7.38476],[80.66345,7.38448],[80.66176,7.38546],[80.65979,7.38569],[80.65788,7.38529],[80.65598,7.38453],[80.65401,7.38461],[80.6527,7.38607],[80.65155,7.38768],[80.64966,7.3883],[80.64784,7.3892],[80.6464,7.39061],[80.64511,7.39223],[80.64376,7.39368],[80.6425,7.39522],[80.64105,7.39659],[80.63714,7.39744],[80.63537,7.39826],[80.63347,7.399],[80.6316,7.39848],[80.62966,7.3988],[80.62792,7.39978],[80.62644,7.40107],[80.62467,7.40192],[80.62307,7.40312],[80.6217,7.40453],[80.62049,7.40617],[80.61945,7.40791],[80.61817,7.40955],[80.61681,7.41107],[80.61569,7.41277],[80.6145,7.41439],[80.61265,7.41513],[80.61088,7.41608],[80.60896,7.4167],[80.60697,7.41705],[80.60185,7.42033],[80.59986,7.42066],[80.59901,7.42248],[80.59789,7.42417],[80.59636,7.42544],[80.59345,7.42822],[80.59173,7.42926],[80.58974,7.42885],[80.58775,7.42832],[80.58617,7.42949],[80.58566,7.43138],[80.58443,7.43296],[80.58144,7.43571],[80.58006,7.43713],[80.57883,7.43876],[80.57699,7.43941],[80.57498,7.43963],[80.57313,7.44047],[80.57441,7.44206],[80.57398,7.444],[80.57275,7.44784],[80.57254,7.44979],[80.57259,7.45185],[80.57187,7.45373],[80.56991,7.4536],[80.56929,7.45548],[80.56845,7.45725],[80.56632,7.4575],[80.56597,7.45748],[80.56565,7.45752],[80.56521,7.4575],[80.56441,7.45703],[80.56399,7.45687],[80.56284,7.45671],[80.5624,7.45669],[80.56199,7.45661],[80.5612,7.4563],[80.5608,7.45622],[80.55916,7.4563],[80.5577,7.45617],[80.55723,7.45583],[80.55678,7.45535],[80.55647,7.45431],[80.55646,7.45293],[80.5561,7.45207],[80.55574,7.45086],[80.55554,7.45022],[80.55519,7.44962],[80.55432,7.4495],[80.55332,7.44981],[80.55149,7.45013],[80.54997,7.45022],[80.54864,7.45021],[80.54743,7.45043],[80.5467,7.45079],[80.54584,7.45141],[80.54534,7.45166],[80.54448,7.45181],[80.54378,7.45215],[80.54305,7.45229],[80.54277,7.45212],[80.54255,7.45191],[80.5403,7.44973],[80.54028,7.44946],[80.54032,7.44921],[80.54048,7.44899],[80.54077,7.44874],[80.54103,7.44862],[80.54182,7.4485],[80.54294,7.4485],[80.5435,7.44835],[80.54403,7.44806],[80.54456,7.44748],[80.54506,7.44676],[80.54563,7.44557],[80.54719,7.44391],[80.54773,7.4431],[80.54823,7.44218],[80.54891,7.44091],[80.5489,7.44057],[80.54865,7.44021],[80.54816,7.44012],[80.54755,7.44],[80.54694,7.43957],[80.54652,7.43908],[80.54617,7.43812],[80.546,7.43714],[80.54693,7.43428],[80.54776,7.43285],[80.54844,7.43139],[80.54992,7.42996],[80.55181,7.42887],[80.55294,7.42781],[80.55383,7.42648],[80.55397,7.42529],[80.55452,7.42386],[80.55559,7.4226],[80.55631,7.42093],[80.55649,7.41947],[80.55626,7.41897],[80.55586,7.41852],[80.55493,7.41775],[80.55319,7.41686],[80.55238,7.41627],[80.55131,7.41576],[80.55027,7.41518],[80.54927,7.4149],[80.54896,7.4149],[80.54849,7.41502],[80.54778,7.41533],[80.54636,7.41601],[80.54361,7.41785],[80.54127,7.41967],[80.53904,7.42172],[80.53854,7.4218],[80.5384,7.42163],[80.53835,7.42144],[80.53834,7.42119],[80.53844,7.42095],[80.53885,7.42047],[80.53904,7.42011],[80.53913,7.41983],[80.53907,7.4196],[80.53891,7.41937],[80.53872,7.41925],[80.53836,7.41915],[80.53774,7.41909],[80.53754,7.41902],[80.53735,7.41883],[80.53731,7.41864],[80.53739,7.41838],[80.53752,7.41814],[80.53823,7.41709],[80.53845,7.41652],[80.53839,7.41609],[80.53821,7.41586],[80.53798,7.41564],[80.53766,7.41557],[80.53724,7.41557],[80.53662,7.41583],[80.53586,7.41625],[80.53507,7.41651],[80.53394,7.41677],[80.53284,7.41716],[80.53231,7.41762],[80.53216,7.41788],[80.53157,7.41879],[80.53098,7.41915],[80.53038,7.41919],[80.52998,7.41907],[80.52954,7.4187],[80.52909,7.4183],[80.52884,7.4178],[80.52884,7.41707],[80.52895,7.41637],[80.5292,7.41578],[80.53012,7.41434],[80.53028,7.41375],[80.53026,7.41308],[80.52999,7.41256],[80.52974,7.41237],[80.52935,7.41216],[80.52843,7.41201],[80.52675,7.41195],[80.52608,7.41207],[80.52524,7.41233],[80.52451,7.4127],[80.52383,7.41297],[80.52325,7.41303],[80.52273,7.41303],[80.52233,7.41295],[80.52079,7.41242],[80.52046,7.41234],[80.52016,7.41227],[80.51973,7.41232],[80.51932,7.4126],[80.51917,7.41281],[80.51901,7.41321],[80.51882,7.41371],[80.51858,7.41391],[80.51815,7.41406],[80.5178,7.41409],[80.51733,7.41407],[80.51676,7.41369],[80.51643,7.41319],[80.51603,7.41181],[80.5155,7.40889],[80.51539,7.40758],[80.51547,7.40629],[80.51659,7.40453],[80.51761,7.40251],[80.5187,7.40094],[80.51926,7.40015],[80.51941,7.3993],[80.51911,7.39785],[80.51847,7.39622],[80.51797,7.39574],[80.51754,7.39561],[80.51711,7.39553],[80.51661,7.39552],[80.51591,7.39556],[80.51564,7.39552],[80.51541,7.39545],[80.51525,7.39536],[80.51504,7.39522],[80.51497,7.3947],[80.51515,7.39421],[80.51551,7.3938],[80.51586,7.39343],[80.51637,7.39298],[80.51797,7.39184],[80.51824,7.39124],[80.51836,7.39073],[80.51822,7.38953],[80.51798,7.38932],[80.51677,7.38962],[80.51589,7.38969],[80.51527,7.38962],[80.51417,7.38904],[80.51315,7.38791],[80.51142,7.38599],[80.51014,7.38574],[80.50619,7.38666],[80.50412,7.38823],[80.50021,7.39007],[80.49681,7.39279],[80.49347,7.39463],[80.48829,7.39961],[80.48633,7.40087],[80.48516,7.40199],[80.48382,7.40288],[80.48334,7.40354],[80.48172,7.40555],[80.47997,7.40698],[80.47807,7.40806],[80.47708,7.40808],[80.47623,7.40779],[80.47516,7.40688],[80.47448,7.40657],[80.47363,7.40654],[80.473,7.40712],[80.47261,7.40765],[80.47244,7.40832],[80.47215,7.4102],[80.47144,7.41194],[80.47032,7.41283],[80.4693,7.41324],[80.46822,7.41312],[80.46535,7.41137],[80.46448,7.41105],[80.46343,7.41089],[80.4627,7.4109],[80.46229,7.41096],[80.46157,7.41097],[80.46112,7.41069],[80.46093,7.41049],[80.46085,7.41023],[80.46077,7.40995],[80.46082,7.40966],[80.46101,7.40914],[80.46131,7.4087],[80.4617,7.40832],[80.4625,7.40792],[80.46256,7.40765],[80.46244,7.40742],[80.46208,7.40729],[80.46191,7.40729],[80.46163,7.4071],[80.46151,7.4068],[80.46151,7.40622],[80.46185,7.4053],[80.46263,7.40431],[80.46508,7.40298],[80.46559,7.40264],[80.46601,7.4025],[80.46667,7.40249],[80.46815,7.40282],[80.46882,7.40281],[80.46928,7.40257],[80.46968,7.40216],[80.46995,7.4014],[80.47002,7.4001],[80.46987,7.39913],[80.46985,7.3985],[80.46994,7.39819],[80.47005,7.39796],[80.47021,7.39777],[80.47101,7.39719],[80.47145,7.39682],[80.47157,7.39662],[80.47166,7.39638],[80.47152,7.39571],[80.4716,7.39503],[80.47201,7.39414],[80.47224,7.39373],[80.47221,7.39345],[80.47202,7.39332],[80.47083,7.39315],[80.47013,7.39297],[80.46983,7.39269],[80.46963,7.39215],[80.46976,7.39158],[80.47036,7.39003],[80.47016,7.38908],[80.46956,7.38812],[80.4688,7.38751],[80.46835,7.38686],[80.46788,7.38517],[80.46726,7.3842],[80.46565,7.38006],[80.46439,7.37699],[80.46431,7.37657],[80.46414,7.37635],[80.46201,7.37558],[80.46013,7.37523],[80.45896,7.37496],[80.45792,7.37451],[80.45775,7.37388],[80.45761,7.37347],[80.4577,7.37235],[80.45758,7.37182],[80.45619,7.37042],[80.45587,7.36821],[80.45515,7.36629],[80.45435,7.36502],[80.45318,7.36381],[80.45163,7.36234],[80.45141,7.36174],[80.45161,7.36117],[80.45215,7.36053],[80.45278,7.3599],[80.45322,7.35908],[80.45359,7.358],[80.45422,7.35718],[80.45516,7.35681],[80.45597,7.35723],[80.45689,7.35728],[80.45762,7.35709],[80.45808,7.35658],[80.45886,7.35528],[80.45978,7.35263],[80.45902,7.35125],[80.45701,7.35003],[80.45541,7.35017],[80.45298,7.35113],[80.4487,7.35407],[80.44729,7.3561],[80.44521,7.35735],[80.44256,7.35633],[80.44083,7.35523],[80.43894,7.35378],[80.43733,7.3533],[80.43597,7.35374],[80.43199,7.35668],[80.42771,7.35913],[80.42621,7.35961],[80.42485,7.35908],[80.42313,7.35708],[80.42215,7.35518],[80.4219,7.35321],[80.422,7.35125],[80.42235,7.34932],[80.42336,7.34755],[80.42418,7.34572],[80.4241,7.34372],[80.42431,7.34171],[80.42466,7.33976],[80.42566,7.33801],[80.42603,7.33608],[80.4269,7.33429],[80.4265,7.33234],[80.4295,7.32979],[80.43002,7.32952],[80.4313,7.32636],[80.43215,7.32608],[80.43282,7.3256],[80.43373,7.32422],[80.43528,7.32346],[80.43598,7.32303],[80.43665,7.32248],[80.43832,7.32066],[80.43874,7.31999],[80.43933,7.31933],[80.43998,7.31885],[80.44086,7.31872],[80.44176,7.31884],[80.44258,7.31883],[80.44412,7.31825],[80.44486,7.31791],[80.44554,7.31739],[80.44594,7.31669],[80.44647,7.31605],[80.44716,7.31568],[80.44801,7.31545],[80.44961,7.31534],[80.45046,7.31521],[80.45214,7.3146],[80.45289,7.31428],[80.45435,7.31349],[80.455,7.31298],[80.45553,7.31235],[80.45598,7.31154],[80.45631,7.31075],[80.45677,7.31009],[80.45708,7.30933],[80.45721,7.30851],[80.45705,7.30772],[80.45706,7.30691],[80.45756,7.30621],[80.45917,7.30552],[80.45984,7.30506],[80.46049,7.30446],[80.46105,7.30383],[80.46259,7.30317],[80.46329,7.30281],[80.46391,7.30224],[80.4644,7.30162],[80.46578,7.30049],[80.46609,7.30012],[80.46624,7.29973],[80.46671,7.29908],[80.46726,7.29843],[80.468,7.29802],[80.46873,7.2977],[80.46939,7.29717],[80.46982,7.29648],[80.47075,7.29519],[80.47144,7.29471],[80.47208,7.29414],[80.47254,7.29332],[80.47314,7.29271],[80.47367,7.29208],[80.47417,7.29134],[80.47486,7.29085],[80.47558,7.29046],[80.47641,7.29019],[80.47708,7.28974],[80.47769,7.28911],[80.47822,7.28849],[80.47871,7.28776],[80.47903,7.287],[80.47945,7.28626],[80.48013,7.28584],[80.48085,7.28548],[80.4814,7.28478],[80.48221,7.2833],[80.48298,7.28174],[80.48318,7.28095],[80.48315,7.28011],[80.48273,7.27943],[80.48214,7.27879],[80.48134,7.27734],[80.48107,7.27658],[80.48084,7.27577],[80.48067,7.27497],[80.48065,7.27414],[80.48083,7.27336],[80.48075,7.27255],[80.4804,7.27178],[80.47988,7.27102],[80.47906,7.27058],[80.47823,7.27032],[80.4774,7.27019],[80.47662,7.27013],[80.47598,7.26966],[80.47631,7.26889],[80.47694,7.26833],[80.47844,7.26746],[80.47908,7.267],[80.47981,7.26654],[80.48018,7.26585],[80.47939,7.26435],[80.47955,7.26356],[80.4802,7.26312],[80.48105,7.26301],[80.48275,7.26344],[80.48359,7.26333],[80.48447,7.26313],[80.48519,7.26278],[80.48579,7.26221],[80.4867,7.26223],[80.48827,7.26276],[80.48911,7.26266],[80.48983,7.26232],[80.49041,7.26175],[80.4911,7.2613],[80.49156,7.26063],[80.492,7.25986],[80.49252,7.25925],[80.4933,7.25871],[80.49415,7.25842],[80.495,7.25824],[80.49671,7.25812],[80.4976,7.25795],[80.4984,7.25791],[80.49921,7.25794],[80.5,7.25811],[80.5007,7.25864],[80.50158,7.25871],[80.50235,7.25852],[80.50399,7.25799],[80.50508,7.2568],[80.50568,7.25627],[80.50711,7.25542],[80.50775,7.25493],[80.50823,7.25424],[80.50865,7.25351],[80.50899,7.25277],[80.50865,7.25173],[80.50864,7.25093],[80.50854,7.24934],[80.50899,7.24774],[80.51016,7.24556],[80.51045,7.2452],[80.51141,7.24453],[80.5122,7.24431],[80.51293,7.24381],[80.51369,7.24338],[80.51533,7.24306],[80.51611,7.24278],[80.51679,7.24233],[80.51752,7.24198],[80.51821,7.2415],[80.51877,7.24089],[80.51907,7.24011],[80.51927,7.23931],[80.51983,7.23873],[80.52032,7.23808],[80.52047,7.2372],[80.52084,7.23646],[80.52136,7.23572],[80.52196,7.23515],[80.52247,7.23454],[80.52244,7.23372],[80.5221,7.23294],[80.52191,7.23215],[80.52174,7.23132],[80.52167,7.23051],[80.52167,7.22965],[80.5223,7.22626],[80.52249,7.2237],[80.52246,7.22117],[80.52236,7.22031],[80.52214,7.21955],[80.52176,7.21874],[80.52119,7.21804],[80.52055,7.21758],[80.519,7.21663],[80.51746,7.21595],[80.5167,7.21572],[80.51595,7.21542],[80.51515,7.21508],[80.51437,7.21468],[80.51368,7.2142],[80.51309,7.21364],[80.51258,7.21296],[80.5124,7.21215],[80.5124,7.21134],[80.51249,7.21052],[80.51295,7.20889],[80.51325,7.20809],[80.51423,7.20663],[80.51495,7.20513],[80.5154,7.20445],[80.51591,7.20385],[80.51656,7.20339],[80.51735,7.20318],[80.51906,7.20298],[80.51983,7.20267],[80.5204,7.20207],[80.52138,7.20073],[80.522,7.20013],[80.52267,7.19971],[80.52333,7.19923],[80.52397,7.19867],[80.52473,7.19837],[80.52549,7.19813],[80.52627,7.19771],[80.52673,7.19704],[80.52689,7.1962],[80.52726,7.19548],[80.52778,7.19478],[80.52845,7.19432],[80.5292,7.19404],[80.52973,7.19338],[80.52987,7.1926],[80.5302,7.19188],[80.53074,7.19123],[80.53141,7.19068],[80.53178,7.18995],[80.53184,7.18906],[80.53205,7.18826],[80.53248,7.18753],[80.5336,7.18632],[80.53423,7.18578],[80.53494,7.18541],[80.53571,7.18521],[80.53608,7.1845],[80.53654,7.18374],[80.53736,7.18348],[80.53815,7.18304],[80.53877,7.18237],[80.53942,7.1819],[80.54014,7.18149],[80.54145,7.18054],[80.54294,7.17977],[80.54452,7.17922],[80.54505,7.17864],[80.54542,7.17764],[80.54545,7.17685],[80.54568,7.17605],[80.54599,7.17531],[80.54603,7.1743],[80.54592,7.1738],[80.54648,7.17224],[80.54705,7.17163],[80.54741,7.17086],[80.54789,7.17016],[80.54813,7.16936],[80.54791,7.1677],[80.54739,7.16702],[80.54661,7.1667],[80.54573,7.16666],[80.54495,7.16679],[80.54415,7.16666],[80.54335,7.16632],[80.54259,7.16587],[80.54179,7.16562],[80.5409,7.16575],[80.54014,7.16609],[80.53929,7.16622],[80.53842,7.16609],[80.53763,7.16586],[80.53674,7.1658],[80.53506,7.16621],[80.53425,7.16623],[80.53341,7.16604],[80.53282,7.16543],[80.53244,7.16469],[80.53188,7.16398],[80.53038,7.16283],[80.52979,7.1623],[80.52928,7.16165],[80.52883,7.16095],[80.52894,7.16006],[80.52927,7.15931],[80.52986,7.1587],[80.53057,7.15812],[80.53134,7.15845],[80.53206,7.15807],[80.53224,7.1573],[80.53254,7.15657],[80.53277,7.15579],[80.53313,7.15505],[80.5342,7.15369],[80.53454,7.15295],[80.53474,7.15218],[80.53499,7.1515],[80.53462,7.15043],[80.53381,7.15005],[80.533,7.15014],[80.53223,7.15052],[80.53112,7.1517],[80.53033,7.15179],[80.5295,7.15163],[80.52823,7.15059],[80.52796,7.14983],[80.52673,7.14872],[80.5265,7.14796],[80.52646,7.14711],[80.52581,7.14655],[80.52534,7.14722],[80.52483,7.14879],[80.52413,7.1503],[80.52361,7.15096],[80.52302,7.15153],[80.5222,7.15179],[80.52142,7.15153],[80.52064,7.15098],[80.52005,7.1503],[80.51934,7.14982],[80.51852,7.14953],[80.51684,7.14962],[80.51517,7.15029],[80.51433,7.15028],[80.51259,7.14998],[80.51177,7.14979],[80.51108,7.14947],[80.5103,7.14898],[80.50987,7.14829],[80.50962,7.14755],[80.5096,7.14668],[80.50982,7.14583],[80.50973,7.14404],[80.51002,7.14335],[80.50969,7.14175],[80.50933,7.14102],[80.50864,7.14023],[80.50832,7.13975],[80.50765,7.139],[80.50708,7.13848],[80.50655,7.13777],[80.50655,7.13689],[80.5068,7.13609],[80.50673,7.13529],[80.50657,7.13433],[80.50633,7.13361],[80.50543,7.13339],[80.50469,7.13358],[80.50398,7.13409],[80.50342,7.13468],[80.50253,7.13445],[80.50138,7.13321],[80.50094,7.13251],[80.50041,7.13181],[80.50031,7.13085],[80.50059,7.1301],[80.50102,7.12935],[80.5012,7.12846],[80.50055,7.12797],[80.49975,7.12768],[80.49892,7.12763],[80.49815,7.12785],[80.49715,7.12806],[80.4965,7.12808],[80.49586,7.12823],[80.49484,7.12824],[80.49399,7.12839],[80.49316,7.12845],[80.4922,7.1284],[80.49139,7.12815],[80.49032,7.12752],[80.48958,7.1272],[80.48869,7.12721],[80.48785,7.12712],[80.4868,7.12659],[80.48615,7.12597],[80.4841,7.12504],[80.48213,7.12471],[80.48071,7.12473],[80.47996,7.12513],[80.47897,7.12679],[80.47841,7.12747],[80.4776,7.12732],[80.47701,7.12669],[80.47667,7.12589],[80.47612,7.12524],[80.47547,7.12479],[80.47467,7.12455],[80.47321,7.12376],[80.4727,7.12329],[80.47186,7.12279],[80.4703,7.12232],[80.46951,7.12217],[80.46882,7.12221],[80.4679,7.12239],[80.46641,7.12252],[80.46547,7.12272],[80.46468,7.12283],[80.46386,7.12263],[80.46306,7.1225],[80.46223,7.12244],[80.46081,7.1226],[80.46026,7.1226],[80.4598,7.12254],[80.4592,7.12227],[80.45873,7.12224],[80.45789,7.12246],[80.45744,7.12239],[80.45627,7.1221],[80.45578,7.12205],[80.45516,7.1215],[80.45406,7.121],[80.45341,7.12062],[80.45245,7.11946],[80.4522,7.11863],[80.45201,7.11776],[80.45013,7.11609],[80.44945,7.11566],[80.44856,7.11567],[80.44708,7.11485],[80.4463,7.11433],[80.44578,7.11372],[80.44537,7.11298],[80.44526,7.11129],[80.44562,7.11099],[80.44614,7.11032],[80.44672,7.10975],[80.44753,7.10821],[80.44907,7.10748],[80.45097,7.10599],[80.45212,7.10487],[80.45263,7.10421],[80.45384,7.10203],[80.45422,7.10126],[80.45476,7.09872],[80.45487,7.09787],[80.45492,7.09608],[80.45502,7.09517],[80.45519,7.09436],[80.45595,7.09287],[80.45655,7.09207],[80.4571,7.09149],[80.45754,7.09081],[80.45777,7.09003],[80.45796,7.08832],[80.45847,7.08675],[80.45883,7.08599],[80.45901,7.08521],[80.45892,7.08356],[80.4588,7.08274],[80.45901,7.08197],[80.45946,7.08126],[80.45944,7.08046],[80.45953,7.0796],[80.45975,7.0788],[80.45972,7.07794],[80.46035,7.0764],[80.46074,7.07478],[80.46186,7.07245],[80.46217,7.07164],[80.46373,7.07052],[80.46374,7.06947],[80.46384,7.06776],[80.46423,7.06699],[80.46451,7.06621],[80.4647,7.06543],[80.46514,7.06469],[80.46586,7.06431],[80.46661,7.06464],[80.46716,7.06527],[80.46845,7.06632],[80.46921,7.06655],[80.46997,7.06629],[80.47051,7.06571],[80.47113,7.06522],[80.47128,7.0644],[80.47126,7.06361],[80.47088,7.06282],[80.47032,7.06226],[80.4697,7.06175],[80.46692,7.06006],[80.46612,7.05978],[80.46481,7.05883],[80.46424,7.05825],[80.46377,7.05755],[80.46348,7.05674],[80.463,7.05522],[80.46279,7.05438],[80.46264,7.05356],[80.46258,7.05277],[80.4626,7.05194],[80.46239,7.05115],[80.46156,7.04971],[80.46137,7.04887],[80.46094,7.04726],[80.46042,7.04393],[80.46036,7.04314],[80.46058,7.0415],[80.46052,7.03983],[80.46058,7.03905],[80.46056,7.0382],[80.46034,7.03733],[80.46031,7.0364],[80.4604,7.03553],[80.46068,7.03477],[80.4609,7.034],[80.46092,7.03133],[80.46117,7.03057],[80.46175,7.03002],[80.46315,7.02921],[80.46345,7.0284],[80.46502,7.02921],[80.46569,7.02967],[80.46632,7.03022],[80.46687,7.03081],[80.468,7.03227],[80.46891,7.03373],[80.46942,7.03444],[80.47066,7.03556],[80.47183,7.03685],[80.47257,7.03736],[80.47339,7.0373],[80.47416,7.037],[80.47576,7.03646],[80.4765,7.03615],[80.47716,7.03569],[80.47775,7.03509],[80.47803,7.03433],[80.4782,7.0335],[80.47864,7.03278],[80.47948,7.03263],[80.48031,7.03258],[80.481,7.03209],[80.48159,7.0306],[80.48209,7.02987],[80.48273,7.02938],[80.48353,7.02944],[80.48413,7.02997],[80.48488,7.02971],[80.48563,7.02935],[80.48642,7.02918],[80.48715,7.02876],[80.48777,7.02796],[80.48802,7.02717],[80.4884,7.02648],[80.48907,7.02604],[80.4899,7.02606],[80.49066,7.02638],[80.49152,7.02658],[80.49229,7.02632],[80.49313,7.02645],[80.49413,7.02626],[80.49493,7.02622],[80.49574,7.02638],[80.49654,7.02637],[80.49746,7.02607],[80.49806,7.02552],[80.49865,7.02489],[80.4989,7.02408],[80.4988,7.02325],[80.49752,7.022],[80.49699,7.02141],[80.49686,7.02061],[80.49706,7.01982],[80.49764,7.01928],[80.49959,7.01778],[80.50036,7.01733],[80.50069,7.01653],[80.50209,7.01543],[80.50284,7.01511],[80.50337,7.0144],[80.5034,7.01361],[80.50388,7.01291],[80.50411,7.01213],[80.50423,7.01128],[80.50444,7.01048],[80.50492,7.0088],[80.50551,7.00723],[80.50596,7.00645],[80.5075,7.00413],[80.50846,7.00252],[80.51038,7.00086],[80.51106,6.99935],[80.5115,6.99863],[80.51197,6.99796],[80.51255,6.99736],[80.51304,6.99667],[80.51332,6.99593],[80.51347,6.99516],[80.51346,6.99425],[80.51326,6.99342],[80.51304,6.99085],[80.51324,6.99001],[80.51411,6.98866],[80.51484,6.98623],[80.51499,6.98466],[80.51522,6.98375],[80.51551,6.98291],[80.51589,6.98221],[80.51692,6.9808],[80.51736,6.98007],[80.51786,6.97941],[80.51906,6.97826],[80.52023,6.97703],[80.52085,6.97646],[80.52209,6.97546],[80.52424,6.97417],[80.52493,6.97368],[80.52643,6.97275],[80.52704,6.97223],[80.52821,6.97098],[80.52881,6.9704],[80.5295,6.96999],[80.53024,6.96963],[80.53091,6.96921],[80.53226,6.96826],[80.53356,6.96723],[80.53423,6.96675],[80.5349,6.9662],[80.53547,6.96564],[80.5369,6.9647],[80.53751,6.96415],[80.53884,6.96318],[80.53952,6.96256],[80.54008,6.96198],[80.54059,6.96131],[80.54105,6.96058],[80.54137,6.95978],[80.54159,6.95813],[80.54174,6.95734],[80.54207,6.95652],[80.54255,6.95586],[80.54311,6.9553],[80.5444,6.95435],[80.54566,6.95334],[80.54618,6.9527],[80.54665,6.95199],[80.54745,6.95053],[80.54775,6.94973],[80.54797,6.94893],[80.54831,6.94816],[80.54885,6.94753],[80.54925,6.9468],[80.54948,6.946],[80.55014,6.94452],[80.55062,6.94386],[80.55118,6.94323],[80.55258,6.94116],[80.55314,6.94049],[80.55383,6.93999],[80.5546,6.93974],[80.55546,6.9396],[80.5579,6.93929],[80.55964,6.93916],[80.56139,6.93881],[80.56221,6.93877],[80.56403,6.93898],[80.56471,6.93945],[80.56518,6.94105],[80.56558,6.94175],[80.56614,6.94235],[80.56706,6.94371],[80.5672,6.94529],[80.56808,6.94522],[80.56965,6.9447],[80.57044,6.94453],[80.57123,6.94446],[80.57205,6.94459],[80.57275,6.94496],[80.57353,6.94517],[80.57432,6.94486],[80.57507,6.94439],[80.57581,6.94412],[80.57664,6.94402],[80.57747,6.94414],[80.57796,6.94437],[80.57858,6.94519],[80.57871,6.94597],[80.57794,6.9475],[80.57756,6.94845],[80.57735,6.94937],[80.57723,6.95027],[80.5772,6.95108],[80.57683,6.95358],[80.57684,6.95524],[80.57707,6.95707],[80.57745,6.95865],[80.57771,6.9594],[80.57832,6.95999],[80.57905,6.96031],[80.58063,6.96035],[80.58148,6.96048],[80.58227,6.96089],[80.58306,6.96141],[80.58389,6.96186],[80.58446,6.96241],[80.58515,6.96281],[80.58602,6.96291],[80.58665,6.96343],[80.5874,6.96377],[80.5882,6.9638],[80.58891,6.96425],[80.58952,6.96487],[80.5899,6.9656],[80.59129,6.96864],[80.59221,6.97113],[80.59242,6.97195],[80.59278,6.97294],[80.59251,6.97339],[80.59261,6.97436],[80.59242,6.97608],[80.59229,6.97772],[80.59225,6.97939],[80.59232,6.98026],[80.59294,6.98269],[80.59345,6.98424],[80.59408,6.98579],[80.59496,6.98732],[80.5955,6.98794],[80.59612,6.98842],[80.59689,6.98887],[80.59765,6.9892],[80.60073,6.99028],[80.60144,6.9907],[80.60201,6.99136],[80.60266,6.99286],[80.60277,6.99365],[80.60277,6.99451],[80.6025,6.99528],[80.60198,6.996],[80.60081,6.99728],[80.60022,6.998],[80.59906,6.99913],[80.59639,7.00116],[80.5957,7.00171],[80.59509,7.0023],[80.59453,7.0029],[80.59373,7.00439],[80.59325,7.00513],[80.5926,7.00577],[80.59127,7.00687],[80.59019,7.0081],[80.58987,7.00885],[80.58962,7.00966],[80.58903,7.01121],[80.58852,7.01189],[80.58732,7.01322],[80.58692,7.01392],[80.58669,7.0148],[80.58653,7.01559],[80.58629,7.01728],[80.58605,7.01805],[80.58574,7.01878],[80.58528,7.01942],[80.5847,7.01997],[80.58401,7.02049],[80.58327,7.02091],[80.57941,7.02287],[80.57696,7.02384],[80.57621,7.02428],[80.57562,7.02483],[80.57498,7.02531],[80.57442,7.02588],[80.57393,7.02654],[80.57302,7.02794],[80.57295,7.02876],[80.5731,7.03033],[80.57248,7.03093],[80.57165,7.03119],[80.57095,7.03171],[80.56963,7.03281],[80.56907,7.03345],[80.56806,7.03477],[80.56735,7.03518],[80.56657,7.03532],[80.56592,7.03589],[80.56554,7.03663],[80.56495,7.03719],[80.56426,7.03769],[80.56361,7.03825],[80.56292,7.03894],[80.56177,7.04029],[80.56148,7.04106],[80.5611,7.04176],[80.56068,7.04333],[80.56074,7.04416],[80.56097,7.04497],[80.56137,7.04571],[80.56183,7.04636],[80.56217,7.04709],[80.56204,7.04791],[80.56119,7.04831],[80.56034,7.04835],[80.55975,7.04889],[80.56041,7.04934],[80.56078,7.05004],[80.56053,7.05095],[80.55957,7.0524],[80.55946,7.05323],[80.55927,7.05412],[80.55883,7.05485],[80.55823,7.0555],[80.55755,7.05598],[80.55655,7.05736],[80.55577,7.05879],[80.5553,7.05942],[80.55523,7.06023],[80.5553,7.06102],[80.55499,7.06177],[80.5543,7.06218],[80.55367,7.0628],[80.55262,7.06438],[80.55208,7.06496],[80.55125,7.06542],[80.55045,7.06562],[80.54958,7.06551],[80.54746,7.06398],[80.5455,7.062],[80.5447,7.06187],[80.54395,7.0622],[80.54343,7.06288],[80.54272,7.06325],[80.54196,7.06298],[80.5414,7.06234],[80.54083,7.06178],[80.5407,7.05948],[80.53974,7.05887],[80.53886,7.06086],[80.53814,7.06183],[80.53884,7.06264],[80.53934,7.06336],[80.54004,7.0642],[80.54045,7.06574],[80.54054,7.06655],[80.54057,7.06733],[80.54059,7.06811],[80.54057,7.0689],[80.54063,7.06969],[80.54086,7.07048],[80.5412,7.07124],[80.54082,7.07191],[80.54088,7.07265],[80.54122,7.07338],[80.5421,7.07474],[80.54267,7.07538],[80.5431,7.07575],[80.54422,7.07584],[80.54502,7.07568],[80.54585,7.07558],[80.54666,7.07571],[80.54717,7.07666],[80.54765,7.07732],[80.54847,7.07731],[80.54927,7.07692],[80.55004,7.07751],[80.55031,7.07812],[80.55101,7.07855],[80.55187,7.07854],[80.55261,7.07882],[80.55306,7.0795],[80.55336,7.08032],[80.55398,7.08112],[80.55427,7.08165],[80.55512,7.08111],[80.55575,7.08062],[80.55662,7.08031],[80.55743,7.0802],[80.55822,7.08],[80.55863,7.0793],[80.55897,7.07773],[80.55952,7.07706],[80.56027,7.0768],[80.56108,7.07675],[80.5619,7.07707],[80.56346,7.07782],[80.56485,7.07878],[80.56546,7.07929],[80.56605,7.07986],[80.56829,7.0813],[80.56995,7.08191],[80.57078,7.08211],[80.57156,7.08199],[80.57231,7.08162],[80.57279,7.08095],[80.57326,7.07941],[80.57344,7.07775],[80.57374,7.07694],[80.5742,7.07626],[80.57493,7.07571],[80.57712,7.07453],[80.5779,7.07436],[80.57928,7.07521],[80.58094,7.07589],[80.58258,7.07637],[80.58425,7.07677],[80.58511,7.07704],[80.58589,7.07717],[80.58763,7.07726],[80.58927,7.07718],[80.59096,7.07728],[80.59268,7.07752],[80.59347,7.07771],[80.59433,7.07775],[80.59492,7.07718],[80.59511,7.07638],[80.59561,7.07573],[80.59639,7.07542],[80.59722,7.07542],[80.59893,7.07571],[80.59976,7.07578],[80.60062,7.07595],[80.60218,7.07645],[80.603,7.07664],[80.60379,7.07671],[80.6055,7.07639],[80.60636,7.07649],[80.60806,7.07711],[80.60884,7.07728],[80.60964,7.07721],[80.61115,7.07664],[80.61284,7.0762],[80.6137,7.07617],[80.6145,7.07634],[80.61524,7.07675],[80.61592,7.07723],[80.61674,7.07766],[80.61848,7.07812],[80.62013,7.07866],[80.62105,7.0789],[80.62274,7.07925],[80.6236,7.0792],[80.62447,7.07909],[80.62532,7.07905],[80.62628,7.07911],[80.62711,7.07926],[80.62868,7.07991],[80.62933,7.08047],[80.62994,7.08108],[80.63047,7.08175],[80.63119,7.08333],[80.63181,7.08394],[80.63254,7.08444],[80.63303,7.08528],[80.63345,7.08621],[80.63365,7.08699],[80.63336,7.0889],[80.63333,7.08972],[80.63357,7.0905],[80.63392,7.09121],[80.63461,7.09177],[80.63582,7.09297],[80.63636,7.09372],[80.63712,7.09516],[80.63722,7.09599],[80.63722,7.09692],[80.63734,7.09776],[80.63755,7.09855],[80.63784,7.09929],[80.63844,7.09983],[80.63925,7.10015],[80.64083,7.10048],[80.64162,7.10084],[80.64245,7.10097],[80.64409,7.10103],[80.64487,7.10114],[80.64567,7.1014],[80.64634,7.10184],[80.647,7.10233],[80.64776,7.10275],[80.64856,7.10292],[80.64935,7.10292],[80.65104,7.10268],[80.65184,7.10248],[80.65345,7.10195],[80.6544,7.10186],[80.65602,7.10181],[80.65871,7.10199],[80.66045,7.10202],[80.66294,7.10197],[80.66381,7.10183],[80.6654,7.10114],[80.66692,7.10031],[80.66762,7.09981],[80.66952,7.09815],[80.67016,7.09749],[80.67084,7.09699],[80.6716,7.09661],[80.6732,7.09596],[80.67405,7.09555],[80.67484,7.0951],[80.67564,7.09476],[80.67631,7.09433],[80.67781,7.09367],[80.67938,7.09318],[80.6803,7.09302],[80.68196,7.09294],[80.68358,7.09303],[80.68439,7.09303],[80.68524,7.09292],[80.68604,7.09272],[80.68739,7.09175],[80.68822,7.09212],[80.68885,7.09271],[80.68941,7.09336],[80.69014,7.0948],[80.69145,7.09694],[80.69086,7.09749],[80.69037,7.09814],[80.69042,7.09909],[80.6908,7.09988],[80.69135,7.10046],[80.69215,7.10082],[80.69279,7.10132],[80.69339,7.10184],[80.69389,7.10253],[80.69448,7.10405],[80.69456,7.10484],[80.69456,7.10569],[80.69476,7.10726],[80.69524,7.1079],[80.69595,7.10848],[80.69702,7.10977],[80.69727,7.1106],[80.69734,7.11118],[80.69724,7.1122],[80.6976,7.11293],[80.69812,7.11358],[80.69883,7.11422],[80.69988,7.11555],[80.70051,7.11616],[80.7011,7.11682],[80.70152,7.11761],[80.70167,7.11844],[80.70214,7.11915],[80.70291,7.11943],[80.70363,7.11976],[80.70432,7.12032],[80.7049,7.12093],[80.70522,7.12173],[80.70545,7.12257],[80.706,7.12319],[80.70669,7.12358],[80.70735,7.12409],[80.70804,7.12453],[80.70875,7.12488],[80.70946,7.12531],[80.7101,7.12577],[80.71056,7.12647],[80.71066,7.12726],[80.7107,7.12834],[80.71059,7.12894],[80.71126,7.1296],[80.7118,7.13023],[80.71274,7.13157],[80.7133,7.13221],[80.71381,7.13295],[80.71459,7.13438],[80.7151,7.13506],[80.71569,7.13563],[80.71639,7.13599],[80.71715,7.13628],[80.71781,7.13674],[80.71841,7.13726],[80.71966,7.1382],[80.72044,7.13836],[80.72115,7.13913],[80.72143,7.13997],[80.72163,7.14175],[80.72212,7.14359],[80.7225,7.14542],[80.72342,7.148],[80.72356,7.1489],[80.72376,7.14977],[80.72412,7.15064],[80.7251,7.15211],[80.72575,7.15275],[80.72695,7.15432],[80.72759,7.15507],[80.72829,7.1557],[80.7288,7.15638],[80.72914,7.15722],[80.72942,7.15807],[80.72995,7.15875],[80.73137,7.15977],[80.73213,7.16018],[80.73392,7.16081],[80.73475,7.16104],[80.73563,7.16112],[80.73733,7.16172],[80.73824,7.16182],[80.73913,7.16179],[80.73979,7.1625],[80.74029,7.1634],[80.74077,7.16411],[80.74097,7.16496],[80.74095,7.1659],[80.74113,7.16678],[80.74176,7.16745],[80.7425,7.16787],[80.7429,7.16864],[80.74335,7.16968],[80.74385,7.17041],[80.74445,7.17105],[80.74516,7.17165],[80.74581,7.17229],[80.74632,7.17299],[80.74684,7.17383],[80.74743,7.17446],[80.74934,7.17634],[80.75005,7.17697],[80.75088,7.17761],[80.75162,7.17805],[80.75237,7.17864],[80.75452,7.18152],[80.75568,7.18329],[80.75641,7.18408],[80.7578,7.18524],[80.7599,7.18689],[80.7607,7.1877],[80.76107,7.18852],[80.76134,7.18941],[80.76193,7.19012],[80.76261,7.19069],[80.76429,7.19133],[80.76485,7.19198],[80.76538,7.19281],[80.76566,7.19372],[80.76587,7.19463],[80.7662,7.19542],[80.76711,7.19573],[80.76807,7.19593],[80.76893,7.19635],[80.76966,7.19694],[80.7703,7.19759],[80.77087,7.19834],[80.77113,7.19915],[80.77118,7.20006],[80.77071,7.20083],[80.77004,7.20138],[80.76954,7.20214],[80.76936,7.20299],[80.76937,7.20397],[80.76917,7.20485],[80.7688,7.20568],[80.76823,7.20651],[80.76794,7.20739],[80.76791,7.20828],[80.7682,7.21003],[80.76823,7.21095],[80.76778,7.21184],[80.76667,7.21347],[80.76633,7.21425],[80.76621,7.21517],[80.76666,7.21595],[80.76746,7.21629],[80.76832,7.21647],[80.76892,7.21725],[80.76896,7.21818],[80.76846,7.2189],[80.76838,7.2199],[80.76855,7.22095],[80.76896,7.22188],[80.7694,7.2226],[80.76916,7.22346],[80.76839,7.22381],[80.7675,7.22387],[80.76659,7.22403],[80.76572,7.22453],[80.76506,7.22513],[80.76454,7.22685],[80.76478,7.22771],[80.76525,7.22843],[80.76562,7.2292],[80.76579,7.23011],[80.76532,7.23091],[80.7646,7.23156],[80.76438,7.23249],[80.76447,7.23333],[80.76487,7.23412],[80.76552,7.23471],[80.76625,7.23529],[80.76682,7.23597],[80.76668,7.23681],[80.76595,7.23732],[80.76509,7.23766],[80.7643,7.23805],[80.76243,7.23853],[80.76163,7.23888],[80.76085,7.23941],[80.76031,7.24012],[80.76008,7.24098],[80.75976,7.24184],[80.75925,7.24256],[80.75795,7.24377],[80.75718,7.24634],[80.75654,7.2472],[80.75517,7.24843],[80.75454,7.24906],[80.75401,7.24973],[80.75298,7.25118],[80.75285,7.2517],[80.75371,7.25187],[80.75455,7.2523],[80.75524,7.25287],[80.75579,7.25361],[80.75589,7.25449],[80.7558,7.25538],[80.7556,7.25643],[80.75455,7.25994],[80.75415,7.26077],[80.7532,7.26226],[80.75249,7.26391],[80.752,7.26481],[80.75171,7.26565],[80.75156,7.26652],[80.75092,7.26825],[80.75043,7.26997],[80.75034,7.27081],[80.75054,7.27171],[80.75079,7.27254],[80.75141,7.27323],[80.75217,7.2736],[80.7531,7.27376],[80.75394,7.27381],[80.75455,7.27393],[80.75508,7.27331],[80.75575,7.27274],[80.75708,7.27146],[80.7586,7.27045],[80.76007,7.26919],[80.76078,7.2685],[80.76138,7.26782],[80.76254,7.26628],[80.76436,7.26372],[80.76494,7.26297],[80.76559,7.26222],[80.76695,7.26089],[80.76761,7.26016],[80.76914,7.25904],[80.76989,7.25841],[80.77203,7.25636],[80.77379,7.25418],[80.77503,7.25277],[80.77561,7.25204],[80.77676,7.25045],[80.77796,7.249],[80.77866,7.24846],[80.77957,7.24803],[80.78048,7.24796],[80.78146,7.24815],[80.78237,7.248],[80.78323,7.24754],[80.78375,7.24686],[80.78399,7.2459],[80.78417,7.24488],[80.78461,7.24299],[80.78537,7.24119],[80.78597,7.24041],[80.78731,7.23888],[80.78896,7.23686],[80.7897,7.23632],[80.79062,7.2359],[80.79198,7.23515],[80.79264,7.23475],[80.79404,7.23361],[80.7947,7.23288],[80.79514,7.23218],[80.79568,7.23053],[80.79655,7.22895],[80.79816,7.22818],[80.79976,7.22793],[80.80101,7.2271],[80.8017,7.22638],[80.80214,7.22567],[80.80244,7.22486],[80.80268,7.22409],[80.80278,7.22311],[80.80284,7.22232],[80.80278,7.22145],[80.80201,7.22043],[80.80069,7.21861],[80.8012,7.21714],[80.80171,7.21632],[80.80209,7.2155],[80.80247,7.2146],[80.80282,7.2128],[80.80287,7.21175],[80.80277,7.21077],[80.80269,7.21015],[80.80264,7.20954],[80.8024,7.20826],[80.80212,7.20612],[80.80229,7.20511],[80.8027,7.20427],[80.80318,7.20376],[80.80396,7.20295],[80.80458,7.20248],[80.80548,7.20182],[80.80651,7.20119],[80.8082,7.2004],[80.80909,7.19983],[80.80998,7.19919],[80.81075,7.19873],[80.81157,7.19845],[80.81249,7.19845],[80.81348,7.19847],[80.81431,7.19855],[80.81516,7.19849],[80.81599,7.19828],[80.81754,7.19724],[80.81832,7.19685],[80.81897,7.19627],[80.81983,7.19573],[80.82063,7.19531],[80.82152,7.19501],[80.8223,7.19467],[80.82315,7.1944],[80.82408,7.19441],[80.82509,7.19452],[80.82769,7.195],[80.82865,7.19505],[80.82952,7.195],[80.83041,7.19504],[80.83327,7.1949],[80.83421,7.19478],[80.83512,7.19476],[80.83691,7.19448],[80.83784,7.19444],[80.83881,7.19422],[80.84066,7.19367],[80.84156,7.19351],[80.84252,7.19318],[80.84339,7.19279],[80.8459,7.192],[80.84651,7.19174],[80.84769,7.19117],[80.84856,7.19083],[80.84949,7.19051],[80.8504,7.19027],[80.85139,7.19021],[80.85225,7.19025],[80.85558,7.19174],[80.85723,7.19258],[80.85795,7.19318],[80.85867,7.19369],[80.85931,7.1938],[80.86046,7.19413],[80.86134,7.19429],[80.86225,7.19405],[80.86307,7.19365],[80.86469,7.19272],[80.86568,7.19242],[80.86751,7.19205],[80.86846,7.19239],[80.86936,7.19283],[80.87033,7.19338],[80.87124,7.19379],[80.8722,7.19402],[80.87305,7.19432],[80.87396,7.19454],[80.87486,7.19492],[80.87669,7.19506],[80.8777,7.19494],[80.87862,7.19473],[80.88043,7.19453],[80.88121,7.19417],[80.88172,7.19349],[80.88197,7.19261],[80.88181,7.19174],[80.88153,7.19083],[80.88072,7.18926],[80.88038,7.18834],[80.88019,7.18655],[80.88038,7.18562],[80.88069,7.18477],[80.88094,7.18393],[80.88129,7.18307],[80.8818,7.18233],[80.88237,7.18168],[80.88314,7.18113],[80.88394,7.18083],[80.88486,7.18077],[80.88576,7.18078],[80.8867,7.1812],[80.88744,7.18183],[80.88806,7.18247],[80.88976,7.185],[80.89049,7.18577],[80.8913,7.18643],[80.89195,7.18708],[80.89251,7.18774],[80.89284,7.18855],[80.89314,7.18945],[80.89356,7.19032],[80.89388,7.19121],[80.89449,7.19318],[80.89483,7.19407],[80.89526,7.19508],[80.89577,7.19613],[80.89641,7.19713],[80.89701,7.198],[80.8976,7.19864],[80.89849,7.19894],[80.89934,7.19915],[80.90025,7.19932],[80.90215,7.19937],[80.90309,7.19946],[80.90482,7.19888],[80.90755,7.19915],[80.91044,7.20002],[80.91119,7.20048],[80.912,7.2008],[80.91367,7.20138],[80.91454,7.20176],[80.91644,7.20226],[80.91727,7.20243],[80.91913,7.20221],[80.92006,7.20202],[80.92117,7.20185],[80.92169,7.20147],[80.92245,7.20108],[80.92325,7.2008],[80.92602,7.20001],[80.92773,7.19962],[80.92864,7.19957],[80.92972,7.1998],[80.93149,7.2],[80.93255,7.20021],[80.93633,7.20138],[80.93734,7.20161],[80.9382,7.20177],[80.93912,7.20187],[80.94089,7.20192],[80.94174,7.20202],[80.94265,7.20198],[80.94353,7.2017],[80.94443,7.20133],[80.94531,7.20114],[80.94616,7.20071],[80.94581,7.20037],[80.94794,7.2001],[80.94964,7.19974],[80.95059,7.19969],[80.95229,7.19991],[80.95404,7.19972],[80.95499,7.19954],[80.9559,7.19923],[80.95731,7.19829],[80.9598,7.19688],[80.96064,7.19648],[80.96229,7.19592],[80.96319,7.19591],[80.96403,7.19628],[80.96674,7.19715],[80.96761,7.19737],[80.96848,7.19747],[80.96938,7.19695],[80.97021,7.19664],[80.97105,7.19645],[80.972,7.19631],[80.97294,7.19626],[80.97363,7.19683],[80.97399,7.19764],[80.97419,7.1985],[80.97417,7.19936],[80.97436,7.20023],[80.97495,7.20107],[80.97597,7.20159],[80.97666,7.20212],[80.97782,7.20338],[80.97863,7.20498],[80.97896,7.20577],[80.98003,7.2074],[80.98136,7.21068],[80.98185,7.21149],[80.98251,7.2121],[80.98328,7.21263],[80.98418,7.213],[80.98504,7.21322],[80.98597,7.21361],[80.98683,7.2139],[80.98866,7.21429],[80.98953,7.21433],[80.99052,7.21423],[80.99153,7.21405],[80.99517,7.21365],[80.99603,7.2134],[80.99696,7.2133],[80.99978,7.21333],[81.00074,7.21343],[81.00301,7.21414],[81.00413,7.21446],[81.00578,7.21505],[81.00658,7.21542],[81.00816,7.21647],[81.00876,7.2172],[81.00924,7.21792],[81.00955,7.21872],[81.00984,7.21966],[81.01062,7.22129],[81.01113,7.22215],[81.01176,7.22299],[81.01271,7.22448],[81.01351,7.2262],[81.01399,7.22693],[81.01426,7.22786],[81.01545,7.22956],[81.01598,7.23042],[81.01628,7.23126],[81.01631,7.23217],[81.01653,7.2334],[81.01515,7.23697],[81.01359,7.2394],[81.01311,7.2405],[81.01288,7.24133],[81.01303,7.24217],[81.0131,7.2431],[81.01306,7.24396],[81.01317,7.24489],[81.01318,7.24582],[81.01313,7.2467],[81.01272,7.24846],[81.01219,7.25028],[81.01197,7.25217],[81.01159,7.25403],[81.01133,7.25497],[81.01074,7.25669],[81.01004,7.2585],[81.00994,7.2594],[81.00957,7.26123],[81.00935,7.26204],[81.00803,7.26458],[81.00699,7.26624],[81.00653,7.26708],[81.00575,7.26896],[81.00549,7.27006],[81.00487,7.27207],[81.00455,7.27381],[81.00328,7.27863],[81.00308,7.27956],[81.00278,7.28151],[81.00238,7.2834],[81.00191,7.28699],[81.00099,7.29071],[81.00043,7.29263],[81.0002,7.29359],[80.99988,7.29448],[80.99913,7.29613],[80.99882,7.29698],[80.99838,7.29791],[80.9979,7.29862],[80.99724,7.29943],[80.99585,7.30093],[80.99538,7.30171],[80.99455,7.30334],[80.99423,7.30413],[80.99394,7.30501],[80.99324,7.30665],[80.99268,7.30844],[80.99221,7.31018],[80.99145,7.31198],[80.99116,7.31289],[80.99096,7.31381],[80.99061,7.31468],[80.98969,7.31651],[80.98908,7.31819],[80.98876,7.31913],[80.9883,7.32097],[80.98774,7.32266],[80.98725,7.32458],[80.9872,7.3255],[80.98745,7.32802],[80.98763,7.32836],[80.98781,7.32941],[80.98789,7.33046],[80.98781,7.33153],[80.98686,7.33473],[80.98648,7.33569],[80.98604,7.33792],[80.98534,7.33895],[80.98492,7.33992],[80.98427,7.34208],[80.98396,7.34332],[80.98333,7.34544],[80.98203,7.34848],[80.98125,7.35051],[80.97986,7.35373],[80.97943,7.3547],[80.97843,7.35669],[80.97708,7.35971],[80.97679,7.36071],[80.97627,7.36293],[80.97572,7.36639],[80.97546,7.36852],[80.97547,7.36965],[80.97561,7.37083],[80.97596,7.37184],[80.97639,7.37291],[80.97692,7.37399],[80.97753,7.37492],[80.97891,7.37669],[80.97932,7.37764],[80.97973,7.37875],[80.98017,7.38087],[80.98078,7.38303],[80.9815,7.38633],[80.98228,7.38949],[80.98265,7.39166],[80.98274,7.39269],[80.98272,7.39373],[80.98261,7.39478],[80.98225,7.39575],[80.98174,7.39672],[80.98086,7.39883],[80.97981,7.40104],[80.9791,7.40316],[80.97857,7.40418],[80.97787,7.40512],[80.97589,7.40613],[80.97384,7.40739],[80.97288,7.40782],[80.9719,7.4084],[80.97098,7.40913],[80.97013,7.41006],[80.96976,7.41107],[80.96958,7.41209],[80.96946,7.41329],[80.96944,7.41446],[80.96947,7.41563],[80.96983,7.41779],[80.9705,7.42001],[80.97101,7.42105],[80.97155,7.42198],[80.97215,7.42283],[80.97392,7.4241],[80.97466,7.42486],[80.97506,7.42584],[80.97522,7.42697],[80.97518,7.4281],[80.9745,7.43248],[80.97437,7.43353],[80.97417,7.43684],[80.97416,7.43903],[80.97455,7.44576],[80.97455,7.44804],[80.97444,7.45044],[80.97391,7.45497],[80.97296,7.45914],[80.97282,7.46021],[80.97269,7.46248],[80.97273,7.46362],[80.97285,7.4647],[80.97377,7.4714],[80.97419,7.47583],[80.97459,7.47904],[80.97508,7.48234],[80.97516,7.48353],[80.97513,7.48659],[80.97421,7.48836]]]}},{"type":"Feature","properties":{"slug":"matale","name":"Matale","district_id":5,"iso":"LK-22"},"geometry":{"type":"Polygon","coordinates":[[[80.98913,7.72169],[80.98844,7.72144],[80.98684,7.72088],[80.98525,7.72024],[80.98406,7.71922],[80.98322,7.71794],[80.98178,7.71684],[80.98026,7.7161],[80.97858,7.71614],[80.97687,7.71674],[80.97538,7.71713],[80.97378,7.71727],[80.97201,7.71722],[80.97042,7.71676],[80.96901,7.716],[80.96751,7.71616],[80.96598,7.71649],[80.96436,7.71662],[80.96273,7.71609],[80.96123,7.71545],[80.95975,7.71489],[80.95816,7.71463],[80.95663,7.71485],[80.95515,7.71482],[80.95341,7.71442],[80.95191,7.71368],[80.95027,7.7131],[80.94875,7.71277],[80.9457,7.71337],[80.94407,7.71338],[80.94258,7.71363],[80.94111,7.7132],[80.94006,7.7121],[80.93911,7.71076],[80.93769,7.71011],[80.93424,7.70982],[80.93266,7.70903],[80.93105,7.70897],[80.92938,7.70878],[80.92786,7.70828],[80.92641,7.70862],[80.92503,7.70957],[80.92363,7.70894],[80.92199,7.7083],[80.92049,7.70891],[80.9192,7.70968],[80.91801,7.71068],[80.91678,7.71189],[80.91521,7.71232],[80.91374,7.71207],[80.91196,7.71252],[80.91075,7.71352],[80.90958,7.71457],[80.90808,7.71535],[80.90651,7.71587],[80.90482,7.71602],[80.90328,7.71585],[80.90172,7.71574],[80.89996,7.71548],[80.89828,7.71557],[80.89674,7.71572],[80.89508,7.71566],[80.89347,7.7152],[80.89185,7.71481],[80.8901,7.71447],[80.88842,7.71437],[80.88683,7.71443],[80.88534,7.71492],[80.88359,7.71511],[80.88357,7.71197],[80.88326,7.7102],[80.88267,7.7087],[80.88222,7.70726],[80.88214,7.7057],[80.88232,7.70417],[80.88228,7.70264],[80.88212,7.70108],[80.88208,7.69953],[80.88195,7.69795],[80.88153,7.69625],[80.88082,7.6949],[80.87944,7.69199],[80.87875,7.68882],[80.87822,7.68585],[80.87805,7.68421],[80.87775,7.68246],[80.87772,7.68096],[80.87694,7.67967],[80.87474,7.68178],[80.87233,7.68371],[80.87137,7.68494],[80.8709,7.6867],[80.87096,7.68818],[80.87028,7.6895],[80.86875,7.68967],[80.86726,7.68971],[80.86552,7.68935],[80.86375,7.6888],[80.86249,7.68803],[80.86088,7.68779],[80.85825,7.6895],[80.85677,7.68988],[80.85551,7.69093],[80.85483,7.6924],[80.85343,7.69299],[80.85265,7.69465],[80.85385,7.69557],[80.85491,7.69689],[80.85468,7.69847],[80.85418,7.69995],[80.85307,7.70108],[80.8518,7.70023],[80.85068,7.69917],[80.84907,7.6988],[80.84837,7.69744],[80.84718,7.69615],[80.84702,7.6946],[80.84639,7.69318],[80.84495,7.69245],[80.84342,7.69223],[80.8419,7.69229],[80.84116,7.69093],[80.84062,7.68944],[80.84028,7.68772],[80.84051,7.68612],[80.83998,7.68465],[80.83888,7.68361],[80.83813,7.68228],[80.83688,7.68128],[80.83534,7.68174],[80.83418,7.68081],[80.83284,7.68002],[80.83119,7.6801],[80.82961,7.68032],[80.82802,7.68005],[80.82678,7.6791],[80.82533,7.67871],[80.82389,7.67905],[80.82087,7.67985],[80.81892,7.67737],[80.81776,7.67636],[80.81651,7.67556],[80.81328,7.67422],[80.81198,7.6733],[80.81072,7.6723],[80.80928,7.67172],[80.80804,7.67264],[80.80735,7.674],[80.80688,7.67542],[80.80649,7.67694],[80.80592,7.67836],[80.80479,7.67963],[80.80326,7.67967],[80.8002,7.6799],[80.7983,7.67999],[80.79474,7.68001],[80.79127,7.67981],[80.78446,7.67963],[80.78291,7.67928],[80.78169,7.67836],[80.7803,7.67749],[80.77882,7.67794],[80.77788,7.67931],[80.77685,7.68056],[80.77381,7.684],[80.77226,7.6843],[80.77077,7.68381],[80.77017,7.68539],[80.7691,7.68846],[80.76854,7.68987],[80.76785,7.69133],[80.76668,7.69243],[80.76539,7.69317],[80.7637,7.69378],[80.76209,7.69452],[80.76105,7.69562],[80.76257,7.69598],[80.76411,7.69554],[80.76563,7.69518],[80.76686,7.6942],[80.7679,7.69288],[80.76853,7.69149],[80.76984,7.69049],[80.77122,7.69128],[80.77234,7.69255],[80.773,7.69403],[80.77337,7.69571],[80.77391,7.69715],[80.77432,7.69857],[80.77448,7.70016],[80.77449,7.70193],[80.77438,7.70355],[80.77419,7.70531],[80.77376,7.70839],[80.77286,7.70964],[80.77188,7.7108],[80.77125,7.71226],[80.77037,7.71368],[80.76968,7.715],[80.76908,7.71677],[80.76836,7.71974],[80.76772,7.72144],[80.76634,7.72438],[80.76579,7.72612],[80.76444,7.73079],[80.76382,7.734],[80.76363,7.73548],[80.76347,7.7372],[80.76296,7.74029],[80.7629,7.74196],[80.76299,7.74361],[80.76318,7.74532],[80.76315,7.74691],[80.76301,7.74848],[80.76281,7.75005],[80.76304,7.75156],[80.76337,7.7531],[80.76338,7.75631],[80.76348,7.75829],[80.76373,7.76141],[80.76381,7.76321],[80.76384,7.76789],[80.76379,7.77106],[80.76403,7.77406],[80.76384,7.77588],[80.7636,7.7774],[80.76381,7.77894],[80.76491,7.78055],[80.76551,7.78215],[80.76576,7.7838],[80.76587,7.78531],[80.76588,7.78682],[80.76563,7.78828],[80.76457,7.78959],[80.76312,7.79025],[80.76164,7.79069],[80.76118,7.79218],[80.76197,7.79347],[80.76298,7.79467],[80.76406,7.79613],[80.7647,7.7979],[80.76599,7.79876],[80.76682,7.80009],[80.76743,7.80148],[80.7688,7.80228],[80.77034,7.80226],[80.77345,7.80199],[80.77496,7.80205],[80.77643,7.80218],[80.77788,7.80285],[80.77923,7.80388],[80.78009,7.80537],[80.78164,7.80564],[80.78308,7.80487],[80.78445,7.80407],[80.78499,7.80259],[80.78463,7.80116],[80.78567,7.80006],[80.78719,7.80063],[80.78863,7.8014],[80.79134,7.80296],[80.79272,7.80353],[80.79439,7.80397],[80.79561,7.80486],[80.79583,7.80652],[80.79543,7.80953],[80.79508,7.81098],[80.79477,7.81263],[80.79431,7.81418],[80.79398,7.81583],[80.79346,7.81726],[80.79404,7.81867],[80.79705,7.81877],[80.79836,7.81948],[80.79964,7.82042],[80.80113,7.82091],[80.80236,7.82195],[80.80305,7.82333],[80.8033,7.82507],[80.80338,7.82661],[80.8041,7.82797],[80.80495,7.8293],[80.80544,7.83073],[80.80576,7.83242],[80.80558,7.83405],[80.80629,7.84034],[80.80659,7.84195],[80.80714,7.84388],[80.80737,7.84486],[80.80784,7.84769],[80.80848,7.84947],[80.80912,7.85022],[80.81064,7.85116],[80.81104,7.85195],[80.81131,7.85539],[80.81133,7.85632],[80.81128,7.85737],[80.81117,7.85829],[80.81095,7.8592],[80.81061,7.86018],[80.80985,7.86179],[80.80992,7.86265],[80.81056,7.86322],[80.81106,7.86403],[80.81129,7.86492],[80.81129,7.86583],[80.81183,7.86893],[80.81187,7.87004],[80.81184,7.87094],[80.81172,7.87197],[80.81169,7.87297],[80.81189,7.87568],[80.81207,7.87664],[80.81309,7.87954],[80.81332,7.88034],[80.81348,7.88129],[80.81353,7.88309],[80.8134,7.88594],[80.8134,7.88686],[80.8136,7.88772],[80.81487,7.89153],[80.81554,7.89378],[80.81612,7.89693],[80.81694,7.89956],[80.81733,7.9006],[80.81836,7.90405],[80.81854,7.90493],[80.81883,7.90712],[80.81911,7.90797],[80.81941,7.90921],[80.81994,7.91312],[80.82001,7.91398],[80.82002,7.915],[80.82001,7.9158],[80.8198,7.9179],[80.81926,7.92171],[80.81923,7.9227],[80.81935,7.92362],[80.81964,7.92447],[80.82002,7.9254],[80.82127,7.92799],[80.8217,7.92879],[80.82365,7.93132],[80.8249,7.93263],[80.82656,7.93483],[80.82776,7.93675],[80.82928,7.939],[80.82976,7.93991],[80.83019,7.94087],[80.83159,7.94439],[80.83186,7.94542],[80.83216,7.94912],[80.8322,7.95091],[80.83241,7.95187],[80.83344,7.95354],[80.83404,7.95424],[80.83473,7.95486],[80.83608,7.95626],[80.83775,7.95731],[80.83845,7.95771],[80.83932,7.95811],[80.84022,7.95838],[80.84118,7.95851],[80.84203,7.95872],[80.84392,7.95936],[80.84651,7.96053],[80.84747,7.96092],[80.84848,7.96117],[80.8502,7.96139],[80.85133,7.96145],[80.85222,7.96156],[80.853,7.96194],[80.85334,7.96271],[80.85311,7.96356],[80.85257,7.96424],[80.85112,7.96514],[80.84875,7.96671],[80.84808,7.96727],[80.84429,7.96993],[80.84335,7.9704],[80.84161,7.97147],[80.84004,7.9722],[80.83918,7.97237],[80.83718,7.97235],[80.83628,7.97218],[80.8354,7.97209],[80.83453,7.97207],[80.83357,7.97199],[80.8326,7.97178],[80.83075,7.97156],[80.8299,7.97132],[80.82908,7.97099],[80.82812,7.97095],[80.82721,7.97096],[80.82641,7.97103],[80.82559,7.97132],[80.82487,7.9718],[80.82423,7.97234],[80.82362,7.97297],[80.82279,7.97466],[80.82246,7.97545],[80.82202,7.97624],[80.82058,7.97749],[80.82046,7.97835],[80.82067,7.97921],[80.82073,7.98003],[80.82049,7.9809],[80.81988,7.98155],[80.81911,7.9819],[80.81824,7.9822],[80.8174,7.98258],[80.81559,7.98327],[80.8148,7.9835],[80.81396,7.98347],[80.81319,7.98323],[80.81239,7.98261],[80.81169,7.98171],[80.81107,7.9812],[80.81031,7.98089],[80.8093,7.98071],[80.80752,7.98051],[80.80663,7.98035],[80.80481,7.9792],[80.80388,7.97876],[80.80128,7.97797],[80.80051,7.97767],[80.79969,7.9771],[80.79907,7.97657],[80.79861,7.97589],[80.79849,7.97504],[80.79852,7.97415],[80.79875,7.97333],[80.79919,7.97226],[80.79948,7.97138],[80.79967,7.97054],[80.79987,7.9688],[80.79983,7.96488],[80.79978,7.96395],[80.79965,7.96294],[80.7994,7.96203],[80.79913,7.96124],[80.79854,7.96063],[80.79767,7.96052],[80.79674,7.96074],[80.7951,7.96129],[80.79325,7.96172],[80.78863,7.96213],[80.78787,7.96247],[80.7872,7.96304],[80.78598,7.96428],[80.78529,7.96486],[80.78341,7.96558],[80.78235,7.96616],[80.78149,7.96672],[80.78048,7.96713],[80.77968,7.96736],[80.77888,7.96751],[80.77842,7.96824],[80.77849,7.96994],[80.77843,7.97079],[80.77779,7.97369],[80.77762,7.97464],[80.77754,7.97548],[80.77753,7.97811],[80.77762,7.98068],[80.77766,7.98172],[80.77783,7.98278],[80.77813,7.98375],[80.77889,7.98541],[80.77913,7.98639],[80.77924,7.98726],[80.77922,7.98809],[80.77891,7.98991],[80.77887,7.99081],[80.77904,7.99162],[80.77941,7.99245],[80.77969,7.99324],[80.77984,7.99407],[80.77949,7.99482],[80.77893,7.99553],[80.7783,7.99612],[80.77692,7.99719],[80.77537,7.99807],[80.77437,7.99854],[80.77358,7.99841],[80.77342,7.9975],[80.7734,7.99663],[80.77314,7.99585],[80.77232,7.9956],[80.77203,7.99635],[80.77184,7.99909],[80.77164,7.99986],[80.77112,8.0005],[80.76945,8.00108],[80.76861,8.00148],[80.76687,8.00254],[80.76534,8.00342],[80.76455,8.00383],[80.76325,8.00475],[80.76198,8.00579],[80.76048,8.00676],[80.75979,8.00735],[80.75867,8.00874],[80.75746,8.01037],[80.75703,8.01107],[80.75611,8.01235],[80.75468,8.01219],[80.75303,8.01216],[80.7512,8.01164],[80.75043,8.0113],[80.74965,8.01081],[80.74897,8.01026],[80.74831,8.00958],[80.74684,8.00823],[80.74543,8.007],[80.74467,8.0064],[80.74391,8.00605],[80.74104,8.00609],[80.74005,8.00597],[80.73908,8.00561],[80.73825,8.00538],[80.73514,8.00351],[80.73423,8.00314],[80.73335,8.003],[80.73058,8.00297],[80.72975,8.00288],[80.72883,8.00271],[80.72788,8.00248],[80.7262,8.00201],[80.72537,8.00159],[80.72409,8.00058],[80.7226,7.99951],[80.72178,7.99929],[80.72087,7.99913],[80.71986,7.9991],[80.71905,7.99901],[80.71907,7.99732],[80.71778,7.99623],[80.71706,7.99575],[80.71666,7.99524],[80.71626,7.99438],[80.71546,7.9931],[80.71498,7.99265],[80.71437,7.99225],[80.71375,7.99186],[80.71301,7.99153],[80.71229,7.99128],[80.71159,7.99111],[80.71023,7.99085],[80.70935,7.99091],[80.70856,7.99118],[80.70793,7.99144],[80.70722,7.99182],[80.70656,7.99209],[80.70588,7.99182],[80.70446,7.98996],[80.70338,7.98812],[80.70066,7.98422],[80.69958,7.98278],[80.69767,7.98003],[80.6961,7.97795],[80.69424,7.97457],[80.69286,7.97255],[80.69135,7.97063],[80.68963,7.968],[80.68809,7.96496],[80.68732,7.96361],[80.68413,7.95875],[80.68287,7.95713],[80.68231,7.95669],[80.68157,7.95668],[80.6809,7.95694],[80.68019,7.9573],[80.67866,7.95828],[80.67741,7.95914],[80.67435,7.9606],[80.67289,7.96145],[80.67081,7.96252],[80.66935,7.96318],[80.66855,7.96344],[80.66779,7.9635],[80.66707,7.96327],[80.66531,7.96222],[80.6634,7.96124],[80.66277,7.96097],[80.66209,7.96074],[80.66041,7.9606],[80.6597,7.96044],[80.65871,7.96009],[80.65851,7.95932],[80.65822,7.95869],[80.65803,7.95667],[80.65765,7.95409],[80.65753,7.95185],[80.65738,7.95108],[80.65686,7.94977],[80.65648,7.94834],[80.65578,7.9479],[80.65509,7.94802],[80.65439,7.94829],[80.65357,7.94791],[80.65305,7.94729],[80.65293,7.94665],[80.65302,7.94599],[80.65324,7.94504],[80.65374,7.94347],[80.65388,7.94282],[80.654,7.94188],[80.65412,7.93917],[80.6541,7.93528],[80.65405,7.93358],[80.65441,7.93135],[80.65476,7.92994],[80.65487,7.92924],[80.65504,7.92766],[80.65511,7.92601],[80.65521,7.92507],[80.65522,7.92439],[80.65501,7.92097],[80.65492,7.92028],[80.65466,7.91941],[80.65455,7.91865],[80.65448,7.91779],[80.65448,7.91676],[80.65434,7.9159],[80.65409,7.91524],[80.65365,7.9147],[80.6515,7.91339],[80.65076,7.91301],[80.65008,7.9127],[80.64778,7.91208],[80.64643,7.91161],[80.64446,7.9107],[80.64259,7.90961],[80.64125,7.90865],[80.6395,7.90729],[80.63755,7.90596],[80.6369,7.9054],[80.63593,7.90432],[80.63397,7.9019],[80.63299,7.9009],[80.63244,7.90015],[80.63251,7.89907],[80.63284,7.89767],[80.63308,7.89706],[80.63339,7.89645],[80.63434,7.89526],[80.63457,7.89455],[80.63522,7.89416],[80.636,7.89418],[80.63739,7.89439],[80.6379,7.89388],[80.63777,7.89237],[80.63777,7.89162],[80.63818,7.89108],[80.63893,7.89071],[80.63925,7.89002],[80.63922,7.88937],[80.63898,7.88852],[80.63823,7.88732],[80.63774,7.88684],[80.63699,7.88644],[80.63622,7.88639],[80.63552,7.88668],[80.63486,7.88653],[80.6337,7.88578],[80.6328,7.88554],[80.6321,7.88565],[80.63141,7.88582],[80.63062,7.88593],[80.62991,7.88583],[80.62933,7.88554],[80.62826,7.88468],[80.62704,7.88383],[80.62638,7.88359],[80.6234,7.8831],[80.62288,7.88261],[80.62261,7.88192],[80.62224,7.88026],[80.62205,7.87873],[80.62209,7.87808],[80.62248,7.87671],[80.62258,7.87597],[80.62257,7.87518],[80.62246,7.87454],[80.62228,7.87387],[80.62243,7.87241],[80.62268,7.87173],[80.62309,7.87119],[80.62335,7.87056],[80.62335,7.86987],[80.62324,7.86911],[80.62277,7.86857],[80.62205,7.86834],[80.6214,7.8683],[80.61991,7.86841],[80.61927,7.86836],[80.61742,7.86868],[80.61592,7.86857],[80.6152,7.86815],[80.61468,7.86755],[80.61281,7.86506],[80.61224,7.86451],[80.6115,7.86408],[80.61082,7.86395],[80.61009,7.864],[80.60947,7.86374],[80.609,7.86314],[80.60859,7.86248],[80.60837,7.8618],[80.60801,7.86123],[80.60744,7.86058],[80.60662,7.86005],[80.6053,7.85941],[80.60452,7.8591],[80.60391,7.85869],[80.60248,7.85755],[80.60135,7.85622],[80.60072,7.85583],[80.59982,7.85576],[80.599,7.85578],[80.59695,7.85611],[80.59541,7.85653],[80.59356,7.85763],[80.59305,7.85811],[80.59283,7.85871],[80.59267,7.85937],[80.59232,7.86],[80.59212,7.86063],[80.59204,7.86225],[80.5921,7.86395],[80.59195,7.8648],[80.59162,7.86555],[80.59129,7.86616],[80.59076,7.86681],[80.59022,7.86719],[80.58957,7.86731],[80.58676,7.86655],[80.5861,7.86652],[80.58517,7.86679],[80.58456,7.86713],[80.58387,7.86776],[80.58309,7.86804],[80.58222,7.86799],[80.58132,7.86789],[80.58062,7.86769],[80.57966,7.86754],[80.57886,7.8676],[80.57823,7.86793],[80.57673,7.86851],[80.57595,7.86836],[80.57452,7.8677],[80.5739,7.86725],[80.57343,7.86675],[80.57304,7.86609],[80.57256,7.86537],[80.57108,7.86357],[80.57037,7.86245],[80.57,7.8617],[80.56974,7.86095],[80.56938,7.85932],[80.56941,7.8563],[80.56931,7.85564],[80.56911,7.85499],[80.56875,7.85432],[80.56788,7.85309],[80.56749,7.85246],[80.56612,7.85085],[80.56576,7.8502],[80.56553,7.84951],[80.56522,7.84892],[80.56455,7.84865],[80.5638,7.84856],[80.56311,7.84842],[80.56175,7.84793],[80.56093,7.8478],[80.56023,7.8475],[80.55893,7.84663],[80.55771,7.84575],[80.55603,7.84419],[80.55549,7.84377],[80.55474,7.84334],[80.55319,7.84272],[80.55169,7.84236],[80.55102,7.84229],[80.55035,7.84213],[80.54969,7.84177],[80.54855,7.84092],[80.54799,7.84056],[80.54728,7.84021],[80.54672,7.83979],[80.54448,7.83919],[80.54269,7.83805],[80.54087,7.83696],[80.53696,7.83478],[80.53525,7.83355],[80.5334,7.8326],[80.52989,7.83035],[80.52811,7.82927],[80.52636,7.82812],[80.52442,7.82732],[80.52238,7.8269],[80.52027,7.82704],[80.51828,7.82776],[80.51622,7.82774],[80.51412,7.82752],[80.51197,7.82742],[80.50991,7.82793],[80.50783,7.82823],[80.50577,7.82795],[80.5039,7.82695],[80.50181,7.82694],[80.49993,7.82606],[80.50018,7.82401],[80.50088,7.82206],[80.50109,7.81994],[80.50052,7.81795],[80.49977,7.81636],[80.50022,7.81364],[80.4987,7.81183],[80.49704,7.81082],[80.49669,7.81029],[80.49654,7.80925],[80.49668,7.80813],[80.49689,7.80588],[80.49793,7.80172],[80.49849,7.78917],[80.49888,7.78334],[80.49914,7.78261],[80.49955,7.78231],[80.50015,7.78222],[80.50074,7.78198],[80.50145,7.78158],[80.50217,7.78114],[80.50279,7.78045],[80.50321,7.77967],[80.50347,7.77875],[80.50356,7.77577],[80.50338,7.77478],[80.50355,7.7744],[80.50555,7.77429],[80.50685,7.77423],[80.51122,7.77493],[80.51675,7.77482],[80.51821,7.77429],[80.51967,7.77244],[80.51987,7.77066],[80.52049,7.76462],[80.52103,7.76082],[80.52235,7.75847],[80.52478,7.75601],[80.52567,7.75448],[80.52694,7.75005],[80.52894,7.74684],[80.5295,7.74444],[80.53121,7.74373],[80.53236,7.74364],[80.53388,7.74358],[80.53423,7.74333],[80.53486,7.74239],[80.53652,7.74053],[80.53726,7.73895],[80.53783,7.73677],[80.53791,7.73221],[80.53832,7.72774],[80.53829,7.72278],[80.53798,7.72204],[80.53766,7.72181],[80.53732,7.72174],[80.53692,7.72149],[80.53651,7.72086],[80.53634,7.71978],[80.53622,7.71692],[80.53638,7.71411],[80.53691,7.71259],[80.53661,7.70889],[80.53709,7.70825],[80.54298,7.70908],[80.54542,7.70873],[80.54626,7.70805],[80.54848,7.70597],[80.54955,7.70525],[80.54968,7.70441],[80.54745,7.69775],[80.54815,7.69501],[80.54895,7.69265],[80.54903,7.6916],[80.54867,7.6907],[80.5483,7.68969],[80.54838,7.68875],[80.54891,7.6879],[80.54979,7.68701],[80.55012,7.68659],[80.55029,7.68609],[80.54996,7.68367],[80.54953,7.68083],[80.54947,7.67899],[80.54999,7.67824],[80.55239,7.67511],[80.5532,7.67447],[80.55347,7.67366],[80.55345,7.66913],[80.55379,7.66632],[80.55354,7.66594],[80.55326,7.6647],[80.55302,7.66413],[80.55251,7.6638],[80.55206,7.66369],[80.55177,7.66349],[80.55164,7.66314],[80.55187,7.66279],[80.55197,7.66244],[80.55186,7.66204],[80.55153,7.66188],[80.55112,7.6619],[80.55079,7.66203],[80.55042,7.66211],[80.54807,7.66229],[80.54626,7.66227],[80.54563,7.66196],[80.54546,7.66168],[80.54531,7.66124],[80.54533,7.65984],[80.54565,7.65776],[80.54564,7.65673],[80.54557,7.65572],[80.54576,7.65493],[80.54601,7.65467],[80.54629,7.65452],[80.5467,7.65433],[80.54708,7.65432],[80.54789,7.65452],[80.54828,7.65453],[80.54861,7.65424],[80.54869,7.65389],[80.54874,7.65176],[80.54866,7.65141],[80.54827,7.65098],[80.54806,7.65045],[80.54813,7.64957],[80.54828,7.64931],[80.54855,7.64906],[80.54892,7.64903],[80.5491,7.64869],[80.54982,7.64836],[80.54969,7.64754],[80.54988,7.64686],[80.54935,7.6463],[80.54929,7.64592],[80.54937,7.64554],[80.55002,7.64492],[80.55023,7.64429],[80.55006,7.64393],[80.54946,7.64355],[80.54919,7.64318],[80.5491,7.64266],[80.54914,7.64216],[80.54949,7.64137],[80.5499,7.64122],[80.55037,7.64136],[80.55064,7.64126],[80.55126,7.64019],[80.55214,7.63922],[80.55288,7.63886],[80.55363,7.63879],[80.55439,7.63605],[80.55444,7.63511],[80.55928,7.63395],[80.56344,7.63263],[80.56579,7.63113],[80.56661,7.62835],[80.56686,7.62556],[80.56625,7.62071],[80.56697,7.61918],[80.57283,7.61045],[80.57782,7.6054],[80.57792,7.60505],[80.57769,7.60455],[80.57667,7.60314],[80.57411,7.60059],[80.57417,7.60006],[80.57448,7.59919],[80.57459,7.59784],[80.57428,7.59693],[80.57299,7.59588],[80.57152,7.59538],[80.56984,7.59499],[80.5694,7.59457],[80.56902,7.59398],[80.5691,7.59307],[80.56942,7.59236],[80.5699,7.59163],[80.5716,7.58944],[80.57296,7.58819],[80.5737,7.58671],[80.57417,7.58476],[80.57383,7.58305],[80.5733,7.58079],[80.57345,7.58006],[80.57371,7.57919],[80.57372,7.57863],[80.57366,7.57802],[80.57382,7.57743],[80.57444,7.57648],[80.5749,7.57574],[80.57503,7.57534],[80.57506,7.5749],[80.57473,7.57462],[80.57434,7.57451],[80.5738,7.57462],[80.57303,7.57502],[80.57126,7.57656],[80.57089,7.57644],[80.57042,7.57581],[80.57004,7.57567],[80.56933,7.57605],[80.56892,7.57613],[80.56852,7.57576],[80.56797,7.57445],[80.56743,7.57306],[80.56709,7.57278],[80.56676,7.57271],[80.5663,7.57273],[80.56578,7.57301],[80.56493,7.57331],[80.56432,7.57351],[80.56356,7.57355],[80.56293,7.57323],[80.56255,7.57283],[80.56229,7.57232],[80.56212,7.5714],[80.5622,7.57031],[80.56213,7.56954],[80.56148,7.56833],[80.55668,7.56375],[80.55632,7.56235],[80.55619,7.5602],[80.55554,7.55892],[80.55428,7.55729],[80.5539,7.55627],[80.55328,7.55374],[80.55296,7.55241],[80.5528,7.55177],[80.55273,7.55114],[80.55274,7.55075],[80.55286,7.55048],[80.55313,7.54999],[80.55397,7.54908],[80.55425,7.54881],[80.55447,7.54841],[80.55458,7.54777],[80.55412,7.54436],[80.55276,7.53857],[80.553,7.53831],[80.55384,7.5384],[80.55474,7.53837],[80.55581,7.5383],[80.55683,7.53801],[80.5571,7.53776],[80.55738,7.53631],[80.55751,7.53583],[80.5577,7.53549],[80.5579,7.53523],[80.55809,7.53515],[80.5588,7.53496],[80.55945,7.53465],[80.55963,7.53429],[80.55969,7.53388],[80.55976,7.53337],[80.55976,7.53284],[80.56013,7.53185],[80.56197,7.52898],[80.56257,7.52849],[80.56319,7.52792],[80.56366,7.52652],[80.56428,7.52553],[80.56566,7.52417],[80.56575,7.52323],[80.56566,7.52231],[80.56522,7.52049],[80.56359,7.51904],[80.5637,7.5187],[80.56448,7.51845],[80.56535,7.51824],[80.56528,7.5174],[80.56317,7.51468],[80.56305,7.51434],[80.5631,7.51392],[80.56328,7.51357],[80.56362,7.51339],[80.56408,7.51349],[80.56493,7.51386],[80.56596,7.51464],[80.56751,7.51633],[80.56828,7.51678],[80.56894,7.51671],[80.56945,7.51631],[80.56977,7.51563],[80.56984,7.51443],[80.56933,7.51254],[80.56894,7.51161],[80.56905,7.51109],[80.56948,7.5105],[80.57009,7.51011],[80.57072,7.50992],[80.57198,7.50987],[80.57321,7.50964],[80.57371,7.5091],[80.57382,7.50865],[80.57376,7.50817],[80.57351,7.50568],[80.57321,7.50495],[80.57284,7.50425],[80.57154,7.50332],[80.57119,7.50249],[80.57097,7.50111],[80.57102,7.5002],[80.57124,7.49924],[80.57257,7.4971],[80.57261,7.49657],[80.57214,7.49519],[80.57159,7.49419],[80.57132,7.49328],[80.57144,7.49238],[80.57165,7.49205],[80.572,7.49178],[80.57284,7.49162],[80.57336,7.49165],[80.57372,7.49158],[80.57406,7.49137],[80.57429,7.49101],[80.57392,7.49072],[80.57292,7.49038],[80.57248,7.49008],[80.57209,7.4896],[80.57135,7.4883],[80.57112,7.48767],[80.57105,7.48705],[80.57113,7.48634],[80.57151,7.48567],[80.57201,7.48528],[80.57406,7.48414],[80.57474,7.48364],[80.5749,7.48326],[80.57481,7.48187],[80.5749,7.48146],[80.57531,7.48075],[80.57613,7.47972],[80.57634,7.47937],[80.57642,7.47872],[80.57618,7.47827],[80.57552,7.47757],[80.57454,7.47697],[80.57376,7.47694],[80.57256,7.47738],[80.57133,7.4779],[80.57072,7.47805],[80.56996,7.47783],[80.56994,7.4777],[80.56974,7.47744],[80.56971,7.47653],[80.56992,7.47544],[80.56989,7.47458],[80.5695,7.47424],[80.56899,7.47389],[80.56785,7.47342],[80.5671,7.47274],[80.56594,7.47124],[80.56529,7.4703],[80.56483,7.4694],[80.56458,7.46839],[80.56466,7.46755],[80.56461,7.46674],[80.56464,7.46628],[80.56523,7.46513],[80.56544,7.46431],[80.56547,7.4629],[80.56557,7.4626],[80.56611,7.46208],[80.56632,7.46176],[80.56639,7.46154],[80.56631,7.46093],[80.56632,7.4575],[80.56845,7.45725],[80.56929,7.45548],[80.56991,7.4536],[80.57187,7.45373],[80.57259,7.45185],[80.57254,7.44979],[80.57275,7.44784],[80.57398,7.444],[80.57441,7.44206],[80.57313,7.44047],[80.57498,7.43963],[80.57699,7.43941],[80.57883,7.43876],[80.58006,7.43713],[80.58144,7.43571],[80.58443,7.43296],[80.58566,7.43138],[80.58617,7.42949],[80.58775,7.42832],[80.58974,7.42885],[80.59173,7.42926],[80.59345,7.42822],[80.59636,7.42544],[80.59789,7.42417],[80.59901,7.42248],[80.59986,7.42066],[80.60185,7.42033],[80.60697,7.41705],[80.60896,7.4167],[80.61088,7.41608],[80.61265,7.41513],[80.6145,7.41439],[80.61569,7.41277],[80.61681,7.41107],[80.61817,7.40955],[80.61945,7.40791],[80.62049,7.40617],[80.6217,7.40453],[80.62307,7.40312],[80.62467,7.40192],[80.62644,7.40107],[80.62792,7.39978],[80.62966,7.3988],[80.6316,7.39848],[80.63347,7.399],[80.63537,7.39826],[80.63714,7.39744],[80.64105,7.39659],[80.6425,7.39522],[80.64376,7.39368],[80.64511,7.39223],[80.6464,7.39061],[80.64784,7.3892],[80.64966,7.3883],[80.65155,7.38768],[80.6527,7.38607],[80.65401,7.38461],[80.65598,7.38453],[80.65788,7.38529],[80.65979,7.38569],[80.66176,7.38546],[80.66345,7.38448],[80.6654,7.38476],[80.66735,7.38445],[80.66925,7.38403],[80.67121,7.38408],[80.67287,7.38522],[80.67469,7.38603],[80.67653,7.38676],[80.67848,7.38698],[80.68053,7.38705],[80.68249,7.38743],[80.68645,7.38769],[80.68843,7.38764],[80.69049,7.38769],[80.69246,7.38752],[80.69444,7.3871],[80.69636,7.3868],[80.69839,7.38697],[80.69895,7.38888],[80.69959,7.3908],[80.70085,7.39232],[80.70289,7.39277],[80.7046,7.39372],[80.70602,7.39522],[80.70692,7.39697],[80.70678,7.39892],[80.70639,7.40088],[80.70754,7.40245],[80.70818,7.40436],[80.70719,7.40828],[80.70683,7.41021],[80.70656,7.41216],[80.70676,7.41411],[80.70808,7.41568],[80.70841,7.41765],[80.70914,7.41954],[80.70932,7.42158],[80.70918,7.42356],[80.71098,7.42436],[80.71214,7.42609],[80.71171,7.42802],[80.71138,7.43003],[80.71122,7.43193],[80.71048,7.43381],[80.70822,7.43718],[80.70665,7.43855],[80.70618,7.44049],[80.70604,7.4425],[80.70507,7.44427],[80.70405,7.44597],[80.70443,7.4479],[80.70434,7.44997],[80.70412,7.45201],[80.70325,7.45384],[80.70225,7.45565],[80.70115,7.45732],[80.70173,7.45918],[80.70445,7.46202],[80.70619,7.46318],[80.70812,7.46359],[80.71019,7.46386],[80.71218,7.46453],[80.71398,7.46531],[80.71592,7.46596],[80.71784,7.46651],[80.71839,7.46679],[80.71887,7.46752],[80.71961,7.46831],[80.72038,7.4693],[80.7212,7.47008],[80.72308,7.47139],[80.72414,7.47202],[80.72673,7.47406],[80.72775,7.47457],[80.72877,7.47476],[80.72991,7.47464],[80.73097,7.47427],[80.73183,7.47364],[80.73246,7.47263],[80.73296,7.4716],[80.73335,7.47048],[80.73348,7.46932],[80.73341,7.46811],[80.73319,7.46666],[80.73294,7.46559],[80.73249,7.4646],[80.73364,7.46449],[80.73471,7.46475],[80.73587,7.46483],[80.73698,7.46472],[80.73916,7.464],[80.74017,7.46341],[80.74112,7.46268],[80.74193,7.462],[80.74274,7.46117],[80.74359,7.46017],[80.74498,7.45833],[80.74666,7.45622],[80.74748,7.45557],[80.74904,7.45393],[80.75089,7.45238],[80.75218,7.4505],[80.75271,7.44958],[80.75333,7.44861],[80.75427,7.44804],[80.7554,7.44794],[80.75654,7.44818],[80.7575,7.44857],[80.75855,7.44892],[80.75962,7.44906],[80.76066,7.4487],[80.76144,7.44796],[80.76209,7.44698],[80.76254,7.44589],[80.76337,7.44255],[80.76402,7.44164],[80.76621,7.44131],[80.76736,7.44108],[80.76856,7.44077],[80.76967,7.44039],[80.77189,7.43922],[80.77297,7.43855],[80.77386,7.43789],[80.77475,7.43711],[80.77551,7.43624],[80.77624,7.43524],[80.77676,7.43432],[80.77724,7.43318],[80.77799,7.43099],[80.77861,7.43008],[80.77969,7.43011],[80.78072,7.4303],[80.78425,7.43062],[80.78537,7.43045],[80.78634,7.42993],[80.78733,7.42923],[80.78829,7.42866],[80.78917,7.42792],[80.79027,7.42777],[80.7914,7.42825],[80.79221,7.42895],[80.79373,7.43072],[80.79538,7.43229],[80.79621,7.43323],[80.79831,7.43585],[80.79907,7.43664],[80.79993,7.43741],[80.80097,7.43809],[80.8018,7.43882],[80.80275,7.43941],[80.80393,7.43983],[80.8062,7.43995],[80.80737,7.43987],[80.80839,7.44011],[80.80894,7.44108],[80.80878,7.44221],[80.80849,7.44337],[80.80802,7.44448],[80.80746,7.44548],[80.80709,7.44653],[80.8069,7.44756],[80.80753,7.44841],[80.80836,7.4491],[80.80936,7.44968],[80.81125,7.45108],[80.81317,7.45237],[80.814,7.453],[80.81574,7.45454],[80.81663,7.45543],[80.81747,7.45611],[80.81832,7.45704],[80.81953,7.45916],[80.82037,7.45991],[80.82237,7.46076],[80.82349,7.46074],[80.82575,7.46039],[80.82811,7.45987],[80.82925,7.45985],[80.83142,7.46003],[80.83241,7.46063],[80.83337,7.46136],[80.8342,7.46214],[80.83524,7.46244],[80.83648,7.46248],[80.83872,7.46278],[80.83975,7.46311],[80.84165,7.46444],[80.84315,7.46627],[80.8438,7.46718],[80.84454,7.46812],[80.84541,7.46904],[80.84631,7.46977],[80.8473,7.47069],[80.84917,7.47197],[80.85012,7.47247],[80.85114,7.4727],[80.85221,7.47282],[80.85322,7.4731],[80.8544,7.47326],[80.85678,7.47327],[80.85802,7.47323],[80.85905,7.47341],[80.86162,7.47443],[80.8627,7.47476],[80.86496,7.47383],[80.86603,7.47348],[80.86712,7.47306],[80.8681,7.47259],[80.86917,7.47195],[80.8702,7.4714],[80.87307,7.47001],[80.874,7.46928],[80.87475,7.46836],[80.87558,7.46754],[80.87657,7.467],[80.87737,7.46633],[80.87932,7.46403],[80.88046,7.46474],[80.88012,7.4657],[80.87944,7.46668],[80.87947,7.46738],[80.88026,7.46789],[80.88079,7.46878],[80.88198,7.46973],[80.88367,7.46895],[80.88509,7.46962],[80.88581,7.47099],[80.8853,7.4718],[80.88569,7.4727],[80.88664,7.47324],[80.88778,7.47362],[80.889,7.47395],[80.89013,7.4738],[80.89181,7.47319],[80.89394,7.47333],[80.89583,7.47457],[80.89645,7.47491],[80.89907,7.47472],[80.90018,7.47273],[80.90069,7.47045],[80.90149,7.46827],[80.90186,7.46714],[80.90276,7.46384],[80.90326,7.4628],[80.90396,7.46184],[80.9054,7.45889],[80.90649,7.45858],[80.9073,7.45946],[80.90762,7.46171],[80.90755,7.46282],[80.90761,7.46391],[80.90852,7.46461],[80.90952,7.46493],[80.91061,7.46467],[80.91161,7.46388],[80.91252,7.46328],[80.9136,7.4635],[80.91468,7.46341],[80.91554,7.46282],[80.91626,7.46202],[80.91709,7.46136],[80.91821,7.46144],[80.91895,7.46251],[80.91938,7.4635],[80.91966,7.46464],[80.91987,7.46596],[80.91984,7.46711],[80.91964,7.46828],[80.92015,7.46919],[80.92072,7.46932],[80.92165,7.46988],[80.92231,7.47216],[80.92299,7.47477],[80.9238,7.47513],[80.92596,7.47504],[80.92703,7.47565],[80.92741,7.47773],[80.92777,7.4787],[80.92829,7.47961],[80.93138,7.48089],[80.93215,7.4818],[80.93227,7.48255],[80.93161,7.48453],[80.9314,7.48559],[80.93114,7.48881],[80.93241,7.48961],[80.93323,7.48985],[80.93766,7.48966],[80.94117,7.48975],[80.94203,7.48897],[80.94264,7.48819],[80.94344,7.48751],[80.94563,7.48678],[80.94825,7.48812],[80.94893,7.48815],[80.94996,7.48831],[80.95119,7.48838],[80.9535,7.48897],[80.95696,7.48965],[80.95722,7.48975],[80.95888,7.48756],[80.96095,7.488],[80.96218,7.48811],[80.96434,7.48807],[80.9655,7.48812],[80.96882,7.48804],[80.96995,7.48808],[80.97327,7.48829],[80.97421,7.48836],[80.97378,7.49214],[80.97371,7.49322],[80.97296,7.49887],[80.97277,7.5012],[80.97269,7.50358],[80.97271,7.50472],[80.97289,7.50812],[80.9728,7.50941],[80.97287,7.5105],[80.9729,7.5128],[80.97278,7.5161],[80.97281,7.51723],[80.97275,7.52188],[80.97255,7.52314],[80.97256,7.52486],[80.97227,7.52583],[80.97229,7.52743],[80.97209,7.52851],[80.9717,7.52951],[80.97141,7.53062],[80.97129,7.53178],[80.97132,7.53285],[80.97115,7.53399],[80.97172,7.53743],[80.97199,7.5398],[80.97208,7.54211],[80.97211,7.54553],[80.97203,7.55016],[80.97221,7.5547],[80.97217,7.55801],[80.97193,7.56013],[80.97192,7.56117],[80.97198,7.56228],[80.97199,7.56341],[80.97195,7.56444],[80.97178,7.56547],[80.97173,7.56659],[80.97193,7.5711],[80.97202,7.57236],[80.97262,7.57558],[80.97318,7.57775],[80.97356,7.57872],[80.97412,7.57974],[80.97586,7.58253],[80.9768,7.58426],[80.97714,7.58525],[80.9775,7.58724],[80.97742,7.58871],[80.97742,7.58999],[80.97667,7.59296],[80.97616,7.59453],[80.97582,7.59612],[80.97572,7.59784],[80.97592,7.59955],[80.97674,7.60253],[80.97723,7.60403],[80.97767,7.60518],[80.97819,7.60687],[80.97866,7.60853],[80.979,7.61008],[80.97926,7.61174],[80.97911,7.61329],[80.97885,7.61495],[80.97853,7.6165],[80.97802,7.62119],[80.97775,7.62273],[80.97791,7.62496],[80.97807,7.62582],[80.97958,7.63223],[80.98004,7.63369],[80.98059,7.63521],[80.98102,7.63666],[80.98115,7.63818],[80.98131,7.64138],[80.98167,7.64324],[80.9833,7.64611],[80.98514,7.64863],[80.98716,7.65119],[80.98846,7.65244],[80.98964,7.65338],[80.99094,7.65452],[80.99196,7.65565],[80.993,7.65704],[80.99376,7.65842],[80.99438,7.6599],[80.99468,7.66145],[80.99457,7.66294],[80.99397,7.66595],[80.99383,7.66754],[80.99374,7.67096],[80.99363,7.67271],[80.99343,7.6744],[80.99317,7.67611],[80.99282,7.67768],[80.99188,7.6806],[80.99132,7.68208],[80.99052,7.68337],[80.98959,7.68466],[80.98885,7.68616],[80.98805,7.68741],[80.98753,7.68883],[80.98785,7.69031],[80.98852,7.69189],[80.98933,7.69319],[80.99139,7.69564],[80.99217,7.69702],[80.99264,7.69872],[80.99271,7.70056],[80.99244,7.70387],[80.99238,7.70719],[80.99225,7.70886],[80.99176,7.71211],[80.99114,7.71517],[80.99055,7.71674],[80.99,7.71832],[80.98962,7.71991],[80.98901,7.72091],[80.98913,7.72169]]]}},{"type":"Feature","properties":{"slug":"nuwara-eliya","name":"Nuwara Eliya","district_id":6,"iso":"LK-23"},"geometry":{"type":"Polygon","coordinates":[[[80.94581,7.20037],[80.94616,7.20071],[80.94531,7.20114],[80.94443,7.20133],[80.94353,7.2017],[80.94265,7.20198],[80.94174,7.20202],[80.94089,7.20192],[80.93912,7.20187],[80.9382,7.20177],[80.93734,7.20161],[80.93633,7.20138],[80.93255,7.20021],[80.93149,7.2],[80.92972,7.1998],[80.92864,7.19957],[80.92773,7.19962],[80.92602,7.20001],[80.92325,7.2008],[80.92245,7.20108],[80.92169,7.20147],[80.92117,7.20185],[80.92006,7.20202],[80.91913,7.20221],[80.91727,7.20243],[80.91644,7.20226],[80.91454,7.20176],[80.91367,7.20138],[80.912,7.2008],[80.91119,7.20048],[80.91044,7.20002],[80.90755,7.19915],[80.90482,7.19888],[80.90309,7.19946],[80.90215,7.19937],[80.90025,7.19932],[80.89934,7.19915],[80.89849,7.19894],[80.8976,7.19864],[80.89701,7.198],[80.89641,7.19713],[80.89577,7.19613],[80.89526,7.19508],[80.89483,7.19407],[80.89449,7.19318],[80.89388,7.19121],[80.89356,7.19032],[80.89314,7.18945],[80.89284,7.18855],[80.89251,7.18774],[80.89195,7.18708],[80.8913,7.18643],[80.89049,7.18577],[80.88976,7.185],[80.88806,7.18247],[80.88744,7.18183],[80.8867,7.1812],[80.88576,7.18078],[80.88486,7.18077],[80.88394,7.18083],[80.88314,7.18113],[80.88237,7.18168],[80.8818,7.18233],[80.88129,7.18307],[80.88094,7.18393],[80.88069,7.18477],[80.88038,7.18562],[80.88019,7.18655],[80.88038,7.18834],[80.88072,7.18926],[80.88153,7.19083],[80.88181,7.19174],[80.88197,7.19261],[80.88172,7.19349],[80.88121,7.19417],[80.88043,7.19453],[80.87862,7.19473],[80.8777,7.19494],[80.87669,7.19506],[80.87486,7.19492],[80.87396,7.19454],[80.87305,7.19432],[80.8722,7.19402],[80.87124,7.19379],[80.87033,7.19338],[80.86936,7.19283],[80.86846,7.19239],[80.86751,7.19205],[80.86568,7.19242],[80.86469,7.19272],[80.86307,7.19365],[80.86225,7.19405],[80.86134,7.19429],[80.86046,7.19413],[80.85931,7.1938],[80.85867,7.19369],[80.85795,7.19318],[80.85723,7.19258],[80.85558,7.19174],[80.85225,7.19025],[80.85139,7.19021],[80.8504,7.19027],[80.84949,7.19051],[80.84856,7.19083],[80.84769,7.19117],[80.84651,7.19174],[80.8459,7.192],[80.84339,7.19279],[80.84252,7.19318],[80.84156,7.19351],[80.84066,7.19367],[80.83881,7.19422],[80.83784,7.19444],[80.83691,7.19448],[80.83512,7.19476],[80.83421,7.19478],[80.83327,7.1949],[80.83041,7.19504],[80.82952,7.195],[80.82865,7.19505],[80.82769,7.195],[80.82509,7.19452],[80.82408,7.19441],[80.82315,7.1944],[80.8223,7.19467],[80.82152,7.19501],[80.82063,7.19531],[80.81983,7.19573],[80.81897,7.19627],[80.81832,7.19685],[80.81754,7.19724],[80.81599,7.19828],[80.81516,7.19849],[80.81431,7.19855],[80.81348,7.19847],[80.81249,7.19845],[80.81157,7.19845],[80.81075,7.19873],[80.80998,7.19919],[80.80909,7.19983],[80.8082,7.2004],[80.80651,7.20119],[80.80548,7.20182],[80.80458,7.20248],[80.80396,7.20295],[80.80318,7.20376],[80.8027,7.20427],[80.80229,7.20511],[80.80212,7.20612],[80.8024,7.20826],[80.80264,7.20954],[80.80269,7.21015],[80.80277,7.21077],[80.80287,7.21175],[80.80282,7.2128],[80.80247,7.2146],[80.80209,7.2155],[80.80171,7.21632],[80.8012,7.21714],[80.80069,7.21861],[80.80201,7.22043],[80.80278,7.22145],[80.80284,7.22232],[80.80278,7.22311],[80.80268,7.22409],[80.80244,7.22486],[80.80214,7.22567],[80.8017,7.22638],[80.80101,7.2271],[80.79976,7.22793],[80.79816,7.22818],[80.79655,7.22895],[80.79568,7.23053],[80.79514,7.23218],[80.7947,7.23288],[80.79404,7.23361],[80.79264,7.23475],[80.79198,7.23515],[80.79062,7.2359],[80.7897,7.23632],[80.78896,7.23686],[80.78731,7.23888],[80.78597,7.24041],[80.78537,7.24119],[80.78461,7.24299],[80.78417,7.24488],[80.78399,7.2459],[80.78375,7.24686],[80.78323,7.24754],[80.78237,7.248],[80.78146,7.24815],[80.78048,7.24796],[80.77957,7.24803],[80.77866,7.24846],[80.77796,7.249],[80.77676,7.25045],[80.77561,7.25204],[80.77503,7.25277],[80.77379,7.25418],[80.77203,7.25636],[80.76989,7.25841],[80.76914,7.25904],[80.76761,7.26016],[80.76695,7.26089],[80.76559,7.26222],[80.76494,7.26297],[80.76436,7.26372],[80.76254,7.26628],[80.76138,7.26782],[80.76078,7.2685],[80.76007,7.26919],[80.7586,7.27045],[80.75708,7.27146],[80.75575,7.27274],[80.75508,7.27331],[80.75455,7.27393],[80.75394,7.27381],[80.7531,7.27376],[80.75217,7.2736],[80.75141,7.27323],[80.75079,7.27254],[80.75054,7.27171],[80.75034,7.27081],[80.75043,7.26997],[80.75092,7.26825],[80.75156,7.26652],[80.75171,7.26565],[80.752,7.26481],[80.75249,7.26391],[80.7532,7.26226],[80.75415,7.26077],[80.75455,7.25994],[80.7556,7.25643],[80.7558,7.25538],[80.75589,7.25449],[80.75579,7.25361],[80.75524,7.25287],[80.75455,7.2523],[80.75371,7.25187],[80.75285,7.2517],[80.75298,7.25118],[80.75401,7.24973],[80.75454,7.24906],[80.75517,7.24843],[80.75654,7.2472],[80.75718,7.24634],[80.75795,7.24377],[80.75925,7.24256],[80.75976,7.24184],[80.76008,7.24098],[80.76031,7.24012],[80.76085,7.23941],[80.76163,7.23888],[80.76243,7.23853],[80.7643,7.23805],[80.76509,7.23766],[80.76595,7.23732],[80.76668,7.23681],[80.76682,7.23597],[80.76625,7.23529],[80.76552,7.23471],[80.76487,7.23412],[80.76447,7.23333],[80.76438,7.23249],[80.7646,7.23156],[80.76532,7.23091],[80.76579,7.23011],[80.76562,7.2292],[80.76525,7.22843],[80.76478,7.22771],[80.76454,7.22685],[80.76506,7.22513],[80.76572,7.22453],[80.76659,7.22403],[80.7675,7.22387],[80.76839,7.22381],[80.76916,7.22346],[80.7694,7.2226],[80.76896,7.22188],[80.76855,7.22095],[80.76838,7.2199],[80.76846,7.2189],[80.76896,7.21818],[80.76892,7.21725],[80.76832,7.21647],[80.76746,7.21629],[80.76666,7.21595],[80.76621,7.21517],[80.76633,7.21425],[80.76667,7.21347],[80.76778,7.21184],[80.76823,7.21095],[80.7682,7.21003],[80.76791,7.20828],[80.76794,7.20739],[80.76823,7.20651],[80.7688,7.20568],[80.76917,7.20485],[80.76937,7.20397],[80.76936,7.20299],[80.76954,7.20214],[80.77004,7.20138],[80.77071,7.20083],[80.77118,7.20006],[80.77113,7.19915],[80.77087,7.19834],[80.7703,7.19759],[80.76966,7.19694],[80.76893,7.19635],[80.76807,7.19593],[80.76711,7.19573],[80.7662,7.19542],[80.76587,7.19463],[80.76566,7.19372],[80.76538,7.19281],[80.76485,7.19198],[80.76429,7.19133],[80.76261,7.19069],[80.76193,7.19012],[80.76134,7.18941],[80.76107,7.18852],[80.7607,7.1877],[80.7599,7.18689],[80.7578,7.18524],[80.75641,7.18408],[80.75568,7.18329],[80.75452,7.18152],[80.75237,7.17864],[80.75162,7.17805],[80.75088,7.17761],[80.75005,7.17697],[80.74934,7.17634],[80.74743,7.17446],[80.74684,7.17383],[80.74632,7.17299],[80.74581,7.17229],[80.74516,7.17165],[80.74445,7.17105],[80.74385,7.17041],[80.74335,7.16968],[80.7429,7.16864],[80.7425,7.16787],[80.74176,7.16745],[80.74113,7.16678],[80.74095,7.1659],[80.74097,7.16496],[80.74077,7.16411],[80.74029,7.1634],[80.73979,7.1625],[80.73913,7.16179],[80.73824,7.16182],[80.73733,7.16172],[80.73563,7.16112],[80.73475,7.16104],[80.73392,7.16081],[80.73213,7.16018],[80.73137,7.15977],[80.72995,7.15875],[80.72942,7.15807],[80.72914,7.15722],[80.7288,7.15638],[80.72829,7.1557],[80.72759,7.15507],[80.72695,7.15432],[80.72575,7.15275],[80.7251,7.15211],[80.72412,7.15064],[80.72376,7.14977],[80.72356,7.1489],[80.72342,7.148],[80.7225,7.14542],[80.72212,7.14359],[80.72163,7.14175],[80.72143,7.13997],[80.72115,7.13913],[80.72044,7.13836],[80.71966,7.1382],[80.71841,7.13726],[80.71781,7.13674],[80.71715,7.13628],[80.71639,7.13599],[80.71569,7.13563],[80.7151,7.13506],[80.71459,7.13438],[80.71381,7.13295],[80.7133,7.13221],[80.71274,7.13157],[80.7118,7.13023],[80.71126,7.1296],[80.71059,7.12894],[80.7107,7.12834],[80.71066,7.12726],[80.71056,7.12647],[80.7101,7.12577],[80.70946,7.12531],[80.70875,7.12488],[80.70804,7.12453],[80.70735,7.12409],[80.70669,7.12358],[80.706,7.12319],[80.70545,7.12257],[80.70522,7.12173],[80.7049,7.12093],[80.70432,7.12032],[80.70363,7.11976],[80.70291,7.11943],[80.70214,7.11915],[80.70167,7.11844],[80.70152,7.11761],[80.7011,7.11682],[80.70051,7.11616],[80.69988,7.11555],[80.69883,7.11422],[80.69812,7.11358],[80.6976,7.11293],[80.69724,7.1122],[80.69734,7.11118],[80.69727,7.1106],[80.69702,7.10977],[80.69595,7.10848],[80.69524,7.1079],[80.69476,7.10726],[80.69456,7.10569],[80.69456,7.10484],[80.69448,7.10405],[80.69389,7.10253],[80.69339,7.10184],[80.69279,7.10132],[80.69215,7.10082],[80.69135,7.10046],[80.6908,7.09988],[80.69042,7.09909],[80.69037,7.09814],[80.69086,7.09749],[80.69145,7.09694],[80.69014,7.0948],[80.68941,7.09336],[80.68885,7.09271],[80.68822,7.09212],[80.68739,7.09175],[80.68604,7.09272],[80.68524,7.09292],[80.68439,7.09303],[80.68358,7.09303],[80.68196,7.09294],[80.6803,7.09302],[80.67938,7.09318],[80.67781,7.09367],[80.67631,7.09433],[80.67564,7.09476],[80.67484,7.0951],[80.67405,7.09555],[80.6732,7.09596],[80.6716,7.09661],[80.67084,7.09699],[80.67016,7.09749],[80.66952,7.09815],[80.66762,7.09981],[80.66692,7.10031],[80.6654,7.10114],[80.66381,7.10183],[80.66294,7.10197],[80.66045,7.10202],[80.65871,7.10199],[80.65602,7.10181],[80.6544,7.10186],[80.65345,7.10195],[80.65184,7.10248],[80.65104,7.10268],[80.64935,7.10292],[80.64856,7.10292],[80.64776,7.10275],[80.647,7.10233],[80.64634,7.10184],[80.64567,7.1014],[80.64487,7.10114],[80.64409,7.10103],[80.64245,7.10097],[80.64162,7.10084],[80.64083,7.10048],[80.63925,7.10015],[80.63844,7.09983],[80.63784,7.09929],[80.63755,7.09855],[80.63734,7.09776],[80.63722,7.09692],[80.63722,7.09599],[80.63712,7.09516],[80.63636,7.09372],[80.63582,7.09297],[80.63461,7.09177],[80.63392,7.09121],[80.63357,7.0905],[80.63333,7.08972],[80.63336,7.0889],[80.63365,7.08699],[80.63345,7.08621],[80.63303,7.08528],[80.63254,7.08444],[80.63181,7.08394],[80.63119,7.08333],[80.63047,7.08175],[80.62994,7.08108],[80.62933,7.08047],[80.62868,7.07991],[80.62711,7.07926],[80.62628,7.07911],[80.62532,7.07905],[80.62447,7.07909],[80.6236,7.0792],[80.62274,7.07925],[80.62105,7.0789],[80.62013,7.07866],[80.61848,7.07812],[80.61674,7.07766],[80.61592,7.07723],[80.61524,7.07675],[80.6145,7.07634],[80.6137,7.07617],[80.61284,7.0762],[80.61115,7.07664],[80.60964,7.07721],[80.60884,7.07728],[80.60806,7.07711],[80.60636,7.07649],[80.6055,7.07639],[80.60379,7.07671],[80.603,7.07664],[80.60218,7.07645],[80.60062,7.07595],[80.59976,7.07578],[80.59893,7.07571],[80.59722,7.07542],[80.59639,7.07542],[80.59561,7.07573],[80.59511,7.07638],[80.59492,7.07718],[80.59433,7.07775],[80.59347,7.07771],[80.59268,7.07752],[80.59096,7.07728],[80.58927,7.07718],[80.58763,7.07726],[80.58589,7.07717],[80.58511,7.07704],[80.58425,7.07677],[80.58258,7.07637],[80.58094,7.07589],[80.57928,7.07521],[80.5779,7.07436],[80.57712,7.07453],[80.57493,7.07571],[80.5742,7.07626],[80.57374,7.07694],[80.57344,7.07775],[80.57326,7.07941],[80.57279,7.08095],[80.57231,7.08162],[80.57156,7.08199],[80.57078,7.08211],[80.56995,7.08191],[80.56829,7.0813],[80.56605,7.07986],[80.56546,7.07929],[80.56485,7.07878],[80.56346,7.07782],[80.5619,7.07707],[80.56108,7.07675],[80.56027,7.0768],[80.55952,7.07706],[80.55897,7.07773],[80.55863,7.0793],[80.55822,7.08],[80.55743,7.0802],[80.55662,7.08031],[80.55575,7.08062],[80.55512,7.08111],[80.55427,7.08165],[80.55398,7.08112],[80.55336,7.08032],[80.55306,7.0795],[80.55261,7.07882],[80.55187,7.07854],[80.55101,7.07855],[80.55031,7.07812],[80.55004,7.07751],[80.54927,7.07692],[80.54847,7.07731],[80.54765,7.07732],[80.54717,7.07666],[80.54666,7.07571],[80.54585,7.07558],[80.54502,7.07568],[80.54422,7.07584],[80.5431,7.07575],[80.54267,7.07538],[80.5421,7.07474],[80.54122,7.07338],[80.54088,7.07265],[80.54082,7.07191],[80.5412,7.07124],[80.54086,7.07048],[80.54063,7.06969],[80.54057,7.0689],[80.54059,7.06811],[80.54057,7.06733],[80.54054,7.06655],[80.54045,7.06574],[80.54004,7.0642],[80.53934,7.06336],[80.53884,7.06264],[80.53814,7.06183],[80.53886,7.06086],[80.53974,7.05887],[80.5407,7.05948],[80.54083,7.06178],[80.5414,7.06234],[80.54196,7.06298],[80.54272,7.06325],[80.54343,7.06288],[80.54395,7.0622],[80.5447,7.06187],[80.5455,7.062],[80.54746,7.06398],[80.54958,7.06551],[80.55045,7.06562],[80.55125,7.06542],[80.55208,7.06496],[80.55262,7.06438],[80.55367,7.0628],[80.5543,7.06218],[80.55499,7.06177],[80.5553,7.06102],[80.55523,7.06023],[80.5553,7.05942],[80.55577,7.05879],[80.55655,7.05736],[80.55755,7.05598],[80.55823,7.0555],[80.55883,7.05485],[80.55927,7.05412],[80.55946,7.05323],[80.55957,7.0524],[80.56053,7.05095],[80.56078,7.05004],[80.56041,7.04934],[80.55975,7.04889],[80.56034,7.04835],[80.56119,7.04831],[80.56204,7.04791],[80.56217,7.04709],[80.56183,7.04636],[80.56137,7.04571],[80.56097,7.04497],[80.56074,7.04416],[80.56068,7.04333],[80.5611,7.04176],[80.56148,7.04106],[80.56177,7.04029],[80.56292,7.03894],[80.56361,7.03825],[80.56426,7.03769],[80.56495,7.03719],[80.56554,7.03663],[80.56592,7.03589],[80.56657,7.03532],[80.56735,7.03518],[80.56806,7.03477],[80.56907,7.03345],[80.56963,7.03281],[80.57095,7.03171],[80.57165,7.03119],[80.57248,7.03093],[80.5731,7.03033],[80.57295,7.02876],[80.57302,7.02794],[80.57393,7.02654],[80.57442,7.02588],[80.57498,7.02531],[80.57562,7.02483],[80.57621,7.02428],[80.57696,7.02384],[80.57941,7.02287],[80.58327,7.02091],[80.58401,7.02049],[80.5847,7.01997],[80.58528,7.01942],[80.58574,7.01878],[80.58605,7.01805],[80.58629,7.01728],[80.58653,7.01559],[80.58669,7.0148],[80.58692,7.01392],[80.58732,7.01322],[80.58852,7.01189],[80.58903,7.01121],[80.58962,7.00966],[80.58987,7.00885],[80.59019,7.0081],[80.59127,7.00687],[80.5926,7.00577],[80.59325,7.00513],[80.59373,7.00439],[80.59453,7.0029],[80.59509,7.0023],[80.5957,7.00171],[80.59639,7.00116],[80.59906,6.99913],[80.60022,6.998],[80.60081,6.99728],[80.60198,6.996],[80.6025,6.99528],[80.60277,6.99451],[80.60277,6.99365],[80.60266,6.99286],[80.60201,6.99136],[80.60144,6.9907],[80.60073,6.99028],[80.59765,6.9892],[80.59689,6.98887],[80.59612,6.98842],[80.5955,6.98794],[80.59496,6.98732],[80.59408,6.98579],[80.59345,6.98424],[80.59294,6.98269],[80.59232,6.98026],[80.59225,6.97939],[80.59229,6.97772],[80.59242,6.97608],[80.59261,6.97436],[80.59251,6.97339],[80.59278,6.97294],[80.59242,6.97195],[80.59221,6.97113],[80.59129,6.96864],[80.5899,6.9656],[80.58952,6.96487],[80.58891,6.96425],[80.5882,6.9638],[80.5874,6.96377],[80.58665,6.96343],[80.58602,6.96291],[80.58515,6.96281],[80.58446,6.96241],[80.58389,6.96186],[80.58306,6.96141],[80.58227,6.96089],[80.58148,6.96048],[80.58063,6.96035],[80.57905,6.96031],[80.57832,6.95999],[80.57771,6.9594],[80.57745,6.95865],[80.57707,6.95707],[80.57684,6.95524],[80.57683,6.95358],[80.5772,6.95108],[80.57723,6.95027],[80.57735,6.94937],[80.57756,6.94845],[80.57794,6.9475],[80.57871,6.94597],[80.57858,6.94519],[80.57796,6.94437],[80.57747,6.94414],[80.57664,6.94402],[80.57581,6.94412],[80.57507,6.94439],[80.57432,6.94486],[80.57353,6.94517],[80.57275,6.94496],[80.57205,6.94459],[80.57123,6.94446],[80.57044,6.94453],[80.56965,6.9447],[80.56808,6.94522],[80.5672,6.94529],[80.56706,6.94371],[80.56614,6.94235],[80.56558,6.94175],[80.56518,6.94105],[80.56471,6.93945],[80.56403,6.93898],[80.56221,6.93877],[80.56139,6.93881],[80.55964,6.93916],[80.5579,6.93929],[80.55546,6.9396],[80.5546,6.93974],[80.55383,6.93999],[80.55314,6.94049],[80.55258,6.94116],[80.55118,6.94323],[80.55062,6.94386],[80.55014,6.94452],[80.54948,6.946],[80.54925,6.9468],[80.54885,6.94753],[80.54831,6.94816],[80.54797,6.94893],[80.54775,6.94973],[80.54745,6.95053],[80.54665,6.95199],[80.54618,6.9527],[80.54566,6.95334],[80.5444,6.95435],[80.54311,6.9553],[80.54255,6.95586],[80.54207,6.95652],[80.54174,6.95734],[80.54159,6.95813],[80.54137,6.95978],[80.54105,6.96058],[80.54059,6.96131],[80.54008,6.96198],[80.53952,6.96256],[80.53884,6.96318],[80.53751,6.96415],[80.5369,6.9647],[80.53547,6.96564],[80.5349,6.9662],[80.53423,6.96675],[80.53356,6.96723],[80.53226,6.96826],[80.53091,6.96921],[80.53024,6.96963],[80.5295,6.96999],[80.52881,6.9704],[80.52821,6.97098],[80.52704,6.97223],[80.52643,6.97275],[80.52493,6.97368],[80.52424,6.97417],[80.52209,6.97546],[80.52085,6.97646],[80.52023,6.97703],[80.51906,6.97826],[80.51786,6.97941],[80.51736,6.98007],[80.51692,6.9808],[80.51589,6.98221],[80.51551,6.98291],[80.51522,6.98375],[80.51499,6.98466],[80.51484,6.98623],[80.51411,6.98866],[80.51324,6.99001],[80.51304,6.99085],[80.51326,6.99342],[80.51346,6.99425],[80.51347,6.99516],[80.51332,6.99593],[80.51304,6.99667],[80.51255,6.99736],[80.51197,6.99796],[80.5115,6.99863],[80.51106,6.99935],[80.51038,7.00086],[80.50846,7.00252],[80.5075,7.00413],[80.50596,7.00645],[80.50551,7.00723],[80.50492,7.0088],[80.50444,7.01048],[80.50423,7.01128],[80.50411,7.01213],[80.50388,7.01291],[80.5034,7.01361],[80.50337,7.0144],[80.50284,7.01511],[80.50209,7.01543],[80.50069,7.01653],[80.50036,7.01733],[80.49959,7.01778],[80.49764,7.01928],[80.49706,7.01982],[80.49686,7.02061],[80.49699,7.02141],[80.49752,7.022],[80.4988,7.02325],[80.4989,7.02408],[80.49865,7.02489],[80.49806,7.02552],[80.49746,7.02607],[80.49654,7.02637],[80.49574,7.02638],[80.49493,7.02622],[80.49413,7.02626],[80.49313,7.02645],[80.49229,7.02632],[80.49152,7.02658],[80.49066,7.02638],[80.4899,7.02606],[80.48907,7.02604],[80.4884,7.02648],[80.48802,7.02717],[80.48777,7.02796],[80.48715,7.02876],[80.48642,7.02918],[80.48563,7.02935],[80.48488,7.02971],[80.48413,7.02997],[80.48353,7.02944],[80.48273,7.02938],[80.48209,7.02987],[80.48159,7.0306],[80.481,7.03209],[80.48031,7.03258],[80.47948,7.03263],[80.47864,7.03278],[80.4782,7.0335],[80.47803,7.03433],[80.47775,7.03509],[80.47716,7.03569],[80.4765,7.03615],[80.47576,7.03646],[80.47416,7.037],[80.47339,7.0373],[80.47257,7.03736],[80.47183,7.03685],[80.47066,7.03556],[80.46942,7.03444],[80.46891,7.03373],[80.468,7.03227],[80.46687,7.03081],[80.46632,7.03022],[80.46569,7.02967],[80.46502,7.02921],[80.46345,7.0284],[80.46401,7.02513],[80.46433,7.02436],[80.46511,7.02419],[80.46593,7.02438],[80.4667,7.02467],[80.46749,7.02476],[80.4681,7.02426],[80.46813,7.02346],[80.46752,7.0229],[80.46676,7.02259],[80.46609,7.02219],[80.46637,7.02139],[80.46705,7.02099],[80.46747,7.0203],[80.46766,7.01787],[80.46737,7.01712],[80.46673,7.01665],[80.46621,7.01602],[80.4656,7.01548],[80.46504,7.01485],[80.46473,7.01409],[80.46419,7.01346],[80.46352,7.01303],[80.46273,7.01309],[80.46195,7.01334],[80.46112,7.01317],[80.46049,7.01268],[80.45984,7.01124],[80.45933,7.01062],[80.45867,7.01009],[80.4577,7.00777],[80.45725,7.00709],[80.45673,7.00649],[80.45608,7.00604],[80.45531,7.00581],[80.45379,7.00528],[80.45307,7.00491],[80.45261,7.00424],[80.45148,7.00309],[80.45115,7.0015],[80.45074,6.99995],[80.45023,6.99931],[80.44944,6.99897],[80.44872,6.99848],[80.44792,6.99813],[80.44623,6.998],[80.44382,6.99811],[80.44223,6.99759],[80.4415,6.99792],[80.44079,6.99836],[80.43994,6.99822],[80.43915,6.99804],[80.43837,6.99822],[80.43756,6.99811],[80.43672,6.9967],[80.43624,6.99601],[80.43492,6.99504],[80.43419,6.99473],[80.43397,6.99451],[80.43364,6.99416],[80.43328,6.99344],[80.43305,6.99261],[80.4332,6.99184],[80.43344,6.99104],[80.43347,6.99023],[80.43329,6.98945],[80.43234,6.98804],[80.43226,6.98725],[80.4321,6.98648],[80.43237,6.98572],[80.43318,6.98535],[80.43397,6.98514],[80.43476,6.98503],[80.43551,6.98476],[80.43608,6.98412],[80.4369,6.98172],[80.43778,6.97837],[80.43835,6.97781],[80.43913,6.97735],[80.43964,6.97675],[80.44017,6.97603],[80.44091,6.97561],[80.44166,6.97528],[80.44247,6.97502],[80.44326,6.97493],[80.44405,6.97465],[80.44438,6.97392],[80.44419,6.97231],[80.444,6.97154],[80.44392,6.97075],[80.44392,6.96996],[80.44399,6.96916],[80.44416,6.96839],[80.44452,6.96768],[80.44498,6.96698],[80.4453,6.96625],[80.44556,6.96545],[80.44551,6.96464],[80.44522,6.96384],[80.44484,6.9631],[80.44439,6.96238],[80.44386,6.96169],[80.44314,6.96138],[80.44254,6.96079],[80.44213,6.96009],[80.44164,6.95945],[80.441,6.95893],[80.44023,6.95861],[80.43945,6.95836],[80.43873,6.95802],[80.43817,6.95739],[80.43763,6.95578],[80.43758,6.95412],[80.43732,6.95337],[80.43729,6.95257],[80.43745,6.95097],[80.43768,6.9502],[80.43781,6.94936],[80.43779,6.94853],[80.43793,6.94768],[80.4383,6.94699],[80.43884,6.94632],[80.43915,6.94553],[80.43919,6.9447],[80.43898,6.9439],[80.43868,6.94312],[80.43837,6.94236],[80.43799,6.94164],[80.43826,6.9409],[80.43807,6.93927],[80.43814,6.93846],[80.4386,6.93686],[80.43826,6.93614],[80.4381,6.9353],[80.43812,6.93366],[80.43773,6.93293],[80.43742,6.9322],[80.43734,6.93141],[80.43758,6.93064],[80.4379,6.9299],[80.43797,6.92911],[80.43768,6.92746],[80.43746,6.92664],[80.43732,6.92584],[80.43723,6.92504],[80.43749,6.9234],[80.43753,6.92259],[80.43705,6.92194],[80.43629,6.92168],[80.43548,6.9216],[80.43441,6.92193],[80.43491,6.91904],[80.43473,6.91824],[80.43403,6.91671],[80.43378,6.91594],[80.43315,6.91438],[80.43299,6.9136],[80.43324,6.91282],[80.43375,6.91219],[80.43439,6.91173],[80.4351,6.91136],[80.43591,6.91141],[80.4367,6.91176],[80.43744,6.91224],[80.43827,6.91233],[80.43902,6.91181],[80.43975,6.91145],[80.44056,6.91135],[80.44126,6.91099],[80.44208,6.91101],[80.44281,6.91069],[80.44354,6.91014],[80.44421,6.90957],[80.44527,6.90832],[80.44596,6.90785],[80.4475,6.9071],[80.44826,6.9068],[80.44982,6.90637],[80.45062,6.90628],[80.4515,6.90627],[80.45319,6.90656],[80.45404,6.90646],[80.45477,6.90614],[80.45541,6.90559],[80.45597,6.90503],[80.45642,6.90437],[80.45655,6.90357],[80.45706,6.90293],[80.45775,6.90249],[80.45819,6.90183],[80.45862,6.90108],[80.45928,6.90049],[80.46005,6.9002],[80.46091,6.9],[80.46171,6.89992],[80.46249,6.89976],[80.46318,6.90022],[80.46366,6.90091],[80.46423,6.90126],[80.46737,6.90179],[80.46804,6.90134],[80.46866,6.90084],[80.46943,6.90066],[80.47024,6.90056],[80.47094,6.90017],[80.47157,6.89963],[80.47229,6.89927],[80.47351,6.89812],[80.47434,6.89801],[80.47514,6.89809],[80.47594,6.8982],[80.47764,6.89867],[80.47846,6.89875],[80.47925,6.89873],[80.48004,6.89852],[80.4808,6.89814],[80.48149,6.89771],[80.48278,6.89661],[80.4835,6.89619],[80.48407,6.89562],[80.48573,6.89377],[80.48647,6.89324],[80.48727,6.89304],[80.48806,6.89329],[80.48889,6.89348],[80.49056,6.89351],[80.49132,6.89319],[80.49195,6.89264],[80.49244,6.89197],[80.49317,6.89148],[80.49392,6.89106],[80.49457,6.89051],[80.49497,6.88975],[80.49545,6.88901],[80.49609,6.88849],[80.49687,6.88813],[80.49749,6.88759],[80.498,6.88697],[80.49833,6.88621],[80.4986,6.88542],[80.49811,6.88466],[80.49827,6.88385],[80.49838,6.88223],[80.49804,6.88053],[80.49777,6.87968],[80.49691,6.87825],[80.49589,6.87703],[80.49524,6.87654],[80.49479,6.87585],[80.49464,6.87503],[80.49465,6.87424],[80.4948,6.87255],[80.49493,6.87175],[80.49527,6.87104],[80.4958,6.87044],[80.49698,6.86927],[80.49764,6.86876],[80.49884,6.86765],[80.49935,6.86701],[80.49979,6.86629],[80.50015,6.86553],[80.50036,6.86476],[80.5005,6.86397],[80.50052,6.86238],[80.50036,6.85987],[80.49999,6.85813],[80.50042,6.85733],[80.50111,6.85687],[80.50266,6.85626],[80.50337,6.85586],[80.50415,6.85554],[80.50579,6.85513],[80.50658,6.85477],[80.50727,6.85434],[80.5087,6.85334],[80.50935,6.85282],[80.50978,6.85215],[80.51013,6.85144],[80.51056,6.85068],[80.51123,6.84917],[80.51144,6.84832],[80.51144,6.84751],[80.51085,6.84593],[80.51046,6.84516],[80.50907,6.84306],[80.50867,6.84228],[80.5083,6.84139],[80.50773,6.84075],[80.50629,6.83996],[80.50575,6.83934],[80.50542,6.83857],[80.5044,6.83725],[80.5042,6.83641],[80.5038,6.83565],[80.5031,6.83516],[80.50066,6.83431],[80.49998,6.83387],[80.49963,6.83302],[80.49914,6.8324],[80.49835,6.83224],[80.49751,6.83233],[80.49666,6.83226],[80.496,6.83173],[80.49566,6.83081],[80.49545,6.83001],[80.49512,6.82836],[80.49473,6.82758],[80.49415,6.82608],[80.49377,6.82535],[80.49295,6.82298],[80.49258,6.82226],[80.49223,6.82146],[80.49167,6.81992],[80.49152,6.81912],[80.49158,6.8183],[80.49189,6.8167],[80.49209,6.81591],[80.49244,6.81512],[80.49285,6.81465],[80.4931,6.8142],[80.49353,6.81319],[80.49381,6.81274],[80.49478,6.81141],[80.49555,6.81059],[80.496,6.81028],[80.49648,6.81003],[80.49699,6.80992],[80.49755,6.80994],[80.49805,6.81013],[80.49845,6.81046],[80.49918,6.81121],[80.49963,6.81146],[80.50015,6.81152],[80.50069,6.81145],[80.50119,6.81125],[80.5016,6.81092],[80.50193,6.81052],[80.50227,6.80952],[80.50231,6.80899],[80.50227,6.80847],[80.50208,6.80797],[80.50172,6.80753],[80.50128,6.80722],[80.5008,6.80695],[80.50028,6.80682],[80.49917,6.80679],[80.49863,6.80673],[80.49813,6.80656],[80.49768,6.80625],[80.49688,6.80487],[80.49654,6.80388],[80.49638,6.80331],[80.49628,6.80279],[80.49625,6.8012],[80.49609,6.8007],[80.49582,6.80025],[80.49542,6.79992],[80.49491,6.7998],[80.49381,6.79979],[80.49224,6.79998],[80.49115,6.79996],[80.49052,6.79983],[80.48997,6.79963],[80.48953,6.79929],[80.48918,6.79881],[80.48892,6.79835],[80.48875,6.79783],[80.48859,6.7972],[80.48859,6.79662],[80.48871,6.79611],[80.489,6.79506],[80.48965,6.79301],[80.49004,6.79203],[80.49242,6.78769],[80.4927,6.78721],[80.49336,6.78626],[80.49419,6.78485],[80.49547,6.78302],[80.49616,6.7822],[80.49699,6.78145],[80.49741,6.78113],[80.49922,6.77991],[80.50004,6.77921],[80.50095,6.7786],[80.50143,6.77833],[80.50246,6.77794],[80.50297,6.77781],[80.50403,6.77768],[80.50464,6.77766],[80.50573,6.77774],[80.50687,6.77774],[80.50853,6.77765],[80.50904,6.77748],[80.51013,6.7774],[80.51161,6.77683],[80.51356,6.77593],[80.51507,6.77509],[80.51648,6.7741],[80.51834,6.77289],[80.51876,6.77257],[80.52066,6.77132],[80.52162,6.77075],[80.52351,6.76979],[80.52493,6.76896],[80.5259,6.7685],[80.5269,6.76813],[80.52744,6.76803],[80.52796,6.76803],[80.52849,6.7682],[80.52901,6.76845],[80.52953,6.7688],[80.5303,6.76956],[80.53111,6.77027],[80.53159,6.77049],[80.53203,6.77082],[80.53345,6.77171],[80.53391,6.77197],[80.53442,6.77218],[80.53582,6.77301],[80.53628,6.77333],[80.53725,6.77386],[80.53774,6.77423],[80.53827,6.77449],[80.53885,6.77467],[80.53997,6.77509],[80.54104,6.77537],[80.54326,6.77567],[80.54436,6.77563],[80.54539,6.77539],[80.54588,6.77522],[80.54636,6.77496],[80.54726,6.77433],[80.54768,6.77396],[80.54803,6.77352],[80.54864,6.77259],[80.54901,6.77217],[80.54984,6.77147],[80.55079,6.77097],[80.55292,6.77021],[80.554,6.77001],[80.55503,6.7699],[80.55561,6.7699],[80.55612,6.77002],[80.55662,6.77017],[80.55714,6.77045],[80.55763,6.77065],[80.55816,6.77074],[80.55938,6.77074],[80.55993,6.77061],[80.56045,6.77043],[80.56143,6.76998],[80.56195,6.7699],[80.56241,6.76963],[80.56283,6.76927],[80.56336,6.76911],[80.56374,6.76876],[80.56481,6.76837],[80.56531,6.76813],[80.56619,6.76755],[80.5697,6.765],[80.57019,6.76474],[80.57069,6.76454],[80.57172,6.76429],[80.57275,6.76393],[80.57381,6.76372],[80.57436,6.76382],[80.57599,6.7638],[80.57709,6.76369],[80.57822,6.76353],[80.57932,6.76362],[80.57986,6.76362],[80.5815,6.7635],[80.58312,6.76364],[80.58426,6.76364],[80.58481,6.76352],[80.58694,6.76286],[80.59133,6.76229],[80.59316,6.76193],[80.59598,6.76126],[80.59777,6.76104],[80.6001,6.76052],[80.60234,6.76024],[80.60288,6.76014],[80.6068,6.75902],[80.60784,6.75884],[80.61063,6.75887],[80.61227,6.75924],[80.61282,6.7593],[80.61505,6.75938],[80.61724,6.75886],[80.61951,6.75846],[80.62001,6.75826],[80.62111,6.75814],[80.6227,6.75746],[80.62432,6.75695],[80.62486,6.75672],[80.6268,6.75557],[80.62783,6.75513],[80.62942,6.75463],[80.63114,6.75423],[80.6317,6.75414],[80.63227,6.75414],[80.63377,6.75362],[80.6354,6.75336],[80.63597,6.75337],[80.63649,6.75341],[80.63769,6.75358],[80.64009,6.75372],[80.64258,6.75396],[80.64312,6.75396],[80.64366,6.7539],[80.64475,6.7537],[80.6459,6.75342],[80.64641,6.75323],[80.64833,6.7522],[80.64994,6.75163],[80.65103,6.75143],[80.65159,6.75137],[80.65265,6.75137],[80.65378,6.75122],[80.65428,6.75154],[80.65462,6.75196],[80.65513,6.75205],[80.65558,6.7523],[80.65564,6.75283],[80.65614,6.75303],[80.65661,6.75279],[80.6571,6.75304],[80.65753,6.75336],[80.65895,6.75416],[80.6593,6.75459],[80.65956,6.75504],[80.65974,6.75553],[80.65983,6.7561],[80.65981,6.75664],[80.65969,6.75767],[80.65958,6.75819],[80.65957,6.75881],[80.65964,6.75997],[80.65986,6.76118],[80.66025,6.76154],[80.66059,6.76195],[80.66113,6.76199],[80.66171,6.7618],[80.66217,6.76153],[80.66262,6.76118],[80.663,6.76079],[80.66387,6.7601],[80.66443,6.76004],[80.66494,6.75992],[80.66599,6.76016],[80.66818,6.76025],[80.66995,6.76043],[80.67051,6.76042],[80.67214,6.76014],[80.6732,6.75984],[80.67427,6.75943],[80.67481,6.75927],[80.67535,6.75923],[80.67591,6.75931],[80.67641,6.75948],[80.6779,6.76015],[80.67841,6.76024],[80.67952,6.76027],[80.68112,6.75989],[80.68173,6.75977],[80.68227,6.75972],[80.68562,6.75969],[80.68739,6.75957],[80.68851,6.75941],[80.69015,6.75942],[80.69241,6.75922],[80.69409,6.75916],[80.69458,6.75894],[80.69624,6.75861],[80.69672,6.75841],[80.69717,6.75816],[80.69755,6.75779],[80.69848,6.75734],[80.6998,6.75658],[80.70129,6.75581],[80.70239,6.75546],[80.70405,6.75517],[80.70629,6.75497],[80.70738,6.75501],[80.70788,6.7553],[80.70832,6.75562],[80.7088,6.75585],[80.71002,6.75702],[80.71075,6.75796],[80.7112,6.75841],[80.71168,6.75873],[80.7127,6.7591],[80.71321,6.75917],[80.71381,6.75917],[80.71545,6.75895],[80.71601,6.75901],[80.71653,6.75923],[80.71704,6.75933],[80.71749,6.75974],[80.71787,6.76016],[80.71928,6.75913],[80.72052,6.75882],[80.72154,6.7589],[80.72255,6.75939],[80.72324,6.75978],[80.72523,6.76107],[80.72628,6.7616],[80.72725,6.76193],[80.72893,6.76234],[80.72973,6.76276],[80.73068,6.76319],[80.73154,6.76339],[80.73237,6.76346],[80.73318,6.76345],[80.73399,6.76338],[80.73572,6.7631],[80.73666,6.76285],[80.73759,6.76246],[80.73893,6.7618],[80.74073,6.76047],[80.74344,6.75862],[80.74397,6.75838],[80.74485,6.75831],[80.74556,6.75864],[80.74612,6.75959],[80.7468,6.76037],[80.74763,6.76101],[80.74881,6.76139],[80.75195,6.76206],[80.75286,6.76253],[80.75421,6.7642],[80.75508,6.76504],[80.75571,6.76542],[80.7569,6.76637],[80.75761,6.76719],[80.75843,6.76783],[80.76121,6.76956],[80.76206,6.77014],[80.76336,6.77089],[80.76471,6.77214],[80.7657,6.77277],[80.76674,6.77318],[80.76767,6.77377],[80.77335,6.77757],[80.7739,6.77791],[80.77445,6.77837],[80.77533,6.77777],[80.77615,6.77709],[80.77712,6.77656],[80.7781,6.77613],[80.78016,6.7754],[80.78206,6.77483],[80.78291,6.77451],[80.78385,6.77428],[80.78497,6.77419],[80.78559,6.77406],[80.78664,6.77394],[80.78757,6.77388],[80.78927,6.77397],[80.78997,6.77441],[80.79052,6.7751],[80.79087,6.77601],[80.79136,6.77667],[80.79263,6.77863],[80.79311,6.7798],[80.79358,6.78064],[80.79394,6.78086],[80.79443,6.78143],[80.79638,6.78232],[80.79718,6.78308],[80.79792,6.78389],[80.79852,6.78444],[80.79885,6.78469],[80.79939,6.78499],[80.80027,6.78542],[80.80094,6.78589],[80.80121,6.78631],[80.80139,6.78668],[80.8015,6.7873],[80.80213,6.78824],[80.8029,6.78881],[80.80385,6.78889],[80.80464,6.78904],[80.80543,6.78928],[80.80618,6.78984],[80.80681,6.79059],[80.80754,6.79131],[80.80845,6.79172],[80.80841,6.79191],[80.81076,6.79308],[80.81157,6.79355],[80.81349,6.79529],[80.81449,6.79568],[80.81558,6.79568],[80.81669,6.79551],[80.81773,6.79522],[80.81868,6.79459],[80.81971,6.79402],[80.82076,6.79349],[80.82182,6.79309],[80.82299,6.79283],[80.82411,6.7928],[80.82518,6.79312],[80.82632,6.79377],[80.82708,6.79462],[80.82785,6.79534],[80.82828,6.79611],[80.82863,6.7969],[80.82877,6.79743],[80.82928,6.7984],[80.83,6.79927],[80.83081,6.79993],[80.83368,6.80197],[80.83426,6.80275],[80.8346,6.80351],[80.83468,6.80434],[80.83433,6.80523],[80.83392,6.80577],[80.8336,6.80678],[80.83378,6.80759],[80.83443,6.80834],[80.83638,6.80939],[80.83689,6.80975],[80.83734,6.81057],[80.83738,6.81107],[80.83716,6.81187],[80.83541,6.81319],[80.83262,6.81501],[80.83179,6.81502],[80.83096,6.81487],[80.82845,6.81481],[80.8267,6.81499],[80.82583,6.81513],[80.82505,6.81535],[80.82423,6.81565],[80.82267,6.81632],[80.82185,6.81658],[80.8211,6.81689],[80.82039,6.81737],[80.81977,6.81791],[80.81892,6.81842],[80.81813,6.81881],[80.81746,6.81927],[80.81691,6.81997],[80.81658,6.82072],[80.81604,6.8214],[80.81553,6.82218],[80.81513,6.82291],[80.81448,6.82528],[80.81421,6.82604],[80.814,6.82683],[80.81391,6.82848],[80.81402,6.82926],[80.81426,6.83009],[80.81472,6.83091],[80.8153,6.8315],[80.81604,6.83195],[80.81681,6.83226],[80.81846,6.83248],[80.81927,6.83253],[80.82013,6.83241],[80.82086,6.83203],[80.82225,6.8311],[80.82283,6.83055],[80.82356,6.83016],[80.82443,6.83017],[80.82514,6.83052],[80.82579,6.83104],[80.82624,6.83179],[80.82679,6.83244],[80.82755,6.83275],[80.82833,6.83296],[80.82991,6.83335],[80.83076,6.83346],[80.83157,6.83367],[80.83224,6.83414],[80.83331,6.8354],[80.83431,6.83673],[80.83481,6.83745],[80.83606,6.83956],[80.83657,6.84024],[80.83692,6.84095],[80.83702,6.84181],[80.83703,6.84264],[80.83721,6.84347],[80.83755,6.84428],[80.83754,6.8451],[80.83712,6.84578],[80.83638,6.84632],[80.83551,6.84678],[80.83468,6.84704],[80.83392,6.84734],[80.83321,6.84776],[80.83252,6.8482],[80.83189,6.84872],[80.83136,6.84931],[80.83082,6.8509],[80.83098,6.85174],[80.83087,6.85263],[80.83062,6.85343],[80.8305,6.85426],[80.83007,6.85499],[80.82945,6.85554],[80.82872,6.85587],[80.82794,6.85613],[80.82649,6.85692],[80.82569,6.857],[80.82501,6.85657],[80.82424,6.85634],[80.82341,6.85646],[80.82299,6.85721],[80.82314,6.85799],[80.8231,6.85884],[80.8227,6.85958],[80.8221,6.86015],[80.82133,6.86046],[80.8209,6.86122],[80.82052,6.86206],[80.82021,6.8639],[80.82068,6.86553],[80.82133,6.86709],[80.82205,6.86864],[80.8227,6.87114],[80.8233,6.87281],[80.82366,6.87355],[80.82447,6.87493],[80.8244,6.87576],[80.82398,6.87648],[80.82336,6.87716],[80.82269,6.87765],[80.82136,6.87893],[80.81817,6.88175],[80.81734,6.88198],[80.81653,6.88193],[80.81586,6.88148],[80.81511,6.88107],[80.81451,6.88052],[80.81392,6.8799],[80.81327,6.87937],[80.8126,6.87931],[80.81244,6.87929],[80.8118,6.87981],[80.8117,6.88166],[80.81186,6.88254],[80.81215,6.88338],[80.81235,6.88425],[80.81244,6.88505],[80.81309,6.88669],[80.81366,6.88841],[80.81398,6.88916],[80.81443,6.89072],[80.81444,6.89154],[80.81379,6.89214],[80.81305,6.89255],[80.81229,6.89284],[80.80986,6.89348],[80.80908,6.89376],[80.80839,6.89421],[80.8081,6.89498],[80.80972,6.89556],[80.81024,6.89617],[80.81004,6.89694],[80.81008,6.89781],[80.81068,6.89933],[80.81077,6.90014],[80.81044,6.90103],[80.80997,6.90171],[80.80937,6.90227],[80.80865,6.9027],[80.80788,6.90301],[80.80709,6.9032],[80.8045,6.90348],[80.80365,6.90349],[80.8028,6.90367],[80.80047,6.90476],[80.79971,6.90537],[80.79906,6.90602],[80.79832,6.90652],[80.79748,6.90675],[80.79494,6.90704],[80.7941,6.90699],[80.79319,6.90702],[80.7924,6.90745],[80.7916,6.90762],[80.7908,6.90754],[80.78898,6.90807],[80.78723,6.90789],[80.78633,6.90793],[80.78548,6.90812],[80.78397,6.9088],[80.78315,6.90906],[80.78228,6.90929],[80.77874,6.91006],[80.77789,6.91037],[80.77719,6.91084],[80.77662,6.91139],[80.77614,6.91221],[80.77594,6.91302],[80.77611,6.9138],[80.77619,6.91462],[80.7767,6.91627],[80.7774,6.91793],[80.77784,6.91886],[80.77831,6.91971],[80.77878,6.92039],[80.77941,6.92103],[80.78011,6.92142],[80.78183,6.92161],[80.78364,6.92131],[80.78546,6.92113],[80.78632,6.92093],[80.78709,6.9206],[80.78817,6.92024],[80.78903,6.9201],[80.79175,6.91975],[80.79337,6.91962],[80.7951,6.91939],[80.79596,6.91941],[80.79688,6.91932],[80.79775,6.91911],[80.79963,6.91875],[80.80053,6.91864],[80.80141,6.91859],[80.80689,6.91769],[80.8078,6.91764],[80.80877,6.91769],[80.80959,6.91756],[80.81142,6.91744],[80.81228,6.91751],[80.81309,6.91773],[80.81618,6.9192],[80.81767,6.92015],[80.81923,6.92099],[80.82218,6.92297],[80.82368,6.92381],[80.82505,6.92483],[80.82543,6.92507],[80.82675,6.92593],[80.82793,6.92703],[80.82801,6.92709],[80.82888,6.92779],[80.82905,6.92792],[80.82957,6.9284],[80.8297,6.92864],[80.83041,6.92991],[80.83085,6.9308],[80.8312,6.93155],[80.83143,6.93236],[80.83164,6.93319],[80.8318,6.93412],[80.83181,6.935],[80.83192,6.93666],[80.83175,6.94009],[80.83178,6.94106],[80.83189,6.94189],[80.83191,6.94282],[80.83186,6.94365],[80.8319,6.94453],[80.83206,6.94613],[80.83274,6.94962],[80.83342,6.95216],[80.83355,6.95295],[80.83406,6.95364],[80.83443,6.95439],[80.83489,6.95511],[80.83541,6.95582],[80.83597,6.95642],[80.83688,6.9568],[80.83768,6.95708],[80.83849,6.95744],[80.8392,6.9578],[80.83984,6.95828],[80.84021,6.95908],[80.84096,6.95966],[80.84157,6.96027],[80.8426,6.96162],[80.84444,6.96352],[80.84497,6.96416],[80.8467,6.96619],[80.8476,6.96678],[80.8483,6.96718],[80.85145,6.96863],[80.85216,6.96904],[80.85314,6.96953],[80.8539,6.96999],[80.85464,6.97052],[80.85533,6.97093],[80.85689,6.97199],[80.85799,6.97298],[80.85826,6.97322],[80.85897,6.97374],[80.85956,6.97432],[80.86115,6.97633],[80.86121,6.97642],[80.86204,6.97766],[80.86222,6.97817],[80.86585,6.97823],[80.86663,6.97804],[80.8682,6.97743],[80.86829,6.9774],[80.86899,6.97695],[80.86907,6.97688],[80.86961,6.9764],[80.86991,6.97619],[80.87099,6.9754],[80.87176,6.97503],[80.87263,6.97468],[80.87335,6.97422],[80.87413,6.97383],[80.87493,6.97373],[80.87583,6.97387],[80.87678,6.97408],[80.88009,6.97505],[80.88107,6.97515],[80.8819,6.97533],[80.88278,6.97558],[80.8836,6.97594],[80.88439,6.97617],[80.88609,6.97658],[80.88844,6.97728],[80.89077,6.97831],[80.89165,6.97854],[80.89254,6.97841],[80.89337,6.97817],[80.8942,6.97789],[80.89498,6.97746],[80.89579,6.97721],[80.89661,6.97716],[80.89849,6.97731],[80.89933,6.9777],[80.90089,6.97896],[80.90209,6.98012],[80.90326,6.98148],[80.90387,6.98207],[80.90461,6.98264],[80.90537,6.98309],[80.90612,6.9834],[80.90871,6.98418],[80.91036,6.98475],[80.91108,6.98531],[80.91241,6.98655],[80.91308,6.98706],[80.91522,6.98846],[80.9161,6.98887],[80.91699,6.98917],[80.91779,6.98935],[80.91855,6.98967],[80.91912,6.99024],[80.91954,6.9909],[80.92037,6.99269],[80.92081,6.99347],[80.92127,6.99416],[80.92234,6.99635],[80.92278,6.99803],[80.92304,6.9988],[80.92337,6.99961],[80.92382,7.00046],[80.92424,7.00211],[80.92429,7.00298],[80.92415,7.00472],[80.92411,7.00728],[80.92438,7.00907],[80.92461,7.00999],[80.92501,7.01074],[80.92606,7.01208],[80.92699,7.0135],[80.92728,7.01428],[80.92767,7.01596],[80.92821,7.01757],[80.9284,7.01838],[80.92899,7.02007],[80.92898,7.02088],[80.92884,7.02181],[80.9281,7.02493],[80.92805,7.02516],[80.92787,7.02677],[80.92773,7.03037],[80.92781,7.03083],[80.92787,7.03115],[80.92826,7.03197],[80.92873,7.0327],[80.92896,7.03314],[80.92912,7.03343],[80.92985,7.03505],[80.92989,7.03534],[80.92996,7.03584],[80.92938,7.03738],[80.92923,7.03818],[80.92986,7.03883],[80.93076,7.03953],[80.9316,7.04011],[80.93264,7.04062],[80.93434,7.04108],[80.93522,7.04127],[80.93691,7.04183],[80.93766,7.04219],[80.93827,7.04281],[80.9388,7.04348],[80.93921,7.04439],[80.93974,7.04629],[80.93988,7.04725],[80.93983,7.04902],[80.93988,7.05006],[80.94021,7.05277],[80.94057,7.05351],[80.94111,7.05431],[80.94162,7.05497],[80.94216,7.05556],[80.94288,7.05618],[80.94364,7.05662],[80.94511,7.05765],[80.94646,7.05869],[80.9478,7.05956],[80.94943,7.0605],[80.95028,7.06095],[80.95273,7.062],[80.9544,7.0625],[80.95516,7.0628],[80.95562,7.06314],[80.95609,7.06387],[80.95598,7.0647],[80.95571,7.06589],[80.95571,7.06723],[80.95615,7.06887],[80.95648,7.0705],[80.95665,7.07118],[80.95714,7.07188],[80.95772,7.07257],[80.95806,7.07335],[80.95825,7.0742],[80.95877,7.0749],[80.95963,7.0752],[80.96154,7.07531],[80.96253,7.07531],[80.96342,7.07564],[80.96415,7.07618],[80.9648,7.07689],[80.96511,7.07773],[80.96518,7.07869],[80.96489,7.07958],[80.96437,7.08032],[80.96365,7.08086],[80.96207,7.08172],[80.96135,7.08221],[80.9607,7.08284],[80.95987,7.08434],[80.95919,7.08488],[80.95855,7.08552],[80.95775,7.08706],[80.957,7.08771],[80.95617,7.08813],[80.95542,7.08863],[80.95468,7.08922],[80.95387,7.08962],[80.95315,7.09018],[80.95308,7.0911],[80.95344,7.09188],[80.95428,7.0934],[80.95464,7.09515],[80.95467,7.09605],[80.95479,7.0971],[80.95443,7.09802],[80.95385,7.09867],[80.95318,7.09925],[80.9524,7.0998],[80.95174,7.10053],[80.95127,7.10137],[80.95166,7.10217],[80.95232,7.10283],[80.9531,7.10325],[80.95372,7.10391],[80.95445,7.10458],[80.95518,7.10537],[80.9555,7.10618],[80.9557,7.10701],[80.95555,7.10876],[80.95541,7.10961],[80.95543,7.1105],[80.95571,7.11136],[80.95636,7.11298],[80.95663,7.11387],[80.95701,7.11472],[80.95759,7.11552],[80.95825,7.11617],[80.95918,7.11655],[80.95996,7.11693],[80.96334,7.11872],[80.96412,7.11922],[80.96471,7.12007],[80.96473,7.12095],[80.96465,7.12179],[80.96428,7.12258],[80.96379,7.12343],[80.96326,7.12413],[80.96264,7.12476],[80.96039,7.12624],[80.95972,7.12683],[80.95897,7.12737],[80.95815,7.12777],[80.95731,7.12827],[80.95649,7.12864],[80.95564,7.12878],[80.95393,7.12915],[80.95303,7.12926],[80.95121,7.12872],[80.95036,7.129],[80.94993,7.12981],[80.95004,7.13065],[80.95033,7.13162],[80.95054,7.13256],[80.95092,7.13342],[80.95093,7.13435],[80.95062,7.13527],[80.94967,7.13676],[80.9493,7.13761],[80.94905,7.13864],[80.94918,7.13948],[80.94958,7.14023],[80.95062,7.14178],[80.95109,7.14357],[80.95141,7.14436],[80.9519,7.14509],[80.95264,7.14561],[80.95346,7.14532],[80.95415,7.14475],[80.9547,7.14401],[80.95526,7.14335],[80.95592,7.14278],[80.95678,7.14251],[80.95762,7.14234],[80.95842,7.14199],[80.95922,7.14156],[80.96007,7.14147],[80.96073,7.14215],[80.96085,7.143],[80.96052,7.14392],[80.95942,7.14564],[80.959,7.14644],[80.95916,7.14729],[80.95976,7.14895],[80.9603,7.15074],[80.96093,7.15532],[80.96118,7.15621],[80.96132,7.15707],[80.96111,7.15793],[80.96035,7.15976],[80.95999,7.16056],[80.95902,7.16231],[80.9583,7.1639],[80.95793,7.16486],[80.95757,7.16565],[80.95745,7.16654],[80.95739,7.16754],[80.9572,7.16927],[80.9568,7.17003],[80.95616,7.17065],[80.95531,7.17091],[80.95462,7.17147],[80.95418,7.17223],[80.95385,7.17305],[80.95333,7.17582],[80.95289,7.17657],[80.9521,7.17721],[80.95125,7.17739],[80.95031,7.17733],[80.94944,7.17773],[80.94874,7.17843],[80.94844,7.17932],[80.94875,7.18106],[80.94899,7.18206],[80.94912,7.18306],[80.94897,7.18403],[80.94866,7.18491],[80.94795,7.18551],[80.94713,7.18598],[80.94646,7.18655],[80.94535,7.18799],[80.94498,7.18885],[80.94473,7.18972],[80.94424,7.19048],[80.94404,7.19144],[80.94356,7.19218],[80.94299,7.19283],[80.94248,7.19352],[80.94222,7.19438],[80.94213,7.19526],[80.94216,7.19628],[80.94245,7.19715],[80.94296,7.19787],[80.94382,7.19854],[80.94462,7.19901],[80.94581,7.20037]]]}},{"type":"Feature","properties":{"slug":"trincomalee","name":"Trincomalee","district_id":15,"iso":"LK-53"},"geometry":{"type":"Polygon","coordinates":[[[80.76581,8.93696],[80.76388,8.93637],[80.7621,8.93612],[80.76143,8.93442],[80.76093,8.93075],[80.75987,8.92918],[80.75896,8.92766],[80.75818,8.92414],[80.7577,8.92243],[80.75611,8.91899],[80.75634,8.91714],[80.75668,8.91528],[80.75591,8.91365],[80.75567,8.91188],[80.75553,8.91004],[80.75484,8.90832],[80.75304,8.90515],[80.78104,8.91667],[80.78301,8.92022],[80.78552,8.92017],[80.78978,8.91952],[80.79419,8.91783],[80.79805,8.91798],[80.80504,8.9165],[80.8088,8.91618],[80.81058,8.91593],[80.81231,8.91526],[80.81526,8.91271],[80.81681,8.91158],[80.8185,8.91073],[80.82034,8.91032],[80.82201,8.90935],[80.82447,8.90657],[80.82596,8.90556],[80.82766,8.90504],[80.82947,8.90459],[80.83126,8.90386],[80.83288,8.90312],[80.8344,8.9019],[80.83728,8.89941],[80.83861,8.89806],[80.83978,8.89661],[80.84074,8.89487],[80.8423,8.89377],[80.84573,8.89213],[80.84727,8.8912],[80.85058,8.88936],[80.85351,8.88702],[80.85516,8.88621],[80.85697,8.88606],[80.85875,8.88563],[80.86053,8.88511],[80.8624,8.88474],[80.86433,8.88454],[80.86612,8.88429],[80.86787,8.88386],[80.86977,8.88298],[80.87149,8.88213],[80.87293,8.88092],[80.8739,8.8793],[80.87526,8.87812],[80.87687,8.87703],[80.87986,8.87464],[80.88122,8.87332],[80.88262,8.87211],[80.88415,8.87111],[80.88579,8.87045],[80.88729,8.86945],[80.88809,8.8678],[80.88858,8.866],[80.88944,8.8619],[80.89013,8.86115],[80.8904,8.86018],[80.89037,8.85925],[80.89062,8.85831],[80.89105,8.85749],[80.89177,8.85683],[80.89257,8.85629],[80.89424,8.85531],[80.89506,8.85474],[80.89586,8.85412],[80.89657,8.85348],[80.89717,8.85273],[80.89769,8.85192],[80.8982,8.85098],[80.89938,8.84929],[80.8999,8.84844],[80.90032,8.84757],[80.90135,8.84488],[80.90186,8.84406],[80.90323,8.84273],[80.90388,8.84205],[80.90547,8.84099],[80.90697,8.83974],[80.90761,8.839],[80.90807,8.83817],[80.90862,8.83744],[80.90887,8.83648],[80.90939,8.83661],[80.90981,8.83655],[80.9102,8.83639],[80.91065,8.83631],[80.91113,8.8363],[80.91154,8.83636],[80.91261,8.83686],[80.91208,8.83591],[80.91183,8.83497],[80.91191,8.83286],[80.9121,8.83088],[80.91241,8.82888],[80.91246,8.82793],[80.91209,8.8271],[80.91144,8.8264],[80.9113,8.82443],[80.91092,8.82357],[80.91006,8.82295],[80.90733,8.82186],[80.9066,8.82121],[80.90607,8.82036],[80.90554,8.81932],[80.90503,8.81852],[80.90436,8.81768],[80.9037,8.81706],[80.90287,8.81669],[80.90189,8.81666],[80.90101,8.81637],[80.90079,8.81447],[80.89922,8.8119],[80.89846,8.81124],[80.8966,8.81033],[80.89598,8.80967],[80.89586,8.80774],[80.89525,8.80702],[80.8945,8.80648],[80.89336,8.80494],[80.89291,8.80415],[80.89239,8.80218],[80.89237,8.8012],[80.89253,8.8003],[80.89245,8.79937],[80.89122,8.79779],[80.89076,8.79697],[80.89015,8.79622],[80.8884,8.7955],[80.88774,8.79476],[80.88726,8.79394],[80.88659,8.79321],[80.88587,8.79252],[80.88532,8.79175],[80.88491,8.79092],[80.88435,8.7901],[80.88375,8.78941],[80.88312,8.78859],[80.88283,8.78768],[80.88355,8.78697],[80.88399,8.78613],[80.8836,8.78505],[80.88294,8.78432],[80.88238,8.78355],[80.88209,8.78266],[80.88198,8.78174],[80.88189,8.77884],[80.88188,8.77686],[80.8821,8.77391],[80.88191,8.77294],[80.88139,8.77199],[80.88026,8.77033],[80.87983,8.76947],[80.87956,8.76854],[80.87954,8.76757],[80.87977,8.76559],[80.87979,8.76461],[80.8797,8.76181],[80.87943,8.76089],[80.87893,8.76012],[80.8788,8.75918],[80.8793,8.75829],[80.87951,8.75734],[80.87935,8.7564],[80.8795,8.75545],[80.87938,8.75449],[80.87894,8.75366],[80.87884,8.75272],[80.87934,8.75185],[80.87993,8.75106],[80.8805,8.75019],[80.88095,8.74938],[80.88218,8.74693],[80.88307,8.74655],[80.88398,8.74683],[80.88499,8.74676],[80.88589,8.74625],[80.8865,8.74558],[80.88704,8.7448],[80.88789,8.74443],[80.88885,8.74444],[80.88974,8.74414],[80.89056,8.74345],[80.89099,8.74255],[80.89154,8.73973],[80.8919,8.73889],[80.89209,8.73797],[80.89237,8.73702],[80.89304,8.73405],[80.89327,8.73222],[80.89252,8.73159],[80.89183,8.73091],[80.89155,8.72999],[80.8916,8.72907],[80.89194,8.72816],[80.89201,8.72724],[80.89196,8.72633],[80.89171,8.72445],[80.89147,8.72349],[80.89145,8.72254],[80.89214,8.72187],[80.8927,8.72116],[80.89291,8.72021],[80.89298,8.71925],[80.89326,8.71828],[80.89358,8.71737],[80.89401,8.71653],[80.89452,8.71575],[80.89517,8.71498],[80.89591,8.71426],[80.89676,8.71365],[80.89769,8.71313],[80.89855,8.71274],[80.89931,8.71208],[80.89972,8.7112],[80.90215,8.70482],[80.90307,8.70296],[80.90389,8.70114],[80.90528,8.69851],[80.90578,8.69766],[80.90689,8.69622],[80.90726,8.69531],[80.90771,8.69448],[80.90903,8.69305],[80.90921,8.69213],[80.90969,8.69136],[80.91039,8.69058],[80.91103,8.68994],[80.91164,8.68922],[80.91195,8.68831],[80.91214,8.68739],[80.91278,8.6856],[80.91296,8.68468],[80.91293,8.68368],[80.91276,8.68277],[80.91303,8.68186],[80.91344,8.68097],[80.91348,8.67997],[80.91327,8.67908],[80.91234,8.67639],[80.91242,8.67548],[80.91328,8.67509],[80.91392,8.67434],[80.91372,8.67342],[80.91302,8.67276],[80.91225,8.67222],[80.91084,8.67099],[80.91014,8.67029],[80.90968,8.66945],[80.90947,8.66856],[80.90946,8.66764],[80.90881,8.667],[80.90791,8.66671],[80.9063,8.66545],[80.90372,8.66439],[80.90277,8.66431],[80.9019,8.66458],[80.90121,8.664],[80.90068,8.66314],[80.89999,8.66254],[80.89995,8.66155],[80.90015,8.66063],[80.90065,8.65886],[80.89995,8.65823],[80.89934,8.65752],[80.89912,8.65663],[80.899,8.65569],[80.8988,8.65474],[80.89851,8.65386],[80.89762,8.6537],[80.89708,8.65295],[80.89696,8.65104],[80.89696,8.65012],[80.89651,8.64934],[80.89563,8.64891],[80.89528,8.64807],[80.89474,8.64732],[80.89342,8.64606],[80.89378,8.6452],[80.89327,8.64316],[80.89257,8.64126],[80.89165,8.63855],[80.89148,8.63761],[80.8917,8.6367],[80.89259,8.63609],[80.89338,8.63565],[80.89501,8.63461],[80.89571,8.634],[80.89626,8.63321],[80.89666,8.63231],[80.8971,8.6315],[80.89712,8.63051],[80.89703,8.62961],[80.89662,8.62761],[80.89649,8.62667],[80.89609,8.62579],[80.89556,8.62503],[80.89495,8.62428],[80.89429,8.62364],[80.89382,8.6228],[80.89394,8.62191],[80.89472,8.61916],[80.89597,8.61808],[80.89684,8.6175],[80.89828,8.61685],[80.89999,8.61616],[80.90041,8.61596],[80.90174,8.61515],[80.90332,8.61446],[80.90469,8.61363],[80.90649,8.61264],[80.90744,8.61202],[80.90822,8.61145],[80.90918,8.61057],[80.91044,8.60931],[80.91137,8.60862],[80.91279,8.6079],[80.91377,8.60703],[80.91474,8.60633],[80.91521,8.60592],[80.91586,8.60514],[80.91611,8.6047],[80.91618,8.6042],[80.91604,8.60367],[80.91554,8.60234],[80.91519,8.60082],[80.91482,8.59942],[80.91473,8.59838],[80.91521,8.59703],[80.91541,8.59604],[80.91541,8.59503],[80.91516,8.5931],[80.91516,8.59259],[80.91539,8.59114],[80.91566,8.5885],[80.91585,8.58809],[80.91635,8.58728],[80.91649,8.58638],[80.91672,8.58574],[80.91711,8.58482],[80.91741,8.58434],[80.91814,8.58337],[80.91852,8.58296],[80.92029,8.58119],[80.92148,8.58008],[80.92492,8.57656],[80.92554,8.57585],[80.92658,8.57453],[80.92763,8.57311],[80.92984,8.57053],[80.93145,8.56835],[80.93279,8.56671],[80.93306,8.56633],[80.93437,8.56393],[80.93594,8.56202],[80.93882,8.5589],[80.9399,8.55765],[80.94071,8.55662],[80.94199,8.55484],[80.94275,8.55402],[80.94344,8.55293],[80.94399,8.55181],[80.94452,8.55057],[80.94503,8.5491],[80.94521,8.54868],[80.94535,8.5482],[80.94546,8.54758],[80.94553,8.54705],[80.94549,8.5459],[80.94553,8.54535],[80.94581,8.54434],[80.94583,8.54376],[80.94604,8.54266],[80.94609,8.54068],[80.9462,8.53976],[80.94631,8.53822],[80.94652,8.53723],[80.94658,8.53668],[80.94682,8.53569],[80.94691,8.53335],[80.94686,8.53174],[80.94628,8.52988],[80.94584,8.52909],[80.94564,8.52864],[80.94511,8.5268],[80.94494,8.52583],[80.94485,8.52429],[80.94492,8.52374],[80.94524,8.52268],[80.94598,8.52079],[80.94611,8.52036],[80.94614,8.51981],[80.94602,8.51932],[80.94597,8.51877],[80.94569,8.51732],[80.94565,8.51675],[80.94565,8.51629],[80.94583,8.51494],[80.94615,8.51388],[80.94633,8.51346],[80.94714,8.51224],[80.94735,8.5118],[80.94749,8.51137],[80.94758,8.51084],[80.9476,8.51033],[80.94756,8.50981],[80.94714,8.5084],[80.94714,8.5079],[80.94725,8.50746],[80.94758,8.50707],[80.94799,8.5067],[80.9491,8.50617],[80.9496,8.50587],[80.95001,8.50551],[80.95034,8.50511],[80.95059,8.50468],[80.95107,8.50364],[80.95142,8.50327],[80.95326,8.50235],[80.95365,8.5021],[80.9563,8.50065],[80.95673,8.50056],[80.95727,8.50051],[80.95782,8.50037],[80.95982,8.50011],[80.96082,8.49986],[80.96171,8.4997],[80.96217,8.49954],[80.96261,8.49933],[80.96302,8.49904],[80.96335,8.49864],[80.96358,8.49825],[80.96401,8.49733],[80.96449,8.49577],[80.96493,8.49407],[80.96501,8.49356],[80.96509,8.49246],[80.96502,8.49138],[80.96479,8.49039],[80.96445,8.48947],[80.96426,8.48901],[80.96398,8.48855],[80.96369,8.48811],[80.96304,8.48731],[80.96283,8.48692],[80.96279,8.48646],[80.96286,8.48602],[80.96329,8.48567],[80.96375,8.48554],[80.96474,8.48515],[80.96534,8.4851],[80.96654,8.48478],[80.96704,8.48469],[80.96923,8.48464],[80.97153,8.48445],[80.9743,8.48465],[80.97552,8.48488],[80.97649,8.48514],[80.97694,8.48516],[80.97791,8.48498],[80.97945,8.48493],[80.98205,8.4852],[80.98393,8.4852],[80.98456,8.48515],[80.98531,8.48501],[80.98628,8.48469],[80.98724,8.4828],[80.98756,8.4823],[80.98848,8.48122],[80.98901,8.48043],[80.98973,8.47891],[80.99027,8.47795],[80.99043,8.47694],[80.99082,8.47537],[80.99092,8.47483],[80.99092,8.47436],[80.99085,8.47388],[80.99046,8.47301],[80.9894,8.47145],[80.98897,8.47103],[80.98856,8.47075],[80.98808,8.47055],[80.98704,8.46998],[80.98559,8.46933],[80.98407,8.46858],[80.98292,8.46809],[80.98172,8.46775],[80.98062,8.46736],[80.98013,8.46725],[80.97958,8.46722],[80.97898,8.46734],[80.97852,8.46755],[80.97705,8.46845],[80.97564,8.46909],[80.97518,8.4692],[80.97414,8.46934],[80.97304,8.46923],[80.9726,8.46907],[80.97168,8.46859],[80.97134,8.46822],[80.97108,8.4667],[80.97105,8.46624],[80.97108,8.46569],[80.97121,8.46466],[80.97143,8.46374],[80.97184,8.46284],[80.97239,8.46197],[80.97258,8.46155],[80.97271,8.46054],[80.97264,8.46011],[80.97225,8.45978],[80.97128,8.45933],[80.97032,8.45903],[80.96937,8.45848],[80.969,8.45822],[80.96774,8.45719],[80.96586,8.45602],[80.96403,8.45465],[80.96324,8.45411],[80.9629,8.45381],[80.96193,8.45267],[80.9614,8.45184],[80.96091,8.4509],[80.96002,8.44876],[80.95953,8.4477],[80.95863,8.44547],[80.95803,8.44444],[80.95743,8.44364],[80.95708,8.44329],[80.95632,8.44278],[80.9558,8.44249],[80.95542,8.44219],[80.95515,8.44182],[80.95427,8.44001],[80.95379,8.43918],[80.95355,8.43604],[80.95251,8.43307],[80.95228,8.43258],[80.9514,8.43101],[80.9499,8.42768],[80.94928,8.42648],[80.94868,8.42504],[80.94829,8.42391],[80.9475,8.42213],[80.94694,8.42051],[80.94595,8.41815],[80.94552,8.41637],[80.94508,8.41352],[80.94468,8.41174],[80.94454,8.41036],[80.94413,8.40822],[80.94392,8.40638],[80.94323,8.40392],[80.94244,8.40199],[80.94207,8.40089],[80.94159,8.39847],[80.94138,8.39783],[80.94101,8.397],[80.94038,8.39608],[80.93951,8.39458],[80.93854,8.39314],[80.93778,8.39234],[80.93677,8.3917],[80.93619,8.39139],[80.93557,8.39115],[80.93532,8.391],[80.93471,8.39075],[80.93403,8.39042],[80.93352,8.39008],[80.93315,8.38956],[80.9328,8.38867],[80.93243,8.38707],[80.93236,8.3864],[80.93234,8.38527],[80.93221,8.3838],[80.93195,8.38263],[80.93178,8.38217],[80.93135,8.38103],[80.93091,8.38027],[80.93043,8.37947],[80.92835,8.37635],[80.92791,8.3754],[80.92732,8.37347],[80.92701,8.37209],[80.92648,8.37004],[80.92638,8.36945],[80.92641,8.36694],[80.9265,8.36593],[80.92663,8.36534],[80.92744,8.36329],[80.92779,8.36222],[80.9284,8.36086],[80.92885,8.3597],[80.9291,8.35875],[80.92919,8.35796],[80.92889,8.35603],[80.92864,8.35498],[80.92845,8.35397],[80.92822,8.35302],[80.9281,8.35274],[80.92771,8.35115],[80.92741,8.35023],[80.92706,8.34937],[80.92647,8.34738],[80.92623,8.34673],[80.92529,8.34447],[80.92478,8.34309],[80.92413,8.34165],[80.92407,8.34138],[80.92397,8.34067],[80.92397,8.34012],[80.92411,8.33874],[80.92411,8.33806],[80.9242,8.33745],[80.92423,8.33692],[80.92841,8.34279],[80.93079,8.34511],[80.93255,8.34532],[80.93523,8.34445],[80.93737,8.34283],[80.93895,8.34215],[80.94084,8.34253],[80.94153,8.34085],[80.94232,8.33937],[80.94331,8.33779],[80.94499,8.33477],[80.94593,8.33338],[80.94672,8.33173],[80.94745,8.33007],[80.94834,8.32871],[80.94928,8.32717],[80.95009,8.32552],[80.95088,8.32409],[80.95205,8.3229],[80.95354,8.32356],[80.95532,8.32445],[80.95703,8.32458],[80.95901,8.32458],[80.96069,8.32419],[80.96232,8.32369],[80.9639,8.32287],[80.9652,8.32187],[80.96495,8.32018],[80.96608,8.31895],[80.96736,8.31794],[80.96899,8.31734],[80.97034,8.31644],[80.97191,8.31578],[80.9737,8.31529],[80.97525,8.31473],[80.97859,8.31335],[80.98013,8.31248],[80.98131,8.31113],[80.9818,8.30951],[80.98209,8.3077],[80.98245,8.30596],[80.98292,8.30238],[80.98331,8.30058],[80.9846,8.29362],[80.98509,8.29025],[80.98543,8.28838],[80.98565,8.28665],[80.98577,8.28485],[80.98646,8.28111],[80.98696,8.27774],[80.98733,8.27613],[80.98792,8.27459],[80.98882,8.2731],[80.99049,8.27285],[80.9939,8.27343],[80.99558,8.27288],[80.99719,8.27259],[80.999,8.27268],[81.00055,8.2733],[81.00227,8.27405],[81.00397,8.27501],[81.00556,8.27545],[81.00731,8.27552],[81.00901,8.27589],[81.01062,8.27671],[81.01216,8.27729],[81.01564,8.27876],[81.01735,8.27901],[81.01895,8.27868],[81.02072,8.27818],[81.02239,8.2775],[81.02424,8.27697],[81.02598,8.27687],[81.02771,8.27722],[81.02938,8.27762],[81.03121,8.27797],[81.03456,8.27879],[81.03626,8.2789],[81.03802,8.27848],[81.03967,8.27766],[81.04124,8.27679],[81.04282,8.27617],[81.04457,8.27623],[81.04616,8.27579],[81.04721,8.27442],[81.04846,8.27305],[81.05006,8.27224],[81.05531,8.27296],[81.05696,8.27252],[81.05847,8.27192],[81.06032,8.27138],[81.0638,8.27079],[81.06558,8.27067],[81.06734,8.27072],[81.06902,8.27104],[81.07061,8.27149],[81.07236,8.27169],[81.07411,8.27172],[81.07764,8.27157],[81.08073,8.26955],[81.08192,8.26836],[81.08308,8.26687],[81.08432,8.26576],[81.0857,8.26476],[81.08712,8.26388],[81.09007,8.26224],[81.09155,8.26142],[81.09312,8.2608],[81.09499,8.26071],[81.09679,8.26074],[81.09844,8.26037],[81.09992,8.25942],[81.10135,8.2583],[81.10268,8.25733],[81.10404,8.25643],[81.10565,8.25602],[81.10729,8.25619],[81.10834,8.2575],[81.10929,8.25895],[81.11076,8.25986],[81.1125,8.25999],[81.11416,8.25989],[81.1157,8.25928],[81.11651,8.25903],[81.11692,8.2584],[81.11851,8.25895],[81.11983,8.25994],[81.12133,8.26072],[81.1227,8.26194],[81.12411,8.26304],[81.12576,8.26291],[81.1274,8.26268],[81.129,8.26233],[81.13076,8.26208],[81.13242,8.26208],[81.1338,8.261],[81.1347,8.25961],[81.13644,8.25931],[81.13756,8.26058],[81.13936,8.26086],[81.14094,8.26027],[81.14209,8.25884],[81.14466,8.25655],[81.14574,8.2551],[81.14801,8.25276],[81.14931,8.2516],[81.15149,8.24903],[81.15247,8.24767],[81.15357,8.24632],[81.15713,8.2424],[81.15803,8.24094],[81.159,8.23952],[81.16035,8.23839],[81.1617,8.23747],[81.16325,8.23645],[81.16618,8.23465],[81.16777,8.23401],[81.16968,8.23413],[81.17121,8.2347],[81.17272,8.23535],[81.17534,8.23319],[81.17641,8.23197],[81.17732,8.23057],[81.17881,8.22976],[81.18072,8.22974],[81.18217,8.2295],[81.1853,8.2277],[81.18691,8.22736],[81.1886,8.2277],[81.19027,8.22841],[81.19342,8.23009],[81.19485,8.23101],[81.19619,8.23195],[81.19783,8.23225],[81.19943,8.23135],[81.20077,8.23034],[81.20212,8.2294],[81.20344,8.22837],[81.20445,8.22691],[81.20466,8.22517],[81.20371,8.22181],[81.20435,8.22018],[81.20572,8.21715],[81.20619,8.2156],[81.20606,8.21396],[81.20579,8.21204],[81.20564,8.21017],[81.20542,8.20849],[81.20502,8.20686],[81.20398,8.20345],[81.20355,8.20184],[81.20289,8.20024],[81.20194,8.19877],[81.2015,8.19713],[81.20219,8.19545],[81.20414,8.19246],[81.20451,8.19081],[81.20446,8.18907],[81.20414,8.18562],[81.2045,8.18395],[81.20573,8.18274],[81.20737,8.18245],[81.20893,8.18302],[81.21056,8.18332],[81.21212,8.18253],[81.21329,8.1813],[81.21342,8.17949],[81.2126,8.17786],[81.21184,8.17617],[81.21093,8.1745],[81.21036,8.17283],[81.21024,8.17112],[81.20999,8.16931],[81.20944,8.16764],[81.20879,8.16602],[81.20792,8.16436],[81.20693,8.16298],[81.20552,8.16201],[81.20327,8.16083],[81.20238,8.16078],[81.20053,8.16084],[81.19885,8.16105],[81.19733,8.16015],[81.19674,8.15859],[81.19609,8.15706],[81.19457,8.15628],[81.19295,8.15576],[81.19206,8.15425],[81.19191,8.15249],[81.19299,8.15121],[81.19476,8.15112],[81.19641,8.15115],[81.19804,8.15079],[81.19977,8.15018],[81.20147,8.14996],[81.20313,8.15037],[81.20482,8.15027],[81.20613,8.14915],[81.20798,8.14883],[81.20978,8.14914],[81.21137,8.14997],[81.21246,8.15124],[81.21316,8.1527],[81.21481,8.15309],[81.21647,8.15338],[81.21739,8.15474],[81.21896,8.1552],[81.22021,8.15413],[81.22197,8.15388],[81.22516,8.1548],[81.22669,8.15541],[81.22776,8.15671],[81.22912,8.15761],[81.23015,8.15631],[81.23149,8.15526],[81.23263,8.15654],[81.23269,8.15821],[81.23311,8.15979],[81.23421,8.16101],[81.23379,8.16257],[81.233,8.16401],[81.23392,8.16569],[81.23486,8.16703],[81.23553,8.16856],[81.23395,8.1691],[81.23403,8.17079],[81.23432,8.17248],[81.23452,8.17408],[81.23573,8.17538],[81.23662,8.17684],[81.23687,8.17853],[81.23844,8.17903],[81.23981,8.17802],[81.24143,8.1782],[81.24285,8.17906],[81.24305,8.18073],[81.24236,8.18226],[81.24108,8.18335],[81.23966,8.18447],[81.23885,8.18615],[81.23868,8.18784],[81.23802,8.18939],[81.23731,8.19091],[81.23714,8.1926],[81.23758,8.19427],[81.23831,8.19589],[81.23981,8.19669],[81.24145,8.19626],[81.24309,8.19643],[81.2441,8.19782],[81.2448,8.19936],[81.2448,8.20102],[81.24625,8.20179],[81.24736,8.20309],[81.24874,8.20412],[81.24946,8.20566],[81.24952,8.20728],[81.25009,8.20898],[81.25141,8.20998],[81.25175,8.21166],[81.25123,8.21325],[81.25214,8.21462],[81.25208,8.21635],[81.25134,8.21787],[81.25069,8.2195],[81.25015,8.22106],[81.24978,8.22272],[81.24977,8.22444],[81.25031,8.22613],[81.25197,8.2263],[81.25321,8.2252],[81.25471,8.22442],[81.25639,8.22506],[81.25779,8.22604],[81.25797,8.22767],[81.25758,8.22929],[81.25746,8.23096],[81.25866,8.23212],[81.26025,8.23175],[81.26171,8.23086],[81.26338,8.23125],[81.2647,8.23436],[81.26608,8.23535],[81.2674,8.23431],[81.26901,8.2348],[81.26988,8.2362],[81.27012,8.23787],[81.2693,8.23927],[81.26764,8.23953],[81.26599,8.23939],[81.26576,8.24102],[81.26681,8.24228],[81.26849,8.24251],[81.26974,8.24144],[81.27104,8.24045],[81.27255,8.24124],[81.27342,8.24262],[81.27302,8.24426],[81.27246,8.24589],[81.27337,8.24739],[81.27498,8.24807],[81.27666,8.24898],[81.27828,8.24941],[81.27998,8.24975],[81.28056,8.25133],[81.28034,8.25301],[81.28059,8.25468],[81.28117,8.25631],[81.28237,8.25741],[81.28592,8.25714],[81.2873,8.25817],[81.28701,8.2598],[81.28808,8.26106],[81.28962,8.26002],[81.29128,8.25976],[81.2929,8.25886],[81.29404,8.25751],[81.29564,8.25714],[81.29684,8.25602],[81.29823,8.25504],[81.29903,8.25494],[81.29985,8.25467],[81.30155,8.25405],[81.30327,8.25369],[81.30489,8.25343],[81.30839,8.25305],[81.31157,8.25197],[81.31169,8.25204],[81.31443,8.2546],[81.31935,8.25739],[81.32211,8.26041],[81.32253,8.261],[81.32307,8.26161],[81.32693,8.26396],[81.32861,8.26489],[81.33035,8.26567],[81.33155,8.26566],[81.33248,8.2654],[81.33418,8.26492],[81.33511,8.2641],[81.33562,8.26388],[81.33625,8.26385],[81.34287,8.26396],[81.34734,8.26469],[81.34987,8.26611],[81.35183,8.2684],[81.35379,8.26926],[81.35586,8.2684],[81.35741,8.26691],[81.35868,8.26486],[81.35711,8.26361],[81.35606,8.26309],[81.35493,8.25928],[81.35493,8.258],[81.35573,8.25733],[81.35896,8.25766],[81.36112,8.25591],[81.36205,8.25604],[81.36297,8.25753],[81.36431,8.25796],[81.36906,8.25636],[81.37052,8.25446],[81.37092,8.25394],[81.37511,8.25372],[81.38748,8.25318],[81.39393,8.24879],[81.40455,8.24815],[81.40779,8.24853],[81.40626,8.2557],[81.40266,8.27422],[81.40128,8.27948],[81.4006,8.28322],[81.40036,8.28595],[81.39778,8.2924],[81.39555,8.30243],[81.39487,8.30973],[81.39555,8.31296],[81.39401,8.31228],[81.39281,8.31534],[81.38903,8.32773],[81.38817,8.34149],[81.38852,8.34778],[81.38955,8.3527],[81.39332,8.35916],[81.38697,8.36408],[81.3858,8.36684],[81.38148,8.37699],[81.37667,8.39618],[81.37324,8.40688],[81.37066,8.41792],[81.36963,8.42658],[81.36654,8.43608],[81.36637,8.4376],[81.36586,8.4422],[81.3638,8.45001],[81.36311,8.45222],[81.36191,8.45799],[81.3571,8.47327],[81.35453,8.48091],[81.35298,8.48566],[81.35281,8.48974],[81.3535,8.49195],[81.35384,8.49466],[81.35264,8.49687],[81.35023,8.49806],[81.34886,8.49823],[81.34817,8.49942],[81.34852,8.50044],[81.34817,8.50145],[81.34543,8.50366],[81.34371,8.50485],[81.34217,8.50468],[81.33976,8.50536],[81.3389,8.50706],[81.33787,8.50858],[81.33684,8.50892],[81.33444,8.51096],[81.3317,8.51317],[81.32861,8.51588],[81.32758,8.51758],[81.32528,8.51963],[81.32453,8.52051],[81.32421,8.52104],[81.32395,8.52197],[81.32388,8.52237],[81.32378,8.52247],[81.3236,8.52256],[81.32347,8.52279],[81.32315,8.52292],[81.32293,8.52312],[81.32279,8.52346],[81.32232,8.52421],[81.32202,8.52455],[81.32157,8.52489],[81.32112,8.52505],[81.32032,8.52518],[81.31964,8.52527],[81.31928,8.52526],[81.31899,8.52538],[81.31887,8.52548],[81.31878,8.5255],[81.31867,8.52537],[81.31858,8.52519],[81.3184,8.52503],[81.31813,8.52505],[81.318,8.52502],[81.31787,8.52504],[81.31777,8.52508],[81.31765,8.52504],[81.31734,8.52505],[81.31709,8.52494],[81.31691,8.52474],[81.31663,8.52441],[81.31658,8.52443],[81.31652,8.52436],[81.31653,8.5243],[81.31656,8.52428],[81.31647,8.52424],[81.31638,8.52423],[81.31633,8.52417],[81.31638,8.52413],[81.31637,8.5241],[81.31631,8.5241],[81.31626,8.52403],[81.3163,8.52399],[81.31623,8.52392],[81.31619,8.52392],[81.31609,8.5238],[81.31616,8.52375],[81.31623,8.52375],[81.31626,8.52379],[81.31629,8.52375],[81.31632,8.5236],[81.31634,8.52343],[81.31626,8.52327],[81.3162,8.52313],[81.31602,8.52299],[81.31539,8.522],[81.3135,8.51979],[81.31333,8.51877],[81.3135,8.51724],[81.31298,8.51521],[81.31024,8.51351],[81.30595,8.51215],[81.30389,8.51096],[81.30251,8.50943],[81.29925,8.50858],[81.29324,8.50841],[81.29256,8.5074],[81.28947,8.50791],[81.28483,8.50807],[81.28311,8.50723],[81.28054,8.50706],[81.28208,8.50451],[81.28329,8.50094],[81.28397,8.49721],[81.2838,8.49263],[81.2862,8.49127],[81.28728,8.48905],[81.28758,8.488],[81.28793,8.48748],[81.28813,8.48662],[81.28808,8.48536],[81.28792,8.48295],[81.28734,8.4804],[81.28615,8.4778],[81.28524,8.47513],[81.28373,8.47261],[81.2813,8.46938],[81.27991,8.46777],[81.27901,8.46712],[81.27857,8.46687],[81.27853,8.46629],[81.27881,8.46557],[81.27873,8.4652],[81.27804,8.46518],[81.27807,8.46567],[81.2779,8.46591],[81.27734,8.46591],[81.27711,8.46551],[81.27683,8.46518],[81.27568,8.46474],[81.27491,8.46445],[81.27403,8.46425],[81.27229,8.46399],[81.27082,8.46371],[81.26935,8.46367],[81.26637,8.46366],[81.26478,8.4636],[81.26321,8.46341],[81.26161,8.46324],[81.26061,8.46332],[81.25994,8.46342],[81.25957,8.46303],[81.25943,8.46255],[81.25854,8.46261],[81.25854,8.46295],[81.25763,8.46291],[81.25733,8.46252],[81.25678,8.46197],[81.25604,8.46158],[81.25515,8.46116],[81.25443,8.46094],[81.25395,8.46072],[81.25352,8.46032],[81.25234,8.46077],[81.25287,8.46151],[81.25326,8.46172],[81.25337,8.46196],[81.25307,8.46199],[81.25249,8.46196],[81.25197,8.46183],[81.25025,8.46164],[81.24842,8.46154],[81.24494,8.46189],[81.24412,8.46194],[81.24398,8.46176],[81.24398,8.46135],[81.24453,8.46079],[81.24536,8.46018],[81.24577,8.46022],[81.24616,8.46017],[81.24647,8.45995],[81.24674,8.4597],[81.24714,8.45972],[81.24753,8.45988],[81.24793,8.4599],[81.24863,8.45963],[81.24945,8.4596],[81.2493,8.45928],[81.24883,8.45931],[81.24845,8.45934],[81.2481,8.45945],[81.24791,8.45956],[81.24767,8.45959],[81.24748,8.45933],[81.24689,8.45929],[81.24651,8.45944],[81.24612,8.45968],[81.24551,8.45963],[81.2453,8.45956],[81.24462,8.45977],[81.24477,8.45912],[81.24478,8.4587],[81.24501,8.45862],[81.2451,8.45855],[81.24507,8.45838],[81.24483,8.45815],[81.24481,8.45783],[81.2448,8.45765],[81.24498,8.45745],[81.24504,8.45721],[81.24495,8.45695],[81.2449,8.45632],[81.24469,8.4562],[81.24448,8.45691],[81.24437,8.45841],[81.24368,8.45944],[81.24249,8.46013],[81.24219,8.46038],[81.24203,8.46023],[81.24204,8.45995],[81.24218,8.45968],[81.24281,8.45903],[81.24319,8.45872],[81.24339,8.45809],[81.24347,8.45779],[81.24369,8.45765],[81.24373,8.45737],[81.24376,8.45714],[81.24373,8.4568],[81.24371,8.45652],[81.24365,8.45629],[81.24347,8.45612],[81.24329,8.45634],[81.24318,8.4566],[81.24298,8.45669],[81.24291,8.45647],[81.24282,8.45609],[81.24263,8.45609],[81.24263,8.45632],[81.24262,8.45667],[81.24261,8.45699],[81.24242,8.4568],[81.24221,8.45668],[81.24197,8.4565],[81.24198,8.45672],[81.24195,8.45711],[81.24198,8.45746],[81.24226,8.45785],[81.24228,8.45817],[81.24217,8.45833],[81.24186,8.45824],[81.24126,8.45801],[81.24049,8.45817],[81.24022,8.45818],[81.23999,8.45801],[81.23983,8.45764],[81.23947,8.45737],[81.23914,8.45732],[81.23885,8.45715],[81.23882,8.45692],[81.23899,8.45666],[81.23921,8.45646],[81.23929,8.45624],[81.23917,8.45601],[81.23896,8.45588],[81.23888,8.45567],[81.23868,8.45559],[81.23846,8.45545],[81.23825,8.45525],[81.23829,8.45487],[81.2381,8.45446],[81.23782,8.45412],[81.23774,8.45424],[81.23785,8.45445],[81.23794,8.45468],[81.23797,8.45495],[81.23796,8.45516],[81.23793,8.45539],[81.23789,8.45573],[81.23787,8.45598],[81.23786,8.4562],[81.23777,8.45642],[81.23751,8.45672],[81.23738,8.45711],[81.23777,8.4568],[81.23799,8.45663],[81.23808,8.45633],[81.23823,8.45607],[81.23852,8.45597],[81.23872,8.45614],[81.23878,8.45631],[81.23859,8.45663],[81.23838,8.457],[81.2385,8.45731],[81.23873,8.45765],[81.239,8.45783],[81.23941,8.45794],[81.23944,8.45823],[81.23961,8.45857],[81.23988,8.45878],[81.24076,8.45911],[81.24084,8.45962],[81.24082,8.45991],[81.24065,8.46027],[81.24084,8.46055],[81.24085,8.46102],[81.24138,8.46126],[81.24276,8.46086],[81.24332,8.46078],[81.24345,8.46115],[81.24333,8.46141],[81.24328,8.46168],[81.24313,8.46193],[81.24294,8.46199],[81.24263,8.46207],[81.24226,8.46219],[81.24202,8.46222],[81.24178,8.46223],[81.24127,8.46231],[81.24065,8.4624],[81.24036,8.46243],[81.23982,8.46252],[81.23874,8.46257],[81.23817,8.4626],[81.23756,8.46268],[81.23668,8.46287],[81.2361,8.46289],[81.2356,8.46294],[81.23511,8.46318],[81.23427,8.46323],[81.23368,8.46321],[81.23343,8.46322],[81.23309,8.46328],[81.2329,8.46319],[81.23244,8.46319],[81.23214,8.46269],[81.23173,8.4624],[81.23189,8.46205],[81.23179,8.46172],[81.23143,8.46141],[81.23109,8.46105],[81.23109,8.46087],[81.23109,8.4607],[81.23107,8.46031],[81.23101,8.45999],[81.23095,8.45979],[81.23084,8.45968],[81.23048,8.45998],[81.23015,8.46016],[81.23017,8.46033],[81.23004,8.46039],[81.22994,8.46042],[81.22978,8.46047],[81.22953,8.46065],[81.22924,8.4609],[81.22817,8.46159],[81.22748,8.46176],[81.2267,8.46155],[81.22631,8.46135],[81.22496,8.46084],[81.22368,8.4606],[81.22272,8.4607],[81.22009,8.46169],[81.21801,8.46243],[81.21509,8.46381],[81.2129,8.46527],[81.20875,8.4676],[81.2073,8.46793],[81.20637,8.46841],[81.20554,8.46868],[81.20505,8.46896],[81.2044,8.46948],[81.20356,8.46925],[81.20307,8.47024],[81.20249,8.47109],[81.20262,8.47272],[81.20157,8.47341],[81.20034,8.47439],[81.19961,8.47539],[81.19863,8.47662],[81.19757,8.47796],[81.19608,8.48057],[81.19402,8.48574],[81.19253,8.49112],[81.19203,8.49373],[81.19188,8.49555],[81.19203,8.49722],[81.19208,8.49908],[81.19241,8.50082],[81.19239,8.50225],[81.19196,8.50349],[81.19122,8.50487],[81.19107,8.50558],[81.1881,8.50658],[81.18336,8.50784],[81.18094,8.5086],[81.18096,8.50928],[81.17813,8.51194],[81.17737,8.51062],[81.17497,8.5113],[81.17085,8.51368],[81.16913,8.51249],[81.1657,8.51147],[81.16227,8.51096],[81.16106,8.5096],[81.15832,8.50943],[81.15729,8.50757],[81.15454,8.50706],[81.153,8.50604],[81.14973,8.50723],[81.14905,8.50213],[81.14533,8.4969],[81.14561,8.49449],[81.14373,8.49263],[81.14235,8.49246],[81.14149,8.4911],[81.14012,8.49059],[81.13892,8.48855],[81.13755,8.48821],[81.13583,8.48821],[81.13205,8.4911],[81.13119,8.49263],[81.13016,8.49246],[81.12587,8.49619],[81.12244,8.50247],[81.12141,8.50638],[81.12141,8.50858],[81.12381,8.5096],[81.12673,8.51096],[81.12948,8.51147],[81.13394,8.51181],[81.13446,8.513],[81.13549,8.51656],[81.13755,8.51928],[81.14304,8.52284],[81.14602,8.52797],[81.14956,8.53167],[81.14785,8.53371],[81.14905,8.53744],[81.15231,8.53948],[81.15247,8.54088],[81.15308,8.54235],[81.15318,8.54338],[81.15437,8.54457],[81.15492,8.5451],[81.15634,8.54424],[81.15761,8.54477],[81.15858,8.5445],[81.15949,8.54389],[81.15982,8.54358],[81.16003,8.54357],[81.16068,8.54294],[81.16106,8.54248],[81.16109,8.54237],[81.16103,8.54221],[81.16079,8.54217],[81.16067,8.54206],[81.16074,8.54197],[81.16095,8.54195],[81.1611,8.54195],[81.16132,8.54191],[81.16155,8.54169],[81.16233,8.5415],[81.16312,8.5413],[81.16391,8.54101],[81.16471,8.54053],[81.16577,8.53983],[81.16702,8.53889],[81.16868,8.53731],[81.16982,8.53622],[81.17173,8.53398],[81.17154,8.53358],[81.17172,8.53329],[81.17208,8.53344],[81.17271,8.5325],[81.17291,8.53177],[81.17433,8.53165],[81.17518,8.53047],[81.17629,8.52863],[81.17758,8.52595],[81.17757,8.5257],[81.17788,8.52582],[81.17801,8.52618],[81.17853,8.52643],[81.17877,8.52625],[81.17903,8.52651],[81.17989,8.52912],[81.18051,8.53047],[81.1815,8.53226],[81.18029,8.5332],[81.18001,8.53338],[81.17966,8.53411],[81.17974,8.53481],[81.17971,8.53549],[81.17963,8.53598],[81.17979,8.53622],[81.18049,8.53669],[81.18132,8.53718],[81.18192,8.53753],[81.18249,8.53753],[81.18372,8.53677],[81.18681,8.53422],[81.18939,8.53116],[81.1885,8.52986],[81.18826,8.5296],[81.18787,8.52945],[81.18796,8.52878],[81.18752,8.52761],[81.18775,8.52612],[81.18768,8.52516],[81.18595,8.52381],[81.18571,8.52355],[81.18573,8.52216],[81.18576,8.52088],[81.18639,8.52071],[81.18716,8.51673],[81.18578,8.513],[81.18664,8.51232],[81.18801,8.51198],[81.18893,8.51307],[81.18951,8.51332],[81.19018,8.51325],[81.19099,8.5124],[81.19165,8.51055],[81.19226,8.50932],[81.19206,8.50885],[81.19241,8.50857],[81.19419,8.50841],[81.19564,8.50824],[81.1965,8.50771],[81.19711,8.50689],[81.19712,8.50625],[81.19724,8.50587],[81.19782,8.50586],[81.19838,8.50588],[81.19875,8.50587],[81.20098,8.50735],[81.20253,8.50821],[81.20339,8.50815],[81.20383,8.50822],[81.20467,8.50928],[81.20541,8.50978],[81.20656,8.51015],[81.20762,8.50992],[81.20885,8.50949],[81.20949,8.50934],[81.21036,8.50918],[81.21053,8.50852],[81.21119,8.50827],[81.21158,8.50843],[81.21198,8.50864],[81.2128,8.5092],[81.21321,8.50975],[81.2125,8.51013],[81.21147,8.51107],[81.21091,8.51209],[81.21073,8.51235],[81.21067,8.51252],[81.2105,8.5128],[81.20999,8.51385],[81.21012,8.51445],[81.21043,8.51497],[81.21095,8.51598],[81.21092,8.51703],[81.21055,8.51746],[81.21045,8.5175],[81.21033,8.51769],[81.20964,8.51826],[81.20844,8.51809],[81.20741,8.51945],[81.20793,8.52166],[81.20844,8.52301],[81.20913,8.52488],[81.20861,8.5259],[81.20707,8.52522],[81.20552,8.52641],[81.20518,8.52743],[81.21411,8.53116],[81.21067,8.53116],[81.20827,8.53048],[81.20444,8.52954],[81.20382,8.5295],[81.20295,8.52949],[81.20286,8.52938],[81.20224,8.52945],[81.20202,8.52956],[81.20181,8.5296],[81.2015,8.52956],[81.20139,8.52954],[81.20123,8.52956],[81.20109,8.52968],[81.20093,8.52981],[81.20071,8.5301],[81.2006,8.5303],[81.20058,8.53043],[81.20059,8.53059],[81.20059,8.5307],[81.20052,8.53079],[81.20047,8.53093],[81.20051,8.53106],[81.20051,8.53116],[81.20082,8.53119],[81.20088,8.53122],[81.2011,8.53124],[81.20115,8.53177],[81.20099,8.53191],[81.20099,8.53194],[81.20049,8.53236],[81.2004,8.53244],[81.20042,8.53254],[81.20045,8.53264],[81.20051,8.53267],[81.20058,8.53271],[81.20065,8.53265],[81.20072,8.53268],[81.20077,8.53273],[81.20085,8.53276],[81.20089,8.53284],[81.20082,8.53283],[81.20075,8.5328],[81.20063,8.53277],[81.2006,8.53283],[81.2005,8.53282],[81.20051,8.53278],[81.20048,8.53277],[81.20043,8.53282],[81.20038,8.53293],[81.2004,8.53348],[81.20049,8.5338],[81.20062,8.53401],[81.20076,8.5341],[81.20088,8.53409],[81.20097,8.53423],[81.20095,8.53438],[81.20101,8.53453],[81.20125,8.53493],[81.20149,8.53512],[81.20176,8.53525],[81.20208,8.53529],[81.20234,8.53527],[81.20257,8.53516],[81.20263,8.53508],[81.20265,8.53497],[81.20274,8.53492],[81.20279,8.53493],[81.20284,8.53488],[81.20307,8.53474],[81.20323,8.53471],[81.20335,8.53467],[81.20352,8.53452],[81.20364,8.53447],[81.20355,8.53435],[81.20357,8.53434],[81.20359,8.53437],[81.20367,8.53436],[81.2038,8.53438],[81.20391,8.53428],[81.20397,8.5342],[81.20394,8.53406],[81.20393,8.53392],[81.20399,8.53385],[81.20412,8.53385],[81.2043,8.53397],[81.20445,8.53415],[81.20449,8.53439],[81.20457,8.53458],[81.20471,8.53485],[81.20474,8.53488],[81.20485,8.53493],[81.20496,8.535],[81.20512,8.53508],[81.20526,8.53526],[81.20542,8.53535],[81.20547,8.53553],[81.20539,8.53576],[81.20506,8.53606],[81.20488,8.53628],[81.20465,8.5366],[81.20455,8.53687],[81.2045,8.53715],[81.20451,8.5373],[81.20447,8.53741],[81.20438,8.53758],[81.20433,8.53765],[81.20409,8.53775],[81.20397,8.53785],[81.20382,8.53781],[81.20367,8.53786],[81.20359,8.53793],[81.20343,8.53812],[81.20332,8.53812],[81.20316,8.53822],[81.20286,8.5385],[81.20266,8.53878],[81.20242,8.5391],[81.20211,8.53941],[81.20198,8.53945],[81.20188,8.53946],[81.20177,8.53948],[81.20161,8.53941],[81.20156,8.53935],[81.20158,8.53922],[81.20168,8.53891],[81.2017,8.53854],[81.20164,8.53822],[81.20155,8.53773],[81.20144,8.53736],[81.20137,8.53711],[81.20124,8.53698],[81.20098,8.53688],[81.20081,8.53688],[81.20065,8.53696],[81.20053,8.53713],[81.20048,8.53732],[81.20035,8.53757],[81.2003,8.53759],[81.20017,8.53755],[81.2,8.5374],[81.19982,8.53732],[81.19952,8.53728],[81.19906,8.53728],[81.1992,8.53784],[81.19896,8.53792],[81.19863,8.53816],[81.19862,8.53817],[81.19861,8.53848],[81.19856,8.53894],[81.1986,8.53938],[81.19863,8.53945],[81.19866,8.53953],[81.19874,8.53945],[81.19887,8.53951],[81.19883,8.53959],[81.19876,8.53966],[81.19878,8.53982],[81.19884,8.53998],[81.19897,8.54009],[81.19905,8.54024],[81.19909,8.54036],[81.19908,8.54046],[81.199,8.5405],[81.19894,8.54058],[81.19892,8.54067],[81.19896,8.54079],[81.19906,8.54103],[81.19921,8.54128],[81.1994,8.54145],[81.19962,8.54154],[81.19982,8.54163],[81.20003,8.54165],[81.20026,8.54163],[81.20059,8.54158],[81.20079,8.54151],[81.20075,8.54133],[81.20083,8.54136],[81.20093,8.54136],[81.20106,8.54135],[81.20129,8.54098],[81.20156,8.54072],[81.20198,8.54066],[81.20223,8.54092],[81.20256,8.54123],[81.20284,8.5415],[81.20294,8.54199],[81.20292,8.5425],[81.20262,8.54286],[81.20176,8.54327],[81.20128,8.54356],[81.20077,8.54368],[81.20038,8.54392],[81.19971,8.5446],[81.19942,8.54498],[81.19931,8.54533],[81.19913,8.54556],[81.19891,8.54562],[81.19866,8.54569],[81.19863,8.54568],[81.1985,8.54561],[81.19852,8.54531],[81.19837,8.54505],[81.19818,8.54485],[81.19814,8.54457],[81.19797,8.54451],[81.1978,8.54423],[81.19733,8.54426],[81.19684,8.54421],[81.19661,8.54434],[81.19645,8.54437],[81.19639,8.54429],[81.19598,8.5444],[81.19435,8.54374],[81.19407,8.5439],[81.19382,8.54386],[81.19286,8.5436],[81.19248,8.54339],[81.19217,8.54366],[81.19189,8.54394],[81.19172,8.54429],[81.19172,8.54549],[81.19217,8.54577],[81.1924,8.546],[81.19269,8.54617],[81.19301,8.54601],[81.19301,8.54588],[81.19318,8.54578],[81.19355,8.54583],[81.19368,8.54572],[81.19394,8.54586],[81.19409,8.54608],[81.19378,8.54623],[81.19354,8.54636],[81.19368,8.54673],[81.19392,8.54684],[81.19388,8.54725],[81.19365,8.54758],[81.19348,8.5482],[81.19358,8.54877],[81.19405,8.54913],[81.19458,8.54943],[81.19483,8.54948],[81.19519,8.54981],[81.19621,8.5503],[81.19737,8.55088],[81.19763,8.55125],[81.19839,8.5516],[81.19863,8.55169],[81.19935,8.55197],[81.19976,8.55222],[81.20032,8.55243],[81.2007,8.55243],[81.20087,8.55235],[81.20124,8.55236],[81.20178,8.55248],[81.20206,8.55256],[81.20415,8.55272],[81.20618,8.55482],[81.20601,8.55584],[81.20542,8.55616],[81.2038,8.55538],[81.20183,8.555],[81.20065,8.55516],[81.19883,8.55457],[81.19814,8.55436],[81.19729,8.55517],[81.1962,8.55527],[81.19482,8.55438],[81.19298,8.55372],[81.19181,8.55653],[81.19385,8.55815],[81.19402,8.5593],[81.19282,8.55951],[81.19158,8.56103],[81.19127,8.56207],[81.19163,8.56285],[81.19233,8.56321],[81.19322,8.56311],[81.19568,8.56504],[81.19596,8.566],[81.1965,8.56611],[81.19867,8.56313],[81.19795,8.5625],[81.19843,8.56181],[81.19883,8.56211],[81.20029,8.56321],[81.19981,8.56389],[81.19899,8.56335],[81.19883,8.56356],[81.19688,8.56608],[81.19696,8.56639],[81.19716,8.56655],[81.19746,8.56659],[81.19751,8.56672],[81.19742,8.56689],[81.19746,8.5671],[81.19742,8.56731],[81.19762,8.56766],[81.19784,8.56785],[81.19831,8.56797],[81.19863,8.56837],[81.19869,8.56845],[81.1987,8.56865],[81.19883,8.5689],[81.19895,8.56913],[81.19911,8.56971],[81.19868,8.56962],[81.19849,8.56958],[81.19826,8.56939],[81.19804,8.56923],[81.19772,8.56942],[81.19653,8.56936],[81.19635,8.56931],[81.19487,8.56923],[81.19486,8.56912],[81.19462,8.56889],[81.19429,8.56881],[81.19417,8.56878],[81.19416,8.56868],[81.19405,8.56867],[81.19393,8.56876],[81.19327,8.56862],[81.19326,8.56867],[81.19302,8.56896],[81.19299,8.56989],[81.19252,8.57119],[81.1924,8.57129],[81.19233,8.57152],[81.1924,8.57162],[81.19235,8.57193],[81.19251,8.5721],[81.19256,8.57251],[81.19275,8.57258],[81.19313,8.57286],[81.19336,8.57363],[81.1937,8.57387],[81.19434,8.57405],[81.1949,8.57409],[81.1954,8.57415],[81.19568,8.57393],[81.1957,8.5737],[81.19619,8.57367],[81.19628,8.57358],[81.19638,8.57356],[81.19655,8.57366],[81.19693,8.57363],[81.1971,8.57348],[81.19725,8.57344],[81.19741,8.57336],[81.19758,8.57324],[81.19761,8.57316],[81.19762,8.57311],[81.1977,8.57309],[81.19786,8.57297],[81.19791,8.57294],[81.198,8.57295],[81.19806,8.57301],[81.19823,8.57304],[81.19829,8.57311],[81.19818,8.57321],[81.19828,8.57334],[81.1984,8.5733],[81.19857,8.57321],[81.19863,8.57316],[81.19868,8.57312],[81.19876,8.57313],[81.19877,8.57321],[81.19844,8.57349],[81.1985,8.57361],[81.19827,8.57382],[81.19837,8.57404],[81.19839,8.5743],[81.19858,8.57475],[81.19863,8.57477],[81.1987,8.57481],[81.19868,8.57489],[81.19863,8.57501],[81.19853,8.575],[81.19825,8.57565],[81.19827,8.57753],[81.19863,8.57791],[81.19881,8.57811],[81.19883,8.57812],[81.19904,8.57835],[81.20029,8.57906],[81.20117,8.57789],[81.20072,8.57624],[81.20083,8.57592],[81.20103,8.57563],[81.20123,8.57548],[81.20141,8.57526],[81.20169,8.5754],[81.20173,8.57557],[81.20194,8.57566],[81.20211,8.57572],[81.20225,8.57587],[81.20266,8.57632],[81.20325,8.57663],[81.20397,8.57634],[81.20458,8.57554],[81.20456,8.5751],[81.2043,8.57464],[81.20372,8.57426],[81.20364,8.57411],[81.20324,8.57325],[81.20316,8.57313],[81.20316,8.57304],[81.20333,8.57306],[81.2034,8.57304],[81.20349,8.57308],[81.20354,8.57313],[81.20362,8.57307],[81.20367,8.57312],[81.20367,8.57317],[81.20383,8.57323],[81.20402,8.57326],[81.20412,8.57335],[81.20412,8.5734],[81.20452,8.57358],[81.2048,8.57335],[81.20501,8.57309],[81.20508,8.57284],[81.20482,8.57228],[81.20456,8.57215],[81.20428,8.57184],[81.20428,8.5715],[81.20403,8.57114],[81.2027,8.56897],[81.20269,8.56875],[81.20247,8.56838],[81.20248,8.56814],[81.20292,8.56817],[81.2032,8.56834],[81.20354,8.56837],[81.20388,8.56874],[81.20432,8.56899],[81.20471,8.56934],[81.20514,8.56967],[81.20562,8.5699],[81.20582,8.56999],[81.2059,8.57034],[81.20633,8.57066],[81.20666,8.57065],[81.21078,8.57525],[81.21121,8.57576],[81.21232,8.5771],[81.2127,8.57757],[81.21299,8.57792],[81.21328,8.57827],[81.21471,8.57999],[81.21478,8.58008],[81.21506,8.58046],[81.21577,8.58142],[81.21608,8.58184],[81.21667,8.58239],[81.21736,8.58299],[81.21775,8.58334],[81.21791,8.58345],[81.21831,8.58371],[81.2186,8.58396],[81.21901,8.58413],[81.21939,8.58415],[81.21967,8.58412],[81.21981,8.58411],[81.2199,8.58418],[81.21999,8.58414],[81.22,8.584],[81.22041,8.5837],[81.2217,8.58208],[81.22181,8.58177],[81.22182,8.58157],[81.22117,8.58085],[81.22049,8.58037],[81.22037,8.58013],[81.219,8.57873],[81.21877,8.57836],[81.21847,8.57784],[81.2178,8.57723],[81.21762,8.57692],[81.21741,8.57669],[81.2172,8.57661],[81.2169,8.57647],[81.21668,8.57608],[81.21649,8.57589],[81.21631,8.57555],[81.21578,8.57491],[81.21519,8.57416],[81.2147,8.57377],[81.2143,8.57356],[81.21402,8.57357],[81.21362,8.57368],[81.2134,8.57367],[81.21318,8.57357],[81.21297,8.57344],[81.2128,8.57318],[81.21252,8.57301],[81.21187,8.57258],[81.2117,8.57259],[81.21149,8.57248],[81.21117,8.57201],[81.21085,8.57185],[81.21067,8.57143],[81.21024,8.57094],[81.21072,8.57057],[81.21103,8.57006],[81.21104,8.56945],[81.21049,8.56906],[81.20974,8.56854],[81.20948,8.56791],[81.20921,8.5675],[81.20827,8.56674],[81.20772,8.56611],[81.20739,8.56547],[81.20746,8.56532],[81.20769,8.56536],[81.20793,8.56549],[81.20828,8.56553],[81.20844,8.56536],[81.209,8.56546],[81.20936,8.56586],[81.20971,8.56638],[81.2101,8.5667],[81.21054,8.56682],[81.21095,8.56672],[81.21132,8.56666],[81.2115,8.56675],[81.21223,8.56726],[81.21247,8.5676],[81.21256,8.56805],[81.21245,8.56843],[81.21263,8.56869],[81.21297,8.56882],[81.2131,8.56882],[81.21315,8.56879],[81.21313,8.5687],[81.21317,8.56866],[81.21324,8.56867],[81.2133,8.56868],[81.21332,8.56873],[81.21328,8.56879],[81.21324,8.56881],[81.21328,8.56889],[81.21343,8.56892],[81.21357,8.56891],[81.21394,8.56875],[81.21426,8.56865],[81.21468,8.56863],[81.21502,8.56869],[81.21561,8.56888],[81.21683,8.56946],[81.21755,8.5702],[81.2186,8.57122],[81.21863,8.57133],[81.2198,8.57243],[81.22052,8.57308],[81.22322,8.57568],[81.22435,8.57586],[81.22524,8.57556],[81.22637,8.57471],[81.22767,8.57351],[81.2291,8.57075],[81.22938,8.56834],[81.23076,8.56783],[81.23357,8.56447],[81.2346,8.56124],[81.23265,8.55985],[81.23127,8.55748],[81.23122,8.55527],[81.22784,8.55204],[81.22784,8.55086],[81.22714,8.54943],[81.22594,8.54913],[81.2251,8.54844],[81.22475,8.54883],[81.22476,8.54844],[81.22491,8.54765],[81.22373,8.5465],[81.22183,8.5444],[81.22164,8.54291],[81.22235,8.54288],[81.2227,8.5433],[81.22492,8.54373],[81.22815,8.54563],[81.22926,8.54644],[81.23051,8.54688],[81.23209,8.54758],[81.23267,8.54661],[81.23259,8.54586],[81.23209,8.54559],[81.22971,8.5444],[81.22973,8.54356],[81.22664,8.53948],[81.22746,8.53651],[81.22733,8.53572],[81.22821,8.53602],[81.22995,8.53572],[81.23089,8.53588],[81.23216,8.53606],[81.23252,8.53663],[81.23263,8.53795],[81.23334,8.53888],[81.23593,8.54032],[81.23722,8.54132],[81.2398,8.54342],[81.24215,8.54444],[81.24362,8.54467],[81.24424,8.54434],[81.24482,8.54437],[81.24593,8.54629],[81.24625,8.54788],[81.2463,8.54847],[81.24626,8.54902],[81.24499,8.54982],[81.24473,8.55058],[81.24572,8.55197],[81.24604,8.55276],[81.245,8.55354],[81.24478,8.55431],[81.24425,8.55484],[81.24435,8.55628],[81.24435,8.55685],[81.24475,8.55719],[81.24608,8.55908],[81.24685,8.55988],[81.24604,8.55978],[81.24473,8.56016],[81.24404,8.56015],[81.24323,8.56108],[81.24269,8.56229],[81.24272,8.56309],[81.24304,8.56358],[81.24341,8.56397],[81.24378,8.56473],[81.24299,8.56499],[81.24255,8.56524],[81.24205,8.56526],[81.24117,8.56477],[81.24013,8.56531],[81.23968,8.56647],[81.23889,8.56939],[81.23877,8.5701],[81.2388,8.57122],[81.23901,8.57229],[81.23941,8.57304],[81.23984,8.57345],[81.23992,8.57365],[81.24001,8.574],[81.24021,8.57435],[81.24041,8.57449],[81.24113,8.57492],[81.24167,8.57516],[81.24206,8.57512],[81.2421,8.57513],[81.24241,8.57518],[81.24268,8.57522],[81.24299,8.57531],[81.24336,8.5754],[81.24361,8.57548],[81.24381,8.57559],[81.244,8.57561],[81.24404,8.57555],[81.24437,8.57545],[81.24444,8.57551],[81.24449,8.57567],[81.24452,8.5758],[81.2445,8.57591],[81.24457,8.57593],[81.24462,8.57593],[81.24464,8.57584],[81.2447,8.57572],[81.24488,8.57579],[81.24498,8.57589],[81.24503,8.57606],[81.24517,8.57621],[81.2454,8.57663],[81.24524,8.57672],[81.24523,8.57677],[81.24517,8.57693],[81.24524,8.57693],[81.24535,8.57696],[81.24546,8.57696],[81.24561,8.57715],[81.24562,8.57723],[81.24552,8.57726],[81.24549,8.57731],[81.24553,8.57733],[81.24562,8.57744],[81.24557,8.57752],[81.24551,8.57752],[81.24541,8.57749],[81.2455,8.57761],[81.24543,8.57765],[81.24555,8.57773],[81.2456,8.5778],[81.24559,8.57791],[81.24552,8.57797],[81.24547,8.57793],[81.24539,8.578],[81.24543,8.57812],[81.24534,8.57815],[81.24525,8.57823],[81.24519,8.57826],[81.24512,8.57824],[81.24511,8.57829],[81.24528,8.5785],[81.24525,8.57855],[81.24527,8.57859],[81.2452,8.57864],[81.24528,8.57876],[81.24527,8.5788],[81.24523,8.57881],[81.24519,8.57885],[81.24509,8.57885],[81.24514,8.57888],[81.24519,8.57893],[81.24523,8.57901],[81.2452,8.57906],[81.24513,8.57906],[81.24511,8.57902],[81.24507,8.57908],[81.24499,8.57912],[81.24489,8.57913],[81.24492,8.5792],[81.24506,8.57918],[81.24518,8.57924],[81.24535,8.57939],[81.2453,8.57946],[81.24533,8.57949],[81.24533,8.57954],[81.24542,8.57961],[81.24545,8.57958],[81.24545,8.57954],[81.24553,8.5795],[81.24559,8.57958],[81.24557,8.57965],[81.2455,8.57962],[81.24548,8.57966],[81.2456,8.5798],[81.24553,8.57989],[81.24548,8.57987],[81.24545,8.5799],[81.24545,8.57997],[81.2455,8.58008],[81.24545,8.58018],[81.2455,8.58029],[81.24555,8.58034],[81.24561,8.58036],[81.24567,8.58037],[81.2457,8.58044],[81.24566,8.5805],[81.24548,8.5807],[81.2455,8.58072],[81.24556,8.58082],[81.24561,8.58083],[81.24564,8.58078],[81.24568,8.58077],[81.24573,8.58083],[81.24571,8.58089],[81.24566,8.58089],[81.24556,8.58089],[81.24564,8.581],[81.24562,8.58104],[81.24567,8.58111],[81.24564,8.58116],[81.24573,8.58126],[81.24572,8.58133],[81.2458,8.58144],[81.24581,8.58166],[81.24565,8.58183],[81.24576,8.58202],[81.24573,8.5821],[81.24594,8.58247],[81.24596,8.58258],[81.2459,8.58272],[81.24571,8.58291],[81.24551,8.58315],[81.24529,8.58324],[81.2451,8.58329],[81.24503,8.58322],[81.24496,8.5832],[81.24488,8.5831],[81.24478,8.58306],[81.24474,8.58301],[81.24472,8.58292],[81.24476,8.58294],[81.2448,8.58291],[81.24473,8.58282],[81.24468,8.58262],[81.24457,8.58255],[81.24448,8.58253],[81.24438,8.5824],[81.24428,8.58227],[81.24418,8.5821],[81.24414,8.58213],[81.24407,8.58197],[81.2441,8.58185],[81.24406,8.58179],[81.244,8.58182],[81.24396,8.5818],[81.24394,8.58174],[81.24389,8.58161],[81.24376,8.58164],[81.24372,8.5816],[81.2437,8.58144],[81.24372,8.58125],[81.24354,8.58096],[81.24344,8.58073],[81.24337,8.58044],[81.24337,8.58021],[81.24339,8.58001],[81.24334,8.57991],[81.24326,8.57982],[81.2431,8.57968],[81.24294,8.57957],[81.24293,8.5795],[81.24289,8.57944],[81.24272,8.57939],[81.24269,8.57931],[81.2426,8.57918],[81.24263,8.57913],[81.24245,8.57898],[81.2423,8.57887],[81.24222,8.57877],[81.24217,8.57868],[81.24216,8.57858],[81.24213,8.57847],[81.24216,8.57841],[81.24216,8.57834],[81.24211,8.57823],[81.24204,8.5782],[81.24206,8.57813],[81.24195,8.57798],[81.24194,8.57786],[81.24191,8.57784],[81.24188,8.57774],[81.24186,8.57769],[81.24179,8.57763],[81.24175,8.57763],[81.24166,8.57757],[81.24165,8.57752],[81.24163,8.57753],[81.24158,8.57751],[81.2415,8.5774],[81.24149,8.57737],[81.24134,8.57726],[81.24125,8.57715],[81.24121,8.5771],[81.24114,8.57707],[81.24109,8.57704],[81.24104,8.57694],[81.24097,8.57688],[81.24096,8.57683],[81.24086,8.57665],[81.24071,8.57647],[81.24067,8.57649],[81.24061,8.57647],[81.24054,8.57634],[81.24046,8.57628],[81.24027,8.57636],[81.23989,8.57641],[81.23857,8.57666],[81.23756,8.57701],[81.23662,8.57749],[81.23498,8.5784],[81.23407,8.57919],[81.2335,8.57971],[81.23282,8.58039],[81.23154,8.58181],[81.23057,8.58311],[81.23,8.58401],[81.22951,8.58503],[81.22924,8.58574],[81.22916,8.58663],[81.22883,8.58664],[81.22868,8.58676],[81.22831,8.5871],[81.22773,8.58785],[81.22683,8.58946],[81.22574,8.59146],[81.22473,8.59379],[81.22333,8.5975],[81.22249,8.59997],[81.22155,8.60276],[81.2209,8.60506],[81.22028,8.60745],[81.21986,8.60973],[81.21956,8.61123],[81.21952,8.61163],[81.21931,8.61365],[81.21926,8.61639],[81.21939,8.61958],[81.21956,8.62033],[81.2201,8.62114],[81.2203,8.62118],[81.22035,8.62108],[81.22057,8.62107],[81.22075,8.62122],[81.2206,8.62144],[81.22068,8.6216],[81.22077,8.622],[81.22083,8.62236],[81.22101,8.62275],[81.22138,8.62315],[81.2217,8.62339],[81.22218,8.62364],[81.22241,8.62375],[81.22273,8.62394],[81.22326,8.62432],[81.2238,8.62479],[81.22437,8.6256],[81.22535,8.62719],[81.22548,8.62743],[81.22559,8.62766],[81.22573,8.62782],[81.22586,8.62789],[81.22598,8.62793],[81.22608,8.62792],[81.22624,8.62776],[81.22632,8.62769],[81.22641,8.62772],[81.22651,8.62785],[81.22671,8.62818],[81.22686,8.62846],[81.2268,8.62861],[81.22693,8.62871],[81.22693,8.62889],[81.22672,8.62919],[81.22665,8.62959],[81.22639,8.63013],[81.2262,8.63029],[81.22608,8.63062],[81.22603,8.63103],[81.22585,8.63143],[81.22582,8.63167],[81.22571,8.63227],[81.22527,8.63295],[81.22452,8.63404],[81.22369,8.63609],[81.22328,8.63858],[81.22325,8.63951],[81.22321,8.642],[81.2235,8.6434],[81.22381,8.6441],[81.22439,8.64458],[81.22509,8.6454],[81.22581,8.64766],[81.22594,8.64935],[81.22591,8.64987],[81.22587,8.65131],[81.22574,8.65218],[81.22546,8.65322],[81.22503,8.65424],[81.22461,8.65515],[81.22389,8.65592],[81.22332,8.65716],[81.22274,8.65784],[81.22175,8.65842],[81.22086,8.65912],[81.22046,8.65999],[81.22,8.66027],[81.21905,8.66054],[81.21851,8.66075],[81.21685,8.66118],[81.21514,8.66593],[81.21428,8.66593],[81.21016,8.66915],[81.20518,8.67543],[81.2002,8.68426],[81.19341,8.69774],[81.1887,8.70954],[81.18475,8.71497],[81.18178,8.71933],[81.17897,8.72398],[81.17755,8.72682],[81.17613,8.73106],[81.17606,8.73379],[81.1752,8.73359],[81.17446,8.7339],[81.17223,8.73492],[81.17142,8.73519],[81.16942,8.73649],[81.16628,8.73908],[81.16401,8.74154],[81.16081,8.74508],[81.15609,8.75094],[81.153,8.7562],[81.14939,8.76282],[81.1475,8.76655],[81.14836,8.76774],[81.1463,8.76655],[81.14304,8.7674],[81.13497,8.77486],[81.12604,8.78572],[81.1221,8.79081],[81.12055,8.79047],[81.11695,8.7959],[81.10407,8.81592],[81.10201,8.82067],[81.09995,8.82084],[81.09738,8.82542],[81.09257,8.8339],[81.09017,8.84085],[81.09034,8.84509],[81.09051,8.84696],[81.08862,8.85171],[81.08639,8.85239],[81.08485,8.85476],[81.08499,8.85662],[81.08502,8.85697],[81.08588,8.86053],[81.08416,8.85883],[81.08141,8.85883],[81.07884,8.86104],[81.07815,8.86222],[81.07987,8.86579],[81.08021,8.86782],[81.07918,8.86833],[81.07472,8.86205],[81.07317,8.86053],[81.06991,8.86019],[81.07008,8.85815],[81.06785,8.8573],[81.06373,8.85883],[81.05721,8.8629],[81.0476,8.8724],[81.04021,8.8802],[81.03009,8.89207],[81.02253,8.90581],[81.01755,8.91717],[81.01601,8.91751],[81.01549,8.92006],[81.01292,8.92735],[81.01292,8.92871],[81.01137,8.92938],[81.00966,8.9321],[81.00743,8.93752],[81.00434,8.93549],[81.00279,8.93583],[81.00039,8.93871],[80.99661,8.94193],[80.98992,8.95262],[80.98648,8.95872],[80.98185,8.96398],[80.97721,8.96957],[80.97069,8.97975],[80.96846,8.98331],[80.96588,8.98483],[80.96279,8.98195],[80.95988,8.97652],[80.95919,8.9711],[80.96176,8.9655],[80.96503,8.95855],[80.96503,8.95346],[80.96331,8.94956],[80.95816,8.9477],[80.9561,8.94889],[80.95353,8.9516],[80.94443,8.94448],[80.94305,8.9438],[80.94014,8.94159],[80.93996,8.93973],[80.94271,8.93973],[80.94563,8.94024],[80.94717,8.93803],[80.94717,8.93498],[80.94529,8.93057],[80.94099,8.9282],[80.93722,8.92888],[80.93602,8.93176],[80.93481,8.93176],[80.93293,8.93311],[80.93293,8.93379],[80.93207,8.93396],[80.93207,8.93532],[80.93172,8.93634],[80.93155,8.93735],[80.93001,8.93685],[80.92829,8.93583],[80.92829,8.93328],[80.92743,8.93057],[80.92572,8.92904],[80.92486,8.92871],[80.92348,8.93057],[80.92331,8.93261],[80.92297,8.9343],[80.92177,8.93464],[80.92194,8.93617],[80.9228,8.93735],[80.92022,8.93685],[80.91833,8.93566],[80.91713,8.93566],[80.91559,8.93566],[80.91542,8.93718],[80.91524,8.93888],[80.91387,8.93718],[80.91284,8.93905],[80.91301,8.94075],[80.91301,8.94278],[80.91301,8.94482],[80.91198,8.94736],[80.91164,8.94922],[80.91164,8.95109],[80.91027,8.95024],[80.90924,8.94922],[80.90735,8.94804],[80.90529,8.94804],[80.90666,8.95075],[80.90718,8.95295],[80.90735,8.95448],[80.90992,8.95669],[80.90821,8.9594],[80.90666,8.96008],[80.90529,8.96126],[80.90563,8.96262],[80.90683,8.96296],[80.9058,8.96449],[80.9058,8.96635],[80.90615,8.96822],[80.90906,8.96889],[80.91078,8.97059],[80.9125,8.96957],[80.91353,8.96737],[80.91387,8.96669],[80.9149,8.96669],[80.91593,8.96754],[80.91782,8.96771],[80.92039,8.96788],[80.92366,8.96601],[80.9252,8.96482],[80.9264,8.96398],[80.92949,8.96839],[80.93069,8.9711],[80.92743,8.97008],[80.92451,8.97042],[80.92211,8.97229],[80.91971,8.97381],[80.91799,8.97517],[80.91662,8.97703],[80.91627,8.97856],[80.91799,8.98008],[80.92022,8.98195],[80.92142,8.9828],[80.92314,8.98415],[80.92469,8.98653],[80.92675,8.98856],[80.92743,8.99043],[80.92743,8.99178],[80.92689,8.99208],[80.92636,8.9914],[80.92486,8.99049],[80.92235,8.98987],[80.92026,8.98629],[80.9172,8.98464],[80.91379,8.98499],[80.91128,8.98622],[80.90905,8.98533],[80.90752,8.98643],[80.90606,8.98457],[80.90181,8.98486],[80.90083,8.98327],[80.90216,8.981],[80.90013,8.97875],[80.89861,8.98095],[80.89624,8.98045],[80.89638,8.98148],[80.89394,8.9812],[80.88955,8.9812],[80.88775,8.97854],[80.88711,8.97288],[80.88306,8.96924],[80.87416,8.96841],[80.8732,8.96729],[80.87389,8.96495],[80.87394,8.96425],[80.87343,8.96376],[80.87187,8.96364],[80.86917,8.9623],[80.86971,8.95953],[80.86454,8.95855],[80.85993,8.95788],[80.85659,8.95953],[80.85471,8.95863],[80.84956,8.96118],[80.84183,8.96016],[80.83344,8.96046],[80.82908,8.95843],[80.82762,8.95547],[80.82158,8.95523],[80.80851,8.95229],[80.80346,8.95217],[80.79963,8.94948],[80.79531,8.94873],[80.7896,8.95003],[80.78202,8.94684],[80.77546,8.94673],[80.77212,8.94474],[80.77128,8.9412],[80.76968,8.93991],[80.76806,8.93957],[80.76722,8.93796],[80.76581,8.93696]]]}}]}